1,【倉木】 【可愛いく】 【live】 
2,【何回】 【同じ】 【新しい】 
3,【無効】 【広告】 【嫌い】 
4,
5,【しまう】 【途中】 【有る】 
6,【分かり】 【わから】 
7,【発生】 【エラー】 
8,
9,【修整】 【本人】 【コメント】 
10,【短い】 【時間】 【再生】 
11,【出来】 【動画】 【投稿】 
12,【停まっ】 【途中】 【動画】 
13,【見せよう】 【くる】 【出し】 
14,【有る】 
15,【小室】 【流れ】 【動画】 
16,【なんと】 【時間】 【社会】 
17,【何度】 【ビデオ】 【オススメ】 
18,【くる】 【絡み】 
19,【つまら】 【酷い】 【終了】 
20,【通報】 【ボタン】 【設置】 
21,
22,【薄い】 【興味】 【タイトル】 
23,【ない】 【くる】 【すすめ】 
24,【本人】 【チャンネル】 【登録】 
25,【返信】 【早急】 【書か】 
26,【てぇ】 
27,【無い】 【結果】 【止め】 
28,【釣る】 【やめ】 【タイトル】 
29,【まくる】 【触り】 【博識】 
30,【可能性】 【あり】 【名誉】 
31,【肖像権】 【著作権】 【無法地帯】 
32,【有っ】 【録画】 【出来】 
33,【有料】 【入ら】 
34,【通信料】 【かかる】 
35,【週間】 【変更】 【停止】 
36,【対応】 【報告】 
37,【zip】 【植え付け】 【いう】 
38,【読み込め】 
39,【通報】 【発言】 【差別】 
40,【見当たら】 【コメント】 【入れる】 
41,【内容】 【違う】 【タイトル】 
42,【発生】 【問題】 【落ちる】 
43,【広告】 【なっ】 【再生】 
44,【内容】 【残酷】 
45,【使え】 
46,【見知る】 【動画】 【よう】 
47,【無礼】 【コメント】 【多い】 
48,【有れ】 【良い】 【カレンダー】 
49,【ログイン】 【トップバズ】 
50,【量大】 【広告】 【新しい】 
51,【表示】 【エラー】 【ネットワーク】 
52,
53,【面白い】 【無い】 【ホント】 
54,
55,【tiktok】 【識別番号】 【google】 
56,【アプリ】 【cpu】 【凄く】 
57,【バカメデア】 【真実】 【メディア】 
58,【分位】 【見せ】 【内容】 
59,【関連】 【韓国】 【過ぎ】 
60,【ビデオ】 【映画】 【関連】 
61,【説明】 【願い】 【利用】 
62,【多く】 【全て】 【途中】 
63,【おすすめ】 【ライブ】 【くる】 
64,【本音】 【聴け】 【いい】 
65,【コマーシャル】 【過ぎる】 
66,【悲しい】 【酷い】 【やめ】 
67,
68,【通報】 【返答】 
69,【タイトル】 【酷い】 【あまり】 
70,【広告】 【検索】 【くる】 
71,
72,【無くなれ】 【早く】 
73,【削除】 【アカウント】 【動画】 
74,【目立ち】 【動画】 【ブス】 
75,【助かる】 【検索】 【時間】 
76,【何度】 【ない】 【興味】 
77,
78,【動作】 【重い】 
79,
80,【内容】 【タイトル】 【一致】 
81,【通報】 【対応】 
82,【釣り】 【タイトル】 【対応】 
83,【対応】 【過ぎ】 
84,【見返す】 【コメント】 【自分】 
85,【タイトル】 【ない】 【面白】 
86,【ない】 【トラブル】 【良く】 
87,【おすすめ】 【くる】 【通知】 
88,【増やし】 【芸術】 【文化】 
89,
90,【excel】 【word】 【プログラミング】 
91,【下ら】 【ない】 【パクっ】 
92,【うるさい】 【やめ】 【広告】 
93,【著作権】 【侵害】 【対応】 
94,【バー】 【検索】 【無くなり】 
95,【疑問】 【採っ】 
96,
97,【止め】 
98,【ガンガン】 【はず】 【来る】 
99,【転載】 【多い】 
100,【ずれ】 【論点】 
101,【ガセネタ】 【パクリネタ】 【多い】 
102,【釣り】 【嘘っぱち】 【推し】 
103,【バグ】 【悪い】 【多い】 
104,【終い】 【終了】 【間際】 
105,【レビュー】 【消さ】 【入れ】 
106,
107,【見れ】 
108,【懐かしい】 【お願い】 【動画】 
109,【同じ】 【アップ】 【嫌い】 
110,【live】 【コメント】 【反映】 
111,【一報】 【警察】 【入れ】 
112,【通報】 【あり】 【悪質】 
113,【ノイズ】 【最中】 【動画】 
114,【使い方】 【分から】 【いまいち】 
115,【おかしな】 【広告】 【なっ】 
116,【あざとい】 【欲求】 【オススメ】 
117,【しまう】 【あり】 【役立つ】 
118,【個体識別番号】 【直せ】 【登録】 
119,【転載】 【無断】 【転用】 
120,【減っ】 【くれ】 【通報】 
121,【クレーム】 【いれ】 【無視】 
122,【あり】 【悪い】 【面白い】 
123,【同じ】 【内容】 
124,【連絡橋】 【駅舎】 【古い】 
125,【マジ】 【大変】 【ブロック】 
126,【画面】 
127,【週明け】 【なり】 【出来】 
128,【忍ばせ】 【リスト】 【広告】 
129,【広告】 【何度】 【表示】 
130,【くれ】 【あざとい】 【止め】 
131,【個人情報】 【送り込ん】 【コピー】 
132,
133,【画面】 【戻り】 
134,【流れ】 【くる】 【動画】 
135,【出る】 【話し】 【増やし】 
136,【異様】 【広告】 【宣伝】 
137,【コメント】 【批判】 【くる】 
138,【見れる】 【すりゃ】 【システム】 
139,【運営】 【ユーザー】 【聞か】 
140,【タイトル】 【炎上】 【狙い】 
141,【大音量】 【cm】 【流れる】 
142,【返信】 【購入】 【始末】 
143,【個人情報】 【buzz】 【デバイス】 
144,【願い】 【改善】 
145,【減ら】 【ひと】 【減らす】 
146,【なく】 【何度】 【通報】 
