1,【お店】 【割引】 【非常】 
2,【10万】 【5万】 【以上】 
3,【クーポン】 【適用】 
4,【検索】 【判ら】 
5,【なっ】 【進ま】 
6,【機能】 【利用】 【表示】 
7,
8,
9,【地図】 【物凄く】 【ズーム】 
10,【ご利用】 【制限】 【かかっ】 
11,【認証】 【低い】 【精度】 
12,【問い合わせ先】 【解り】 
13,【paypay】 【別れ】 
14,
15,【きる】 【ローソンチャージ】 【セブンイレブン】 
16,【終了】 【問題】 【強制】 
17,【カード】 【ポイント】 【ローソン】 
18,【画面】 【トップ】 
19,【くい】 【容量】 
20,【貯まら】 【ない】 【ポイント】 
21,【ファミリーマート】 【接続】 【でき】 
22,
23,
24,【開か】 
25,【配慮】 【機械】 【苦手】 
26,【画面】 【トップ】 【表示】 
27,【づら】 【地図】 【検索】 
28,【バーコード】 【ワンクリック】 【アプリ】 
29,【支払おう】 【ログアウト】 【思っ】 
30,【還元】 【限度額】 【10000】 
31,【ログイン】 【戻る】 【何度】 
32,【ダウンロード】 【インストール】 【不能】 
33,【使える】 【メアド】 
34,【顔写真】 【認証】 【パスポート】 
35,【上手く】 【いき】 【設定】 
36,
37,【paypay】 【実用化】 【アップデート】 
38,【ダウンロード】 【終わる】 
39,
40,【拡大】 【繰り返さ】 【引い】 
41,【ワンアクション】 【カード】 【表示】 
42,【ヤフー】 【クレカ】 【チャージ】 
43,【レスポンス】 【高速化】 
44,【wi】 【fi】 【使える】 
45,【yahoo】 
46,
47,【paypay】 【使え】 【なり】 
48,
49,【クーポン】 【詳細】 【画面】 
50,【掛ける】 【使い】 【ロック】 
51,【鬼畜】 【まばたき】 【通帳】 
52,【チャージ金額】 【設定】 
53,【飲食店】 【カフェ】 【該当】 
54,【入金】 【相手側】 【出来】 
55,【画面】 【すぎる】 【開く】 
56,
57,【不便】 【する】 
58,【ヤフー】 【作る】 【魅力】 
59,【消せる】 【画面】 【ホーム】 
60,【離れ】 【近い】 【すべて】 
61,【上限金額】 【達し】 【使い】 
62,【マイナンバーカード】 【許可】 【登録】 
63,【特別】 【機能】 【仕様】 
64,【引き継ぎ】 【乗っ取れる】 【携帯番号】 
65,
66,【アプリ】 
67,
68,【書き込める】 【機能】 【固定】 
69,【無い】 【申請】 【デメリット】 
70,【ログイン】 【パスワード】 【メール】 
71,【開か】 
72,【キャンペーン】 【使え】 
73,
74,【タップ】 【なら】 【結局】 
75,【携帯番号】 【本人確認】 【アカウント】 
76,【ペイペイ】 【使え】 
77,【行く】 【アプリ】 【ログイン】 
78,
79,
80,【認証】 【通知】 【段階】 
81,【イヤホン】 【ワイヤレス】 【最大】 
82,【クーポン】 【スクロール】 【トップページ】 
83,【チャージ】 【支払い】 
84,【なっ】 【タップ】 【ページ】 
85,【返事】 【放置】 【原因】 
86,【定期的】 【アップデート】 【願い】 
87,【使える】 【設定】 【ボーナス】 
88,【更新】 
89,【paypay】 【最悪】 【デバイス】 
90,【無い】 【置ける】 【トップ】 
91,
92,【不具合】 【いる】 【書か】 
93,【選べ】 【ない】 【自分】 
94,【ない】 【高齢者】 【使い】 
95,
96,
97,【検索機能】 【地図】 【キャンペーン】 
98,【お店】 【多い】 【間違い】 
99,【画面】 【埋め】 【トップ】 
100,【嬉しい】 【ルカリ】 【使え】 
101,【paypay】 【残高】 【ある】 
102,【いる】 【データ】 【通信】 
103,【還元率】 【達成】 【条件】 
104,
105,【ペイペイフリマ】 【ペイペイ】 【売り】 
106,【小さく】 【減らし】 【欲しい】 
107,【機能】 【使い】 【入っ】 
108,【jcb】 【使える】 
109,【運用益】 【運用】 【総額】 
110,【アプリ】 【発生】 【mb】 
111,【近所】 【手間】 【現在地】 
112,
113,
114,【スマホ】 【機種】 【決済】 
115,【バーコード】 【統一】 【方式】 
116,【操作】 【機能】 【増える】 
117,【引っ張り】 【yahoo】 【ショピング】 
118,
119,【ダメダメ】 【アプリ】 
120,【ひったくり】 【れろ】 【殺さ】 
121,【ubereats】 【uber】 【ミニアプリ】 
122,【本人確認】 【無限】 【ステップ】 
123,【ログイン】 【一定期間】 【定期】 
124,【読み込み】 【スキャナー】 【機器】 
125,【なく】 【出来】 【残高】 
126,【広告】 【別々】 【取引】 
127,【paypay】 【待たさ】 【1日】 
128,
129,
130,【なっ】 【手数料】 【使い】 
131,【利便性】 【アプリ】 【機能】 
132,【支払い】 【広告】 【決済】 
133,【きる】 【チャージ】 【ローソン】 
134,【水道代】 【横浜市】 【願い】 
135,【近く】 【地図】 【表示】 
136,【pc】 【還元】 【キャンペーン】 
137,【アプリ】 【画面】 【アップデート】 
138,【カスタマー】 【納得】 【無く】 
139,【認証】 【時間】 【かかっ】 
140,【支払い】 【支払方法】 【残高】 
141,【お店】 【スクロール】 【掛かっ】 
142,【本人確認】 【使用】 【でき】 
143,【moneyfoward】 【連携】 
144,【インストール】 【始まら】 
145,
146,
147,【出きる】 【改良】 【ボタン】 
148,
149,【paypay】 【お店】 【使え】 
150,【メンテナンス】 【支払い】 【でき】 
151,【本人確認】 【進め】 【引っかかっ】 
152,
153,【画面】 【読み込ま】 【支払い】 
154,【詐偽】 【商法】 
155,【色んな】 【出来】 【チャージ】 
156,【画面】 【ホーム】 【表示】 
157,
158,【トップページ】 【スクロール】 【戻る】 
159,
160,
161,【お店】 【設定】 【表示】 
162,【引き落とす】 【勝手に】 【クレジットカード】 
163,【ログイン】 【入れ直し】 【アプリ】 
164,
165,【なっ】 【3000】 【受け取っ】 
166,【トップ】 【機能】 【表示】 
167,
168,【提出】 【押し】 【申請】 
169,
170,【データ】 【消費】 
171,【大きく】 【なり】 【サイズ】 
172,【画面】 【アイコン】 【トップ】 
173,
174,【読み込み】 【決済】 【注文】 
175,【還元】 【貰え】 【ポイント】 
176,【ペイペイ】 【運用】 【ボーナス】 
177,【paypay】 【モール】 【使い】 
178,【クーポン】 【フォロー】 【もらえ】 
179,【画面】 【トップ】 【アイコン】 
180,【ない】 【カード】 【表示】 
181,【お店】 【近く】 【出向こう】 
182,【2021】 【12】 【起動】 
183,【クーポン】 【unk】 【ユーザー】 
184,【ペイペイ】 【なれ】 【過ぎ】 
185,
186,
187,【お店】 【見れ】 【ズーム】 
188,【再設定】 【電話番号】 【難しい】 
189,【一定時間】 【電話番号】 【使え】 
190,【朝一】 【変わっ】 【しれ】 
191,【クーポン】 【利用】 【断念】 
192,【ダントツ】 【使い】 
193,【請求書】 【読み取り】 【バーコード】 
194,【入金】 【難しい】 
195,【画面】 【ホーム】 【改良】 
196,【画面】 【ホーム】 【機能】 
197,【本人確認書類】 【撮影】 【終わら】 
198,【ボタン】 【スクロール】 【表示】 
199,【ubereats】 【支払い】 【出来】 
200,
201,【ポイント】 【つけ】 
202,【還元率】 【達成】 【変わっ】 
203,【銀行口座】 【登録】 【不便】 
204,【キホーテ】 【ドン】 【使え】 
205,【作り方】 【やる】 【アプリ】 
206,【早急】 【願い】 【修正】 
207,【買え】 【アプリ】 【表示】 
208,【対象外】 【還元】 【ポイント】 
209,【読み込ま】 【画面】 【中小】 
210,【なっ】 【アイコン】 【探し】 
211,【paypay】 【多い】 【使え】 
212,【事前】 【自動】 【エントリー】 
213,【目立つ】 【悪い】 【機能】 
214,
215,【一括払い】 【電話代】 【願い】 
216,【安心】 【使え】 
217,【支払い】 【残高】 【直接】 
218,【不具合】 【機能】 【同じ】 
219,【使え】 【くれ】 【解決】 
220,【ウーバーイーツミニアプリ】 【ウーバーイーツ】 【ペイペイアプリ】 
221,【ヤフー】 【ひどい】 【アプリ】 
222,【金融機関】 【クレジットカード】 【対応】 
223,【ログイン】 【使え】 【なっ】 
224,【カスタマイズ】 【画面】 【機能】 
225,【ログアウト】 【強制】 【買い物】 
226,【使いこなせ】 【便利】 【わかる】 
227,【消せ】 【くる】 【操作】 
228,【使え】 【作動】 
229,【成功】 【かかっ】 【10】 
230,【願い】 【検討】 
231,【認識】 【送る】 【通知】 
232,
233,【問題】 【悪い】 【モール】 
234,【手間】 【時間】 【かかり】 
235,【見当たら】 【お金】 【借りる】 
236,【履歴】 【削除】 【表示】 
237,【めんどくさい】 【クーポン】 【エントリー】 
238,【かかる】 【更新】 【時間】 
239,【三菱ufj】 【対応】 
240,【マイナンバー】 【免許証】 【変え】 
241,【早く】 【願い】 【改正】 
242,【無さ】 【広告】 【センス】 
243,【本人確認】 【メガネ】 【免許】 
244,【面倒くさく】 【paypay】 【なっ】 
245,【チャージ】 【銀行】 【使い】 
246,【ややこしい】 【イベント】 
247,【運転免許証】 【本人確認】 【でき】 
248,
249,
250,
251,【tsutaya】 【本屋】 【書店】 
252,【ubereats】 【なり】 【繋がり】 
253,【財布】 【かなっ】 【持っ】 
254,【タップ】 【画面】 【バーコード】 
255,
256,【三菱ufj銀行】 【楽天銀行】 【登録】 
257,【追加】 【機能】 【手間】 
258,【長時間】 【検索】 【表示】 
259,【一度】 【レビュー】 【アプリ】 
260,
261,【使い物】 【使え】 【マップ】 
262,【pay】 【使える】 【機能】 
263,【精算】 【支払い】 【セブンイレブン】 
264,【なくなら】 【限り】 【認証】 
265,【選び】 【ズーム】 【分かり】 
266,
267,【つかえ】 
268,【充実】 【機能】 【地図】 
269,【検索】 【よっ】 
270,【ワンタップ】 【トップ】 【ポイント】 
271,【画面】 【ログイン】 【無限】 
272,【アプリ】 【選ん】 【最高】 
273,【ログイン】 【ヤフー】 【id】 
274,【検索機能】 【使い】 
275,【とれ】 【楽天】 【モバイル】 
276,【金額】 【設定】 【わかり】 
277,【本人確認】 【まばたき】 【完了】 
278,【うざく】 【ホーム】 【なっ】 
279,【うまく】 【パスワード】 【いか】 
280,【クーポン】 【ペイペイ】 【使用】 
281,【失敗】 【処理】 【開け】 
282,【銀行口座】 【口座】 【本人確認】 
283,【消さ】 【レビュー】 【工作】 
284,【paypay】 【チャージ】 【カード】 
285,【paypay】 【お店】 【使える】 
286,【変更】 【パスワード】 【確認】 
287,
288,【細かく】 【設定】 【通知】 
289,【遊技場】 【行く】 【無い】 
290,【使い】 【出来】 【フツー】 
291,【マイナンバーカード】 【本人確認】 【paypay】 
292,【電子決済】 【ほう】 【スムーズ】 
293,【画面】 【機能】 【ホーム】 
294,
295,【機能】 【トップページ】 【無駄】 
296,【検索】 【愛顧】 【エリア】 
297,【なる】 【アプリ】 【出来】 
298,
299,【画面】 【改善】 【クーポン】 
300,【生体】 【認証】 【不具合】 
301,【問い合わせ先】 【アプリ】 【問い合わせ】 
302,【ない】 【line】 【送ら】 
303,【ワンタップ】 【増える】 【ストレス】 
304,【出る】 【インターネット】 【接続】 
305,
306,【アカウントロック】 【使え】 
307,【お店】 【使え】 【分から】 
308,
309,【認証】 【パスワード】 【問題】 
310,【スマホ】 【セキュリティ】 【設定】 
311,【番号】 【対応】 【アカウント】 
312,【ログイン】 【あり】 【予期】 
313,
314,【解約】 【アプリ】 【電話番号】 
315,【自動計算】 【金額】 【提示】 
316,【分かり】 【地図】 【味方】 
317,【感覚】 【自由度】 【戻っ】 
318,
319,【ネット】 【使え】 【エラー】 
320,
321,
322,【クーポン】 
323,【読み取れ】 【バーコード】 【使え】 
324,
325,【画面】 【機能】 【ホーム】 
326,
327,【ubereats】 【paypay】 【アプリ】 
328,
329,【実際】 【最大】 【戻っ】 
330,【画面】 【先頭】 【戻っ】 
331,【変更】 【出る】 【パスワード】 
332,【画面】 【ホーム】 【カード】 
333,【使い】 
334,【すぎる】 【戻っ】 
335,【画面】 【ホーム】 【無くなり】 
336,【追加】 【アプリ】 【機能】 
337,【不良】 【アドバイス】 【サイト】 
338,【お店】 【無くなり】 【使う】 
339,【タイプライター】 【ない】 
340,【セブンイレブン】 【コード】 【出来】 
341,【やり方】 【始め】 【不安】 
342,【取得方法】 【クーポン】 【わかり】 
343,【画面】 【ボタン】 【トップ】 
344,【相変わらず】 【使え】 【機能】 
345,【画面】 【入力】 【キーボード】 
346,【始まり】 【ダウンロード】 【クーポン】 
347,【アプリ】 【更新】 【過ぎる】 
348,【画面】 【支払い】 【時間】 
349,【sms】 【認証】 【強制】 
350,
351,【かかる】 【アプリ】 【時間】 
352,【クーポン】 【画面】 【ロック】 
353,【cd】 【少ない】 【モール】 
354,【地図】 【検索】 【クソ】 
355,【少ない】 【意外】 【検索】 
356,【消そう】 【扱い】 【詳細】 
357,【読み取れ】 【読み取れる】 【ない】 
358,【日にち】 【おり】 【たっ】 
359,【エコバッグ】 【キャンペーン】 
360,【うまく】 【本人確認】 【やっ】 
361,【壊れ】 
362,
363,
364,【ナビダイヤル】 【折り返し】 【質問】 
365,【ふざけ】 【アプリ】 
366,【sms】 【届か】 【メール】 
367,【表示順】 【画面】 【トップ】 
368,【バーコード】 【料金】 【読み取り】 
369,【かかる】 【処理】 【時間】 
370,
371,【ubereats】 【試し】 【アプリ】 
372,【学生証】 【もらえ】 【出来る】 
373,
374,【もらえ】 【利用】 
375,【調べ】 【決済】 【番号】 
376,【ゆうちょ銀行】 【チャージ】 【初期設定】 
377,【電話番号】 【移行】 
378,【減る】 【金額】 【使っ】 
379,【アカウント】 【作れ】 
380,【paypay】 【使え】 【なり】 
381,【ログイン】 【支払い】 【受け取り】 
382,【クーポン】 【ソフトバンク】 【表示】 
383,【有効期限】 【大した】 【通知】 
384,【お店】 【近く】 【メニュー】 
385,【ui】 【判り】 
386,【変えれ】 【ポイント】 【現金】 
387,【使え】 【なっ】 【変え】 
388,【口コミ】 【書き】 【ほうだい】 
389,【まばたき】 【難しい】 【チェック】 
390,【探し出せ】 【使え】 
391,【ヤフー】 【使い】 
392,【詐欺】 
393,【paypay】 【還元率】 【ボーナス】 
394,【paypay】 【使え】 【カード】 
395,【改悪】 【たまら】 【なっ】 
396,【アイコン】 【利用】 
397,【なる】 【今まで】 【でき】 
398,
399,
400,【使え】 【使える】 【ペイペイ】 
401,【すぎる】 【ステップ】 
402,【チャージ】 
403,
404,【手放せ】 【なっ】 
405,【地図】 【非常】 【使い】 
406,【お知らせ】 【万全】 【あり】 
407,【クーポンポチ】 【クリーン】 【適用】 
408,【トップページ】 【編集】 【ページ】 
409,【不親切】 【お知らせ】 【メンテナンス】 
410,【嬉しい】 【クーポン】 【還元率】 
411,【画面】 【地図】 【取得】 
412,【まばたき】 【認識】 【登録】 
413,【ランチ】 【使え】 
414,【ある】 【使え】 【店舗】 
415,
416,【しまう】 【お金】 【消え】 
417,【スマート】 【アプリ】 【ほしい】 
418,【改善】 【アップデート】 【改良】 
419,【提携】 【連携】 
420,【少ない】 【クレジットカード】 【対応】 
421,【機能】 【行け】 【表示】 
422,【クーポン】 【使え】 【ところ】 
423,【嬉しい】 【画面】 【なっ】 
424,【変更】 【画面】 【明る】 
425,【依存】 【回線】 【過ぎ】 
426,
427,【借りれ】 【借り】 
428,【詐欺】 【行為】 【欲しい】 
429,【クーポン】 【ボックス】 【半額】 
430,【もどら】 【残金】 【解約】 
431,【sms】 【認証】 【番号】 
432,【なっ】 【渋い】 【ユーザー】 
433,【pdf】 【使え】 【リスト】 
434,【直し】 
435,【還元】 【多い】 【キャンペーン】 
436,【使える】 
437,【paypay】 【クーポン】 【戻る】 
438,【paypay】 【還元】 【ポイント】 
439,【支払い】 【カード】 【でき】 
440,
441,【最適化】 【チューニング】 【アプリ】 
442,【上手く】 【探し】 【掛かる】 
443,【メンテナンス】 【可能】 【設定】 
444,
445,【ログイン】 【複数】 【利用】 
446,【終わる】 【放置】 
447,【ヤフー】 【知れ】 【勝手】 
448,【チャージ】 【なり】 
449,【なる】 【画面】 【白く】 
450,【障害者手帳】 【認証】 【出来】 
451,【チャージ】 【ufj】 【銀行】 
452,
453,【地図】 【検索】 
454,【画面】 【真っ黒】 【アップデート】 
455,【多く】 【検索】 
456,【後払い】 【アイコン】 【サービス】 
457,【下位】 【ポイント】 【使い】 
458,【制限】 【利用】 【使用】 
459,【返金】 【金額】 【アップデート】 
460,
461,【買い物】 【現金】 【なり】 
462,【銀行口座】 【来る】 【顔写真】 
463,【認証】 【なら】 【なり】 
464,【アプリ】 【サイズ】 【スリム】 
465,【設定】 【通知】 【キャンペーン】 
466,【paypay】 【直ら】 【不具合】 
467,【詳細】 【らる】 【支払い】 
468,【やる】 【向こう】 【言わ】 
469,
470,
471,【上限】 【少なく】 【付与】 
472,
473,【本人確認】 【成功】 
474,【スキャン】 【出来】 
475,【一度】 【なっ】 【開い】 
476,【まばたき】 【やらさ】 【何十】 
477,【お店】 【行き】 【知り】 
478,【解決策】 【トップ】 【推進】 
479,【低い】 【還元率】 【通常】 
480,【今ひとつ】 【ボーナス】 【yahoo】 
481,【お店】 【金融機関】 【たくさん】 
482,【アプリ】 【残念】 【つけ】 
483,
484,【特定】 【機能】 【複数】 
485,【あり】 【閉店】 【存在】 
486,【本人確認】 【bug】 【直し】 
487,【通知機能】 【受け付け】 【設定】 
488,【貰おう】 【マイナポイント】 【スマホ】 
489,【出せ】 【カード】 【なっ】 
490,【弁当】 【大きさ】 【やっ】 
491,【支払い】 【機能】 【カメラ】 
492,【500】 【支払い】 【現金】 
493,【クーポン】 【ジャンル】 
494,【ubereats】 【paypay】 【アプリ】 
495,【アップデート】 
496,【不便】 【残高】 【必要】 
497,【ペイペイ】 【エラー】 【使用】 
498,【読み込み】 
499,【なっ】 【アプリ】 【重く】 
500,【default】 【off】 【選べ】 
501,【ubereats】 【開き】 
502,【頻繁】 
503,【ズーム】 【機能】 【自動】 
504,
505,【広告】 【通知】 【頻度】 
506,【jcb】 【使え】 
507,【使い】 【使え】 【使い方】 
508,【設定】 【限定的】 【ビジネス】 
509,【面倒くさい】 【非常】 【起きる】 
510,【出せ】 【使う】 【機能】 
511,【機能】 【使わ】 
512,
513,【要り】 【何人】 【機能】 
514,【ありがたい】 【パパ】 【なっ】 
515,【早く】 【解明】 【至急】 
516,
517,【アプリ】 【重い】 
518,
519,【ディナー】 【書き込め】 【ない】 
520,【口座】 【ペイペイ】 【でき】 
521,【恩恵】 【心中】 【各種】 
522,【削除】 【個別】 【メッセージ】 
523,【連携】 【仕方】 
524,【マイナンバーカード】 【本人確認】 【名前】 
525,【残り】 【ボーナス】 【分かり】 
526,【分かり】 【使用】 【店舗】 
527,【wi】 【fi】 【サクサク】 
528,【読み込み】 【出来】 【失敗】 
529,【使える】 【使え】 【ない】 
530,
531,
532,【機能】 【使い】 
533,【三菱ufj銀行】 【入金】 【クレカ】 
534,【認証】 【本人】 【厳し】 
535,【認証】 【生体】 【アプリ】 
536,
537,【達成】 【頂ける】 【条件】 
538,【異常】 【引い】 【手数料】 
539,【繋がら】 
540,【本人確認】 【すすま】 【顔写真】 
541,【上限】 【半額】 【paypay】 
542,【瞬き】 【本人確認】 【反応】 
543,【クーポン】 【還元】 【無し】 
544,【ログイン】 【あり】 【別々】 
545,
546,
