1,【ボタン】 【消え】 【unk】 
2,【削ら】 【寿命】 【食べる】 
3,
4,【狭い】 【曲がれ】 【交差点】 
5,
6,【弾け】 【鍵盤】 【見え】 
7,【buzzvideo】 【バズビデオ】 【バグ】 
8,【嫌がらせ】 【大会】 【日本】 
9,
10,
11,【フォーダム大学】 【卒業】 【新入生】 
12,【突き崩す】 【判決】 【法的】 
13,【誤変換】 【むちゃ】 【多い】 
14,
15,【微妙】 【ところ】 【バズ】 
16,
17,【料金】 【駐車】 【請求】 
18,【バズビデオ】 【paypal】 【設定】 
19,【テレ朝】 【ファンド】 【要求】 
20,【組み】 【でき】 
21,【中華街】 【暴徒化】 【ソロモン諸島】 
22,
23,【単価】 【いる】 【せい】 
24,【同じ】 【日本製】 【つくれ】 
25,
26,
27,
28,
29,【ログイン】 【行動】 【でき】 
30,【スマホ】 【禁止】 【全て】 
31,
32,【逃げ足】 【くつろい】 【何事】 
33,
34,【消毒】 【入店】 【セブンイレブン】 
35,【消える】 【ボタン】 【仕様】 
36,
37,【メディア】 【マンション】 【蘇州】 
38,【遅く】 【なっ】 【しまっ】 
39,【なっ】 【でき】 【仕様】 
40,【使え】 【非常】 
41,
42,【モニタリング】 【音程】 【外れ】 
43,【ガードレール】 【衝突】 
44,【髪の毛】 【すぎ】 
45,
46,【ドル建て】 【猶予】 【利払い】 
47,【変更】 【新しい】 【プラットフォーム】 
48,【めんどくさい】 【めんど】 【うー】 
49,【ファインプレー】 【すぎ】 
50,【作業員】 【退避】 【保守】 
51,
52,【わから】 【機能】 【すぎ】 
53,【右目】 【つき】 【ピク】 
54,
55,【逆ギレ】 【慰安婦】 【指摘】 
56,【キャンピングカー】 【900万】 【すぎる】 
57,【落ちる】 
58,
59,【配信】 
60,【報復】 【反応】 
61,
62,
63,
64,【内装】 【1975】 
65,【歯医者】 【予約】 【夕方】 
66,【衝突】 【パトカー】 【bmw】 
67,【眞子】 【紀子】 【今後】 
68,
69,【申請】 【自立】 【医療】 
70,【報いる】 【返す】 【違い】 
71,
72,【除雪】 
73,【単価】 【制限】 【露出】 
74,【全長】 【トンネル】 【水没】 
75,
76,
77,【悪けれ】 【無駄】 【すべて】 
78,【配信】 
79,
80,【塞ぐ】 【大部分】 【歩道】 
81,【漬ける】 【しまう】 【たべ】 
82,【遺伝子】 【性能】 【持つ】 
83,【pcr検査】 【区別】 【つき】 
84,
85,【嬉しい】 【もらえ】 【応援】 
86,【追い上げ】 【すぎ】 
87,【思考】 【理解】 【回路】 
88,【すり抜け】 【横転】 【運転】 
89,【購入】 【運営】 【料金】 
90,【ない】 【開く】 【止まら】 
91,【粗悪】 
92,【シンボル】 【新た】 【見つけ】 
93,【裏ワザ】 【iphone】 【映す】 
94,【海外送金】 【違反】 【みずほ銀行】 
95,【バズビデオログイン】 【buzzvideo】 【バズビデオ】 
96,【バズビデオ】 【なっ】 【行け】 
97,
98,【輸入】 【石油】 【ガス】 
99,
100,【予想外】 【反応】 【すぎ】 
101,【面の皮】 【過ぎる】 
102,【激突】 【暴走】 【住宅】 
103,【禁止】 【抜け穴】 【岸田】 
104,【うれしい】 【もらえ】 【チャンネル】 
105,【横転】 【曲がり】 【大型】 
106,【血糖値】 【対策】 【過ぎる】 
107,【塞が】 【逃げ道】 
108,
109,【下手くそ】 【偽物】 【パクリ】 
110,【確定】 【永遠】 【ループ】 
111,【画面】 【止まっ】 
112,【しまう】 【脱線】 【モノレール】 
113,
114,【新しい】 【作れ】 【サイト】 
115,
116,【書き込め】 【紹介】 【チャンネル】 
117,【捨て】 【違反】 【ダメ】 
118,【sns】 【あがる】 【コメント】 
119,【buzzvideo】 【落ち武者】 【怖い】 
120,【キックボード】 【禁止】 【全面】 
121,【折りたたみ】 【スマホ】 【ズッコケ】 
122,【下書き】 【投稿】 【残る】 
123,【バズビデオ】 【申請】 【でき】 
124,
125,【立ち往生】 【接触】 【トラック】 
126,【真っ黒】 【画面】 【配信】 
127,【近く】 【100】 【パンク】 
128,【buzzvideo】 【アプリ】 【違法】 
129,
130,【間に合わ】 
131,【サーバー】 【一瞬】 【落ち】 
132,
133,【離せ】 【なる】 【対応】 
134,
135,
136,【設置】 【許す】 
137,【みずほ銀行】 【融資】 【追加】 
138,
139,【切な】 【過ぎ】 【反応】 
140,【回転翼】 【来る】 【なっ】 
141,
142,【レーン】 【やめ】 【並ぶ】 
143,
144,【消え】 【途中】 【削除】 
145,
146,【追突】 【煽り運転】 【後ろ】 
147,【くる】 【警告】 
148,【タイムラグ】 【出現】 【アカ】 
149,【クズ】 
150,【異常】 【効率】 【作業】 
151,
152,
153,
154,【同期】 【いる】 【申請】 
155,【バグ】 
156,【刑期】 【なら】 【感情】 
157,【完成度】 
158,【単価】 【少数】 【やら】 
159,【buzzvideo】 【単価】 【新規】 
160,
161,【崩れ落ち】 【入ろう】 【バルコニー】 
162,【かすり】 【凹む】 【あげ】 
163,【釈明】 【不明】 【大統領】 
164,【野良犬】 【怖い】 【襲わ】 
165,【どり】 
166,【異常】 【着陸】 【くる】 
167,
168,
169,【最大級】 【巨大】 【がに】 
170,
171,【スチロール】 【発泡】 【トラック】 
172,【まねい】 【違反】 【悪化】 
173,【ない】 【駐車】 【無断】 
174,
175,
176,【突っ込ん】 【渋滞】 【しまう】 
177,【不十分】 【対策】 【安全】 
178,【香港】 【株式】 【取引】 
179,【停止】 【ゆう】 【基準】 
180,
181,【壊れる】 【椅子】 
182,
183,【無限】 【制限】 【フォロー】 
184,【生活保護】 【アベプラ】 【進学】 
185,【buzzvideo】 【いう】 【サイト】 
186,【決まっ】 【にこ】 【ほしい】 
187,【外交】 【作り】 【自民党】 
188,【撮れ】 【ギフト】 【スクショ】 
189,【バズビデオ】 【ところ】 【収益】 
190,【すぎる】 【スピード】 
191,
192,【くえ】 【にく】 【なっ】 
193,
194,
195,【リニューアル】 【バグ】 
196,【新規登録】 【再登録】 【なっ】 
197,【ブロック】 
198,【ny】 【違い】 【勝手】 
199,【ワイヤレス】 【写せる】 【スマホ】 
200,【簡単】 【漢字】 【書け】 
201,【新しい】 【止まっ】 【大きめ】 
202,【色気】 【禁止】 【寸前】 
203,【全開】 【lfa】 【サウンド】 
204,【入国】 【コロナ】 【制限】 
205,【不可能】 【ツイート】 【動画】 
206,【賄え】 【電気代】 【抱え】 
207,【再交付】 【警察署】 【手続き】 
208,【披露】 【ない】 【発売】 
209,【ツボ】 【ミス】 【しまい】 
210,【見れ】 【ほしい】 【消え】 
211,【悪事】 【末路】 【キムヨナ】 
212,【更なる】 【単価】 【あっ】 
213,
214,【違反】 【ガイドライン】 【登録】 
215,【痩せる】 【殺到】 【方法】 
216,
217,【インタビュアー】 【無能】 【質問】 
218,【排出ガス】 【eu】 【各種】 
219,
220,【日韓】 【ない】 【青木】 
221,【すぎ】 【対応】 
222,【嬉しい】 【出来】 【手伝い】 
223,【停止】 【信号】 【まとも】 
224,【スカート】 【ない】 【ガール】 
225,【韓国ドラマ】 【現実】 【違い】 
226,【違い】 【歌声】 【分から】 
227,【バグる】 【99】 
228,
229,
230,【バズビデオ】 【バグ】 【あり】 
231,【衝突】 【曲がり】 【きれ】 
232,【bytedance】 【システムバグ】 【連発】 
233,【直売所】 【無人】 【支払い】 
234,【ヤバ】 【すぎ】 
235,
236,
237,【一部】 【確認】 【登録】 
238,【配信】 
239,【ヤバ】 【反応】 
240,【バグ】 【連発】 【不具合】 
241,【なく】 【なっ】 【取れ】 
242,【ビデオ】 【ある】 【叡智】 
243,
244,【出入り禁止】 【物流センター】 【ペイント】 
245,【スタッドレス】 【チェーン】 【無い】 
246,
247,【崩落】 【途上国】 【トンネル】 
248,【つかめ】 【撮影】 【すぎ】 
249,【アップ】 【落ち】 【再生】 
250,【予防接種】 【反応】 
251,【喋る】 【はやい】 【落とし】 
252,【怪獣】 【しまう】 【無敵】 
253,【カラージャービル】 【くれ】 【ペット】 
254,【ない】 【早く】 【スパン】 
255,
256,
257,
258,【不可能】 【格納】 【永久】 
259,【寄居】 【住吉】 【一家】 
260,
261,【急転直下】 
262,
263,【ブレーキ】 
264,【製造】 【違反】 【ワクチン】 
265,【破綻】 【石油】 【停止】 
266,【おざなり】 【作り】 【韓国】 
267,
268,
269,【ユーチューブ】 【なり】 【続ける】 
270,
271,【まくり】 【消え】 【半ば】 
272,【ファミコン】 【完成度】 【北斗】 
273,【突っ込ん】 【信号】 【後ろ】 
274,
275,
276,
277,【塞がら】 【開い】 
278,【見当たり】 【お客様】 【予約】 
279,【一時停止】 【異常】 【原子炉】 
280,【追い越し】 【超過】 【見通し】 
281,
282,【放置】 【停まっ】 【相続】 
283,【ログイン】 【右上】 【パスワード】 
284,【隣人】 【処置】 【医療】 
285,
286,【buzzvideo】 【流れ】 
287,
288,【なっ】 【わから】 【わけ】 
289,【新幹線】 【日本】 
290,【宙返り】 【2人乗り】 【前転】 
291,【なっ】 【整体】 【行か】 
292,【押し】 【ボタン】 【場合】 
293,【天気予報】 【すぎ】 【ロケット】 
294,【でき】 
295,【えらく】 
296,【ずさん】 【管理】 
297,【あえぎ声】 【やばい】 【集中】 
298,【ctr】 【なくなっ】 【投稿】 
299,【あおり運転】 【発進】 
