1,【時速】 【unk】 【25】 
2,【なっ】 【繋がら】 【接続】 
3,【googlefit】 【細かい】 【リング】 
4,
5,【なくなっ】 【過去】 【残っ】 
6,
7,【googlefit】 【体重計】 【アプリ】 
8,
9,【googlefit】 【rdparty】 【送れ】 
10,
11,【再起動】 【ロゴ】 【繰り返す】 
12,【画面】 【手首】 【点く】 
13,
14,
15,
16,
17,
18,【suica】 【認識】 
19,【google】 【ある】 【でき】 
20,【googlefit】 【歩数】 【遊べる】 
21,【googlefit】 【ダウンロード】 【時間】 
22,【ない】 【良く】 【精度】 
23,
24,【galaxy】 【仕様】 【連携】 
25,
26,
27,【複数個】 【名前】 【確保】 
28,【googlefit】 【戻ら】 【連携】 
29,【水辺】 【見つから】 
30,【googlefit】 【ダウンロード】 【ほう】 
31,【googlefit】 【ヘルスケア】 【対応】 
32,【googlefit】 【わから】 【グラフ】 
33,
34,【googlefit】 【huaweiband】 【android】 
35,【繋がら】 【ある】 【普通】 
36,【googlefit】 【やる】 【地図】 
37,【消そう】 【go】 【ポケモン】 
38,【googlefit】 【fit】 【上書き】 
39,【田舎道】 【時間】 【信号】 
40,【googlefit】 【持ち歩け】 【歩数】 
41,【googlefit】 【スマホ】 【問題】 
42,【初期化】 【同期】 【アプリ】 
43,【歩数】 【知り合い】 【いる】 
44,
45,
46,
47,
48,【googlefit】 【プレイ】 【インストール】 
49,【googlefit】 【garmin】 【7千】 
50,【xz】 【敵わ】 【重たく】 
51,【いる】 【矛盾】 【なっ】 
52,【しまう】 【なっ】 【使用】 
53,【googlefit】 【やろう】 【入れよう】 
54,【ヤバく】 【fitbit】 【ない】 
55,【googlefit】 【huaweiband】 【hmscore】 
56,【googlefit】 【mifit】 【しまう】 
57,
58,【ブラック】 【ない】 【モデル】 
59,【googlefit】 【fitbit】 【繋げ】 
60,【激し】 【無理】 【動き】 
61,【googlefit】 【バグっ】 【なっ】 
62,【動作】 【書き出す】 【なっ】 
63,【googlefit】 【ダウンロード】 【インストール】 
64,【くっつけ】 【面倒】 【タイプ】 
65,【googlefit】 【ダウンロード】 【なっ】 
66,【食事】 【うまく】 【思っ】 
67,【googlefit】 【くれ】 【なっ】 
68,
69,【心拍数】 【なっ】 【測っ】 
70,【計測】 【アプリ】 【困り】 
71,【数ヶ月】 【半年】 【認識】 
72,
73,【googlefit】 【fitwatch】 【歩数】 
74,【sms】 【認証】 【コード】 
75,【体重】 【表示】 【なり】 
76,【googlefit】 【エクスポート】 【作る】 
77,
78,【歩数】 【情報共有】 【ワンチャン】 
79,
80,【組成】 【うち】 【壊れ】 
81,【googlefit】 【なくなっ】 【連携】 
82,
83,
84,【繋げれ】 【ドラクエ】 【辛い】 
85,【googlefit】 【csv】 【時間】 
86,【googlefit】 【miwatchlite】 【連携】 
87,
88,【なる】 【減り】 【早く】 
89,【dl】 【詰ん】 
90,【googlefit】 【歩数】 【カウント】 
91,【完成度】 【アプリ】 【低い】 
92,
93,
94,【一日】 【動い】 【記録】 
95,【巻き戻し】 【経路】 【なっ】 
96,【googlefit】 【インストール】 【ダウンロード】 
97,
98,【googlefit】 【歩数】 【減る】 
99,【づく】 【fit】 【ない】 
100,
101,
102,【googlefit】 【歩数】 【待ち】 
103,【連携】 【ファーウェイ】 
104,【googlefit】 【著しく】 【精度】 
105,
106,
107,【googlefit】 【healthsync】 【garmin】 
108,
109,
110,
111,【広告】 【なる】 【停止】 
112,【oppobandstyle】 【heytaphealth】 【googlefit】 
113,【google】 【安全性】 【表示】 
114,【バグ】 【遅延】 【通知】 
115,
116,
117,【googlefit】 【xiaomiwear】 【歩数】 
118,
119,【google】 【付け】 【関連】 
120,【applewatch】 【fitbit】 【アプリ】 
121,
122,【使用】 
123,
124,【galaxywach】 【googlefit】 【同期】 
125,【アプリ】 【反映】 【横浜】 
126,
127,【googlefit】 【歩数】 【大きい】 
128,【ダウンロード】 【完了】 
129,【歩数】 【カウント】 【車椅子】 
130,【googlefit】 【歩数】 【同期】 
131,【googlefit】 【リズム】 【一定】 
132,【googlefit】 【歩数】 【あす】 
133,【googlefit】 【買おう】 【miwatch】 
134,【移動距離】 【意味】 【わから】 
135,
136,【インストール】 【進ま】 
137,
138,
139,【googlefit】 【涙目】 【ひっかかっ】 
140,【googlefit】 【dl】 【詰ん】 
141,
142,【googlefit】 【推奨】 【ハート】 
143,
144,【googlefit】 【heytaphealth】 【スマホアプリ】 
145,
146,【mipad】 【プレイストア】 【mifit】 
147,【googlefit】 【残せ】 【なる】 
148,【初期設定】 【めんど】 
149,【bluetooth】 【接続】 【切断】 
150,【googlefit】 【試し】 【いれ】 
151,
152,【カウント】 【移動】 【くれ】 
153,
154,
155,【歩数】 【滞り】 
156,
157,【pixellauncher】 【使い】 
158,【interface】 【複雑】 【使い】 
159,
160,
161,【増える】 【容量】 【無駄】 
162,【保留中】 【インストール】 【ボタン】 
163,【googlefit】 【gaminconect】 【garmin】 
164,
165,
166,【ai】 【機能】 【殴る】 
167,
168,
169,【googlefit】 【garminconnect】 【歩数】 
170,
171,【googlefit】 【インスト】 
172,【パンツ】 【失格】 【みえ】 
173,【googlefit】 【fittofit】 【送れ】 
174,
175,【2万】 【カウント】 
176,
177,【うまい】 【でき】 【検索】 
178,
179,【歩数計】 【歩数】 【計測】 
180,【googlefit】 【soundpeatswatch】 【life】 
181,【歩数】 【カウント】 【ない】 
182,【googlefit】 【android】 【歩数】 
183,【googlefit】 【品川シーサイド】 【gps】 
184,【アプリ】 【独自】 【なさ】 
185,【疾走】 【歩数】 【くれ】 
186,
187,【なる】 【終了】 【サービス】 
188,【googlefit】 【健康状態】 【同期】 
189,
190,【googlefit】 【歩数】 【ouraring】 
191,【くれ】 【行か】 【うまく】 
192,【モード】 【使え】 【冒険】 
193,【googlefit】 【fitbit】 【google】 
194,
195,
196,
197,【ネットワーク】 【解決】 【時間】 
198,【googlefit】 【途中】 【何度】 
199,【歩数】 【減る】 【減っ】 
200,【あり】 【すぎん】 
201,【アプリ】 【落ちる】 
202,【歩数】 【リセット】 
203,【googlefit】 【動か】 【うまく】 
204,
205,【googlefit】 【抜け落ち】 【インストール】 
206,【heytaphealth】 【googlefit】 【上手く】 
207,【アラーム】 【設定】 【深い】 
208,【googleplay】 【huawei】 【アプリ】 
209,【googlefit】 【見れる】 【ブラウザ】 
210,【google】 【アプリ】 【安全性】 
211,【googlefit】 【スマート】 【新しく】 
212,【繋がら】 【測っ】 【情報】 
213,【googlefit】 【押し】 【くれ】 
214,【言わ】 【巡り】 【入れ】 
215,【googlefit】 【日誌】 【stsim】 
216,【ingress】 【アプリ】 【モード】 
217,
218,【なっ】 【歩い】 【43】 
219,
220,【エクササイズ】 【タイム】 【反映】 
221,【googlefit】 【spo】 【アプリ】 
222,【googlefit】 【消さ】 【ヘルスケア】 
223,【寒く】 【暗い】 【なる】 
224,【バグっ】 
225,【不明】 【仕組み】 【意味】 
226,
227,【バグ】 【カウント】 【スマート】 
228,
229,【googlefit】 【fitbit】 【歩数】 
230,【googlefit】 【アプリ】 【出来】 
231,
232,【インストール】 【過多】 【アクセス】 
233,
234,【スマホ】 【アプリ】 【遊べ】 
235,【カウント】 【歩数】 
236,【googlefit】 【iphone】 【歩数計】 
237,【走っ】 【ウォーキング】 【結果】 
238,【googlefit】 【なり】 【早く】 
239,【googlefit】 【android】 【スマホ】 
240,【再評価】 【時間】 【かかる】 
241,【googlefit】 【fitbit】 【歩数】 
242,【huaweiband】 【googlefit】 【困っ】 
243,【減る】 【歩数】 【1000】 
244,【googlefit】 【fitbit】 【歩数】 
245,
246,【歩数】 【増える】 【なっ】 
247,【許可】 【android】 【設定】 
248,【カウント】 【歩数】 【死ん】 
249,【googlefit】 【対応】 
250,【googlefit】 【fitbit】 【がに】 
251,【スゴく】 【不便】 
252,【googlefit】 【歩数】 【アプリ】 
253,【使い物】 【なら】 【アプリ】 
254,【通知】 【遅れる】 
255,【デフィ】 【sec】 【召喚】 
256,【歩数】 【問題】 【取れ】 
257,【かしらん】 【戻せる】 【nova】 
258,【googlefit】 【pebble】 【過去】 
259,【使える】 【タブレット】 
260,
261,
262,【歩数】 【カウント】 【画面】 
263,
264,【ログイン】 【nike】 【なっ】 
265,
266,【googlefit】 【経路】 【地図】 
267,
268,【12】 【なる】 【歩い】 
269,
270,
271,
272,【起動】 
273,
274,【途中】 【ネットワーク】 【散歩】 
275,【歩数】 【減っ】 【わから】 
276,【歩数】 【誤差】 【小さい】 
277,【スマホ】 【起動】 【落ちる】 
278,
279,【googlefit】 【54】 【インストール】 
280,【googlefit】 【チュートリアル】 【進め】 
281,【歩数】 【googlefit】 【遠出】 
282,【googlefit】 【materialyou】 【ウィジェット】 
283,【インストール】 【永遠】 【ピクミン】 
284,【止まっ】 
285,
286,
287,【heytaphealth】 【googlefit】 【歩数】 
288,【googlefit】 【最終的】 【使え】 
289,【歩数】 【googlefit】 【繋がら】 
290,
291,【カウント】 【わから】 【金曜】 
292,【dq】 【歩数】 【カウント】 
293,【googlefit】 【クリア】 【歩く】 
294,【同じ】 【時間】 【コース】 
295,
296,
297,
298,
299,【googlefit】 【インストール】 【キャンセル】 
300,
301,【関連性】 【品質】 【全体的】 
302,【コピー】 【文字】 【ゼロエス】 
303,
304,【前腕】 【異様】 【短い】 
305,
306,【googlefit】 【歩数】 【miband】 
307,【googlefit】 【心拍数】 【脈拍】 
