at,reviewId,content
2023-10-30 22:36:17,d717b6c3-006d-4427-a32e-30df4d4eb2d3,スマホの通知、すぐに見られる時ばかりでは有りません
2023-10-30 22:36:17,d717b6c3-006d-4427-a32e-30df4d4eb2d3,数時間経って、気になる記事の通知をタップするとトップに行って、肝心の記事はスクロールしても見当たらない
2023-10-30 22:36:17,d717b6c3-006d-4427-a32e-30df4d4eb2d3,そんなことがよく有ります
2023-10-30 22:36:17,d717b6c3-006d-4427-a32e-30df4d4eb2d3,通知をタップでその記事に行く、もし削除されてたらこの記事は削除されましたと無地の画面に表示される、等でないと使いづらい事この上ないです
2023-10-30 22:36:17,d717b6c3-006d-4427-a32e-30df4d4eb2d3,改善願います
2023-10-10 00:02:31,f3ce06f4-2a7e-4da6-a001-6bc2903c25fd,総合的に見やすいニュースアプリだと思います
2023-10-10 00:02:31,f3ce06f4-2a7e-4da6-a001-6bc2903c25fd,アプリの特徴としては、本当に必要なのかと疑問に思う程アップデートの更新は頻繁に起きますが、この問題を改善するのか、しないのかは運営側次第です
2023-10-10 00:02:31,f3ce06f4-2a7e-4da6-a001-6bc2903c25fd,広告に関しては、ある程度の広告は仕方無いにしても、具体的にどの様な割合で何を基準にしてるのかは知らないが、スマホ画面の約半分を占める広告はサイズ的にも程があると思います
2023-10-10 00:02:31,f3ce06f4-2a7e-4da6-a001-6bc2903c25fd,操作性ではタップ及びスクロールの最中に記事が何度も突然消えて見失う等、余りにも有り得ない様な異常現象を繰り返します
2023-10-10 00:02:31,f3ce06f4-2a7e-4da6-a001-6bc2903c25fd,最も肝心なのは記事の入れ替るペースが早過ぎる為に常に最新ですが有難迷惑に等しいです
2023-10-10 00:02:31,f3ce06f4-2a7e-4da6-a001-6bc2903c25fd,更新前の見ていた記事を懸命に探すのは想定外でした
2023-10-10 00:02:31,f3ce06f4-2a7e-4da6-a001-6bc2903c25fd,そんな事を気にせずニュースを読みたい方はお勧めです
2023-10-24 23:43:12,fcb0b0b9-c62f-4300-ad43-a47ae05b345a,左右のスワイプ操作への反応が過敏すぎて、記事を読みながら縦スクロールしている最中に、指がちょっと左右にずれただけで、ニュース記事を閉じられてしまう
2023-10-24 23:43:12,fcb0b0b9-c62f-4300-ad43-a47ae05b345a,タイトル等、検索の手がかりになる情報が無ければ、その記事とはそのまま永遠にお別れ
2023-10-24 23:43:12,fcb0b0b9-c62f-4300-ad43-a47ae05b345a,この挙動のせいで、途中までしか読めなかった記事がどれだけあったことか
2023-10-24 23:43:12,fcb0b0b9-c62f-4300-ad43-a47ae05b345a,左右スワイプでの記事クローズ、こんな挙動はオプションでオンオフできるようにするか、いっそ無くしてほしい
2023-10-24 23:43:12,fcb0b0b9-c62f-4300-ad43-a47ae05b345a,無くなったら、星4つ付けてもいいわ
2023-10-27 05:29:28,ac1fbaaf-69bc-48ac-b8f4-1c1da86ce3c2,基本特に問題も無く便利ですが、見出しを流し見してると楽しみにしてたドラマやアニメのネタバレを結構な頻度で食らってしまう
2023-10-27 05:29:28,ac1fbaaf-69bc-48ac-b8f4-1c1da86ce3c2,そういう記事否定はしないけど、それを採用して載せてしまうアプリの方は配慮が足りなすぎでは
2023-10-27 05:29:28,ac1fbaaf-69bc-48ac-b8f4-1c1da86ce3c2,とはいえ完全に無くすことは無理だろうから、特定ワードを含む見出しは表示しないようにとか出来ませんかね
2023-10-17 20:39:13,1df51e9f-034a-48e0-8452-0b3a909fc0dc,最近、広告の部分をスクロールで軽く触っただけで広告へ飛ぶ様になった
2023-10-17 20:39:13,1df51e9f-034a-48e0-8452-0b3a909fc0dc,広告で成り立っているのは理解するが
2023-10-17 20:39:13,1df51e9f-034a-48e0-8452-0b3a909fc0dc,明らかにやり過ぎ
2023-10-17 20:39:13,1df51e9f-034a-48e0-8452-0b3a909fc0dc,長年愛用してきたけど広告もやたら多いし他のに乗り換えます
2023-10-17 20:39:13,1df51e9f-034a-48e0-8452-0b3a909fc0dc,ユーザー数が増えたらこうなっちゃうのかな
2023-10-17 20:39:13,1df51e9f-034a-48e0-8452-0b3a909fc0dc,最初の頃は本当に使い易い納得感のあるサービスだったが、今や広告だらけ
2023-10-16 09:07:38,1a66435c-0f6f-45ce-87d0-9b2e22230814,以前はそれほどなかったのに、近頃はやたら勝手に記事がリロードされてしまう
2023-10-16 09:07:38,1a66435c-0f6f-45ce-87d0-9b2e22230814,読もうと思った記事がリロードによって見失い、結局探すのも手間がかかり見つからない
2023-10-16 09:07:38,1a66435c-0f6f-45ce-87d0-9b2e22230814,おかげで読みたくもない記事の一覧を、ユーザーの意志に関係なく最初から見せられる始末
2023-10-16 09:07:38,1a66435c-0f6f-45ce-87d0-9b2e22230814,起動時は最新記事を表示するためにもリロードしてかまわないが、開いたあとは任意に設定できるようにするべき
2023-10-16 09:07:38,1a66435c-0f6f-45ce-87d0-9b2e22230814,正直鬱陶しく乗り換えたいレベル
2023-10-16 09:07:38,1a66435c-0f6f-45ce-87d0-9b2e22230814,頻繁な更新をするくせに、何も改善されないお粗末なアプリ
2023-10-05 22:29:09,b78c3807-0523-413e-bb19-83ed529365d5,ニュースを見て色々知るのが好きなので色んなアプリを使ってますが、やっぱりいいですね
2023-10-05 22:29:09,b78c3807-0523-413e-bb19-83ed529365d5,大前提としてまとまってて見やすいです
2023-10-05 22:29:09,b78c3807-0523-413e-bb19-83ed529365d5,通知もしつこくないくらいの頻度でくるのでいい感じ
2023-10-05 22:29:09,b78c3807-0523-413e-bb19-83ed529365d5,分類ごとにまとまっているので自分が好きな分野が探しやすい
2023-10-05 22:29:09,b78c3807-0523-413e-bb19-83ed529365d5,正直最近どのアプリもいいので見出しで見るアプリで決めますが結構スマニュー率が高い気がします
2023-10-05 22:29:09,b78c3807-0523-413e-bb19-83ed529365d5,他のアプリとの差別化機能があればもっといいアプリになると思います
2023-10-09 00:10:37,a005dc26-a223-41e5-ac29-db31721816af,android14へアップデートしたところ以前よりも文字サイズが大きくなり、記事が左右にマージンができてしまう不具合が発生しています
2023-10-09 00:10:37,a005dc26-a223-41e5-ac29-db31721816af,osのアップデート初期のため仕方ないかと思いますが早急にご対応いただけますと幸いです
2023-10-09 00:10:37,a005dc26-a223-41e5-ac29-db31721816af,かなり読みづらくなってしまったので
2023-10-03 21:19:19,1ef61ea4-818c-467b-9bd7-88b11044cffe,低俗でくだらない記事ばかり選り抜きで暇つぶしには最適ですよ
2023-10-03 21:19:19,1ef61ea4-818c-467b-9bd7-88b11044cffe,特に、無名のニュースサイトカタカナか英語の名前が多い発信の記事はバイトか副業の小遣い稼ぎで書いたレベルの内容で、誤字や地名の間違い、そして内容が下品で起承転結もない
2023-10-03 21:19:19,1ef61ea4-818c-467b-9bd7-88b11044cffe,3行程度の内容をだらだらと完結せずに、続きはリンク先か、後日更新だそうだ
2023-10-03 21:19:19,1ef61ea4-818c-467b-9bd7-88b11044cffe,ちなみに後日更新の記事は発見できない
2023-10-03 21:19:19,1ef61ea4-818c-467b-9bd7-88b11044cffe,ソース元の選別をしっかりすべきだ
2023-10-03 21:19:19,1ef61ea4-818c-467b-9bd7-88b11044cffe,あと、いちいち更新の案内がきてウザいですね
2023-10-03 21:19:19,1ef61ea4-818c-467b-9bd7-88b11044cffe,本体設定で画面を固定してるのに、設定を無視して画面が横向きになります
2023-10-03 21:19:19,1ef61ea4-818c-467b-9bd7-88b11044cffe,ユーザーに対する姿勢がこういうところで現れてますね
2023-10-25 20:48:40,9e7fb47f-9081-43c4-b4ee-c2e3f1122144,以前よりかなり見やすくなった
2023-10-25 20:48:40,9e7fb47f-9081-43c4-b4ee-c2e3f1122144,動作も問題なし
2023-10-25 20:48:40,9e7fb47f-9081-43c4-b4ee-c2e3f1122144,かなりの改善がみられる
2023-10-25 20:48:40,9e7fb47f-9081-43c4-b4ee-c2e3f1122144,構成が見にくい
2023-10-25 20:48:40,9e7fb47f-9081-43c4-b4ee-c2e3f1122144,動作が重い
2023-10-25 20:48:40,9e7fb47f-9081-43c4-b4ee-c2e3f1122144,飛んだら有料記事があったりする
2023-10-23 05:33:59,7fd97943-b456-4032-9e49-5c34c1df9524,しばらく前から記事を読んでいるとすぐに落ちて画面が真っ暗になる現象が続いている
2023-10-23 05:33:59,7fd97943-b456-4032-9e49-5c34c1df9524,記事の続きを読みたくてもどこかに行っちゃうし何とかしてほしい
2023-10-23 05:33:59,7fd97943-b456-4032-9e49-5c34c1df9524,あと頻繁に更新しすぎる
2023-10-11 18:32:53,7fc9557a-5293-42e8-938d-da3b3a77897e,楽天ポイント目当てでダウンロードしましたが、それ以外でも楽しませてもらっています
2023-10-11 18:32:53,7fc9557a-5293-42e8-938d-da3b3a77897e,特に興味のあるジャンル以外の記事も、ちょっと気になるものが出てると読んでしまいます
2023-10-11 18:32:53,7fc9557a-5293-42e8-938d-da3b3a77897e,一つ要望があるとしたら、記事の閲覧履歴を消せるようにして欲しいです
2023-10-11 18:32:53,7fc9557a-5293-42e8-938d-da3b3a77897e,是非ご検討を
2023-10-12 11:43:10,43bc3899-9596-4f52-b4ca-ea5ef075e41d,記事一覧の更新は手動が自動かを設定させてほしい
2023-10-12 11:43:10,43bc3899-9596-4f52-b4ca-ea5ef075e41d,読みたい記事が目の前で消えてしまうことが多い
2023-10-12 11:43:10,43bc3899-9596-4f52-b4ca-ea5ef075e41d,更新の要否については最新のニュースでない旨の表記さえあれば事足りるので
2023-10-24 22:43:29,183c772f-72b7-47ef-a6dc-ed155a91e7fa,通知でなんとなく気になった記事があれば開きますが、スクロールするつもりが横スワイプ扱いで記事を閉じられて、同じ記事が見つからなくなることが頻発します
2023-10-24 22:43:29,183c772f-72b7-47ef-a6dc-ed155a91e7fa,せっかく開いたのに結局見れずにガッカリ感が大きいので、何かしらの対処が欲しいです
2023-10-30 13:19:39,b214dbc1-6765-4dd0-b326-f98465d7da20,このアプリは日本のニュースを広範囲に取り上げてあり、とても良い
2023-10-30 13:19:39,b214dbc1-6765-4dd0-b326-f98465d7da20,地元のニュースも写真があり、嬉しいです
2023-10-30 13:19:39,b214dbc1-6765-4dd0-b326-f98465d7da20,評価します
2023-10-30 13:19:39,b214dbc1-6765-4dd0-b326-f98465d7da20,であり、評価してあげるではありません
2023-10-30 13:19:39,b214dbc1-6765-4dd0-b326-f98465d7da20,ありがとう
2023-10-18 22:53:27,a4046f59-f1ba-4447-9790-ab3358190372,色々な記事が満載で楽しく使わせて頂いていますが、やはり好きなタレントなどの誹謗中傷や悪口の記事をわざわざ載せるのは大嫌いです
2023-10-18 22:53:27,a4046f59-f1ba-4447-9790-ab3358190372,もちろんスルーしますが、最初の記事は見えるので不快でなりません
2023-10-18 22:53:27,a4046f59-f1ba-4447-9790-ab3358190372,止めてほしい
2023-10-10 08:29:24,0bcb9bb5-9532-474b-b232-16c6085f61a9,比較的に新しいニュースが入ってきて画像も大きく見やすい
2023-10-10 08:29:24,0bcb9bb5-9532-474b-b232-16c6085f61a9,たまに同じようなニュースがダブッていてスキップします
2023-10-10 08:29:24,0bcb9bb5-9532-474b-b232-16c6085f61a9,最近広告が多くて画面を占めるのでスマートニュースをクリアしてしまいます
2023-10-10 08:29:24,0bcb9bb5-9532-474b-b232-16c6085f61a9,残念
2023-10-12 21:15:56,b942fc8b-c90b-423f-8ebe-2791b320ac94,ニュースを読むアプリのクセに読むのを邪魔するような広告の出し方を直ちに辞めて頂きたい
2023-10-12 21:15:56,b942fc8b-c90b-423f-8ebe-2791b320ac94,消したくても☓が押しにくいようにする配置って、もはやニュースアプリですら無い
2023-10-12 21:15:56,b942fc8b-c90b-423f-8ebe-2791b320ac94,ニュースを読ませる気もないニュースアプリって、辞めちまえばいいのに
2023-10-13 12:22:30,fa9ca551-68ce-46c2-a894-5484a8f72241,トップに表示されるニュースの半分が不倫や男女関係の広告収入目的の漫画ばかり
2023-10-13 12:22:30,fa9ca551-68ce-46c2-a894-5484a8f72241,あまりの多さにニュースを探すのが大変なときもある
2023-10-13 12:22:30,fa9ca551-68ce-46c2-a894-5484a8f72241,また、更新も多い割には大してよくはなってない
2023-10-02 20:07:48,bd724b88-6402-4323-a1f8-e0e7c7a145ad,追記トップページに事件や事故ばかり毎日載せないで下さい
2023-10-02 20:07:48,bd724b88-6402-4323-a1f8-e0e7c7a145ad,見るたび気分を害されます
2023-10-02 20:07:48,bd724b88-6402-4323-a1f8-e0e7c7a145ad,記事を長押しすると、記事の問題を報告するという項目がありますが、今後は非表示にしたい芸能人や有名人が載ってる記事を非表示にする機能の項目を作ってほしいです
2023-10-02 20:07:48,bd724b88-6402-4323-a1f8-e0e7c7a145ad,よろしくお願いいたします
2023-10-07 19:35:38,c8d08178-0f06-4a96-97e9-17c652b0a88e,★5でも良いのですが今後のさらなる改良に期待して★4です
2023-10-07 19:35:38,c8d08178-0f06-4a96-97e9-17c652b0a88e,ピンポイントで分かる天気、分単位で分かる雨の降り出し
2023-10-07 19:35:38,c8d08178-0f06-4a96-97e9-17c652b0a88e,止み予報はとても便利で、これだけでも使う価値あり
2023-10-07 19:35:38,c8d08178-0f06-4a96-97e9-17c652b0a88e,諸々の通知は設定を見直して自分好みにすればストレスは無くなるとは思います
2023-10-02 08:15:14,a33fbc02-5092-44d6-931e-e322f13d14bf,広告が不適切な位置に表示されるので使いにくい記事が多い
2023-10-02 08:15:14,a33fbc02-5092-44d6-931e-e322f13d14bf,次ページに行こうとすると広告をタップしてしまいストレスがたまる事が多い
2023-10-18 23:43:10,7caea407-4593-4bc3-bc97-b4cae150fdb2,android14へのアップデートでフォントサイズがすべて大きくなり、とても見づらくなりました
2023-10-18 23:43:10,7caea407-4593-4bc3-bc97-b4cae150fdb2,設定で標準or大のいずれも大きさは変わりません
2023-10-26 21:44:26,3372d12e-c9bc-4b6e-961a-a9bde8bdf3af,興味のない記事に興味ない旨のフィードバックを何回かけても、何度も同じところからの記事が出てくる
2023-10-26 21:44:26,3372d12e-c9bc-4b6e-961a-a9bde8bdf3af,フィードバック、ひいては興味なしボタンの意味はないのですか
2023-10-24 10:20:11,9fa5ea5c-9b0f-4fa8-abfd-e4e7684fdd62,少し広告が多いようなとくにネット検索した広告がすぐ出てくるそのような設定されてるのは知ってはいるが
2023-10-24 10:20:11,9fa5ea5c-9b0f-4fa8-abfd-e4e7684fdd62,まぁ仕方ないかな無料だから
2023-10-18 00:59:24,1229b0ee-4cf9-46be-a75b-63609d164e8d,新しいタブを増やすより、全ユーザーの不満を放置しないで
2023-10-18 00:59:24,1229b0ee-4cf9-46be-a75b-63609d164e8d,大嫌いなメディア記事提供元をブロックする選択をさせて欲しい
2023-10-18 00:59:24,1229b0ee-4cf9-46be-a75b-63609d164e8d,スマニュー+って邪魔なんだけど非表示にする方法を誰か教えて
2023-10-25 19:41:29,0769aa0a-bda5-4f1b-956e-e5028928df41,スマニュー+とやらの広告がうざすぎるあとこのアプリやたらタッチ感度が高すぎないか
2023-10-25 19:41:29,0769aa0a-bda5-4f1b-956e-e5028928df41,何かの拍子で広告に触れてしまったら即広告に飛ばされるねそういうところでどういう企業体質かが透けて見えてしまう
2023-10-11 10:35:43,cff11f9f-d266-479c-bc1f-8551687f638d,くだらない低質低俗な記事が多過ぎる
2023-10-11 10:35:43,cff11f9f-d266-479c-bc1f-8551687f638d,興味がないを何度選択しても出てくるし
2023-10-11 10:35:43,cff11f9f-d266-479c-bc1f-8551687f638d,トップのソースサイトを取捨選択できるようにしてほしい
2023-10-20 21:01:19,fc648eca-759c-4a2e-8c96-33946dedeaf8,毎日の天気・星座運勢・多方面の全国・地方newsが配信されています
2023-10-20 21:01:19,fc648eca-759c-4a2e-8c96-33946dedeaf8,仕事日はこのサイト1つで情報収集出来るので長年使っています
2023-10-20 21:01:19,fc648eca-759c-4a2e-8c96-33946dedeaf8,楽天ポイント期間限定も貰えます
2023-10-22 11:09:32,3fbc4989-4c53-4548-ba85-35334346d62e,毎日楽しみに読ませてもらっています
2023-10-22 11:09:32,3fbc4989-4c53-4548-ba85-35334346d62e,ニュースを読んで、感涙したり、憤慨したり、と喜怒哀楽を味わわせていただいています
2023-10-22 11:09:32,3fbc4989-4c53-4548-ba85-35334346d62e,最新のニュースをありがとうございます
2023-10-20 18:05:19,21cd73ab-6933-4542-b5b2-1156e8214e58,表示して欲しくない記事のワードng機能あると助かります
2023-10-20 18:05:19,21cd73ab-6933-4542-b5b2-1156e8214e58,例才賀紀左衛門と登録する事で氏の記事を一切目にしなくて済むみたいな
2023-10-20 18:05:19,21cd73ab-6933-4542-b5b2-1156e8214e58,よろしくお願いいたします
2023-10-29 11:10:03,e4f933e1-bacf-4b95-9031-d6b6a91de322,幅広いジャンルの最新の情報がシンプルで分かり易くとても良いです
2023-10-21 07:11:02,b36e275c-80c5-461d-afc0-640cbaad6c9a,不具合が解消され、元通りに
2023-10-21 07:11:02,b36e275c-80c5-461d-afc0-640cbaad6c9a,ただ、記事の見出しは、更新前のほうが良かった
2023-10-21 07:11:02,b36e275c-80c5-461d-afc0-640cbaad6c9a,慣れるまでに、時間がかかりそう
2023-10-22 07:59:52,e78a8a56-07d5-42d7-940a-f59124101228,広範囲に話題を網羅していて、良いのですが、残念です
2023-10-22 07:59:52,e78a8a56-07d5-42d7-940a-f59124101228,広告が邪魔をして読めない記事が多々あり、
2023-10-30 22:01:15,e396b525-460a-452d-8da2-6894c4af88f9,勝手にワールドカップやwbcのチャンネルを勝手に追加しないでほしい
2023-10-30 22:01:15,e396b525-460a-452d-8da2-6894c4af88f9,興味ない
2023-10-30 22:01:15,e396b525-460a-452d-8da2-6894c4af88f9,通知から直接記事に飛べないので通知の意味が無い
2023-10-19 18:15:25,61987e09-acb9-45a5-af03-dc670d68adeb,良いです
2023-10-19 18:15:25,61987e09-acb9-45a5-af03-dc670d68adeb,普段から読む記事から推測してくれて、自分にあったニュースやコラムがでてくるようになります
2023-10-15 16:04:52,6fd2b2aa-0d1a-4b29-928b-6138ca7aefa9,以前は良かったですが、スマニュープラスが出てから鬱陶しくなりました
2023-10-15 16:04:52,6fd2b2aa-0d1a-4b29-928b-6138ca7aefa9,出来れば表示しなくしてほしいです
2023-10-23 12:29:47,07023539-bd42-4e46-b0d0-055a91bcc4c9,新聞で取り上げている様な、ニュースをもっと取り上げていただけると有り難いです
2023-10-20 12:51:53,8853cf91-6bea-4e6f-865a-f467ff61d715,インターネットに接続できませんって表示されて新しい記事が読み込み出来ない
2023-10-20 12:51:53,8853cf91-6bea-4e6f-865a-f467ff61d715,改善して
2023-10-16 18:20:35,542aeaee-9031-4fd8-b2f2-e29ad7e28757,何回も何回も何回も自分に関心がない、出てきて欲しくない記事を興味ないってしているのにその関連の記事が何回も出てくる
2023-10-16 18:20:35,542aeaee-9031-4fd8-b2f2-e29ad7e28757,なかなか不快でアンインストールしようか悩んでますね
2023-10-23 17:59:34,9d486df9-c4ee-492f-8f6e-f74e852c1b36,記事の詳細を開くと如何わしいコマーシャルばかりで、何のためのスマートニュースなのか
2023-10-23 17:59:34,9d486df9-c4ee-492f-8f6e-f74e852c1b36,信頼できない
2023-10-25 08:22:22,54db424a-e094-479d-b8c3-3b7a9a8ef90d,通知音を調整出来るようにした方が良い、通知音がうるさくてびっくりする最新のニュースが入って来るので役に立つ
2023-10-29 08:52:34,c05e265a-6c97-4356-8bab-55dcb1c6a5bf,総合ニュースを観ているが、ヤフーニュースと内容が重なら無いニュースが載っているので、どちらも観ている
2023-10-18 10:08:19,26b87048-f2ef-416b-aa00-3cbe1efcc297,最近やたら更新が多いことが気になる天気予報かなり役立ってます
2023-10-18 10:08:19,26b87048-f2ef-416b-aa00-3cbe1efcc297,記事も見やすくてただ後でみたかった記事探せないのが残念
2023-10-22 09:55:18,1bfa4883-e38c-4e7d-b343-750eef21ac88,スマホを自由に使えない、悲しいお爺さん世代です
2023-10-22 09:55:18,1bfa4883-e38c-4e7d-b343-750eef21ac88,そんな我々でも、スマートニュースは操作しやすく、的確に次の話題に飛んでいける
2023-10-22 09:55:18,1bfa4883-e38c-4e7d-b343-750eef21ac88,ありがたいと思っています
2023-10-26 22:11:43,6c5ce0cf-1705-4c3e-9b0e-89afcae4d3a5,最近、広告が多く更にその広告で記事の文章が隠れて読めないことが多々ある
2023-10-26 22:11:43,6c5ce0cf-1705-4c3e-9b0e-89afcae4d3a5,最近、記事が隠れることはなくなったように思える
2023-10-12 21:42:36,3ff664bf-9bc8-4faf-9a46-0af3477748f2,ニュースが読みやすくて大変いい
2023-10-12 21:42:36,3ff664bf-9bc8-4faf-9a46-0af3477748f2,オフライン圏外でもニュースが読めるのであればなお良い
2023-10-24 12:55:37,7ba7c274-a650-4af6-a92f-d4bc46abb86f,勝手に更新するので読もうと思ってた記事が消えてしまいます
2023-10-24 12:55:37,7ba7c274-a650-4af6-a92f-d4bc46abb86f,更新を手動/自動切替可能にしていただきたい
2023-10-05 03:32:55,5a3cc8ba-4d7d-455e-8487-1be49d5bf1be,トップに格闘技の流血画像がよく出るのでgoogleに暴力的表現として報告しました
2023-10-05 03:32:55,5a3cc8ba-4d7d-455e-8487-1be49d5bf1be,子供たちに少なからず悪影響が出るので目に入るようにトップに固定されるのはコンプライアンス的におかしい
2023-10-05 03:32:55,5a3cc8ba-4d7d-455e-8487-1be49d5bf1be,これからもトップに流血画像が上がる度に何度でもgoogleに報告します
2023-10-08 16:08:30,82676653-11f2-4e0f-93ee-efbc8dba53a2,ニュースは役に立っていいんだけど、読もうとするたびに更新してくださいと言われるのが困ります
2023-10-08 16:08:30,82676653-11f2-4e0f-93ee-efbc8dba53a2,ギガが無くなる、、、
2023-10-11 08:25:11,e3c63363-b118-46a3-b70f-4c7dde7207e5,何度も書いてるが、記事を探している最中にページが自動更新され、古い記事が表示されなくなるのは本当に困る
2023-10-11 08:25:11,e3c63363-b118-46a3-b70f-4c7dde7207e5,この仕様を改善してほしい
2023-10-11 08:25:11,e3c63363-b118-46a3-b70f-4c7dde7207e5,ユーザーの利便性を考えてほしい
2023-10-12 08:44:27,f5fe191a-07e1-4212-8ba7-5a1f12244c0d,アップデートされてから、画面更新
2023-10-12 08:44:27,f5fe191a-07e1-4212-8ba7-5a1f12244c0d,の度に途中まで読んでたのにトップまで戻るので、読む気が失せる
2023-10-06 18:09:52,372766ab-eceb-4314-b574-ce427514cdaf,ニュースのお知らせがくるけど、、、押してもそこにはジャンプしないので見つからない時があるので見にくい
2023-10-11 07:38:50,9b879d07-6af4-4d0b-8db9-1a49626f9e76,最新のニュースが確認できて便利です
2023-10-11 07:38:50,9b879d07-6af4-4d0b-8db9-1a49626f9e76,選択できるニュースの種類も多い
2023-10-16 23:18:34,119483c2-1c95-4051-8029-a5ad1fdff35f,ニュース速報が他のアプリに比べると10分以上遅い
2023-10-16 23:18:34,119483c2-1c95-4051-8029-a5ad1fdff35f,もうちょっと速報できないものか
2023-10-31 17:38:45,4882ab1e-0aac-4b97-a83d-0ea5fcde80eb,広告が多すぎるので、見にくい
2023-10-31 17:38:45,4882ab1e-0aac-4b97-a83d-0ea5fcde80eb,広告を減らして欲しい
2023-10-21 08:49:06,c4a3ee54-23fa-4c00-b26d-7a3cf459d09b,いろんな記事が読めて楽しいけど、自分と関係ない星座の運勢が毎日通知される
2023-10-21 08:49:06,c4a3ee54-23fa-4c00-b26d-7a3cf459d09b,他の星座の運勢とか興味ないから占いの通知を止めるか、自分の星座を設定出来るようにして欲しい
2023-10-02 12:41:38,91825f7c-f157-4790-9c41-d97d5eec8f14,やたらと広告が出てきて、消しても消しても浮上してくる
2023-10-02 12:41:38,91825f7c-f157-4790-9c41-d97d5eec8f14,もちろん、無料で見させていただく以上仕方ないとは思うが、余りに酷すぎて、イライラがつのる
2023-10-15 11:39:48,ad69e99c-5abc-48af-b225-b2f295d8da54,最新ニュースがいち早く見られるので、毎日楽しみに、見ています
2023-10-15 11:39:48,ad69e99c-5abc-48af-b225-b2f295d8da54,最新ニュースがいち早く見られるので、毎日楽しみに、見ています
2023-10-09 07:56:53,42fc1217-d95c-4a48-9ffd-8918ee21c415,記事に寄っては、無駄に雑談的な内容を繰り返して次々と更新させる
2023-10-09 07:56:53,42fc1217-d95c-4a48-9ffd-8918ee21c415,無茶面倒で読むのにあきてしまいます
2023-10-09 07:56:53,42fc1217-d95c-4a48-9ffd-8918ee21c415,最悪の記事と有る
2023-10-12 07:22:04,7c75fe02-d773-4793-82e9-ccc8934fb28d,少しごちゃごちゃ感があります
2023-10-12 07:22:04,7c75fe02-d773-4793-82e9-ccc8934fb28d,色合いを少し落ち着かせたらどうでしょうか
2023-10-27 21:10:33,b4fa9835-2aac-4444-a8eb-12d4fb77a987,時間のある時に読んでます身近なニュースも多く楽しんでいます
2023-10-26 21:04:01,f69d14ac-a6d0-40d6-8847-f3dab0e5033b,通知がしつこくないし、ホロライブタブができてからはけっこう使っています
2023-10-10 13:21:33,5deabd99-48f2-4436-a7aa-c4d101e9f924,このスマートニュースアプリは、他のニュースと比べると見やすいし、一番すきです
2023-10-20 10:52:46,76397241-5bfd-47c3-a17d-aedb7d56d6c6,自分が興味のある記事が優先して表示される
2023-10-20 10:52:46,76397241-5bfd-47c3-a17d-aedb7d56d6c6,便利、ちょっとはじめは強かった
2023-10-14 18:09:34,66ff90c9-2894-43eb-8bf8-fec47df7abdc,もっと見たくても前のように見られなくなったのでスマートニュースやめたくなった
2023-10-07 00:52:00,ea7f922f-6d25-4da1-8303-7c5863381b1c,こちらを見て、毎日の起こった事や情報収集になりとても助かります
2023-10-30 15:28:13,09ef188a-a7f8-4e26-b074-d98cba4a778e,アップデートの頻度がスパム級に多すぎてもはや異常平均で6日程度の頻度で来ます
2023-10-17 18:16:48,0aa205b6-e42c-410c-98a9-591591e646e9,通知時間を設定してるのに全然違う時間に通知がくるのはなぜ
2023-10-26 19:24:18,4d93dcae-40c8-4892-80c1-d73ede7aca21,全く興味のない訳の分からないユーチューバーの記事が余りに多すぎてうんざりする
2023-10-26 19:24:18,4d93dcae-40c8-4892-80c1-d73ede7aca21,興味の無い記事を拒否する機能が欲しい
2023-10-30 07:24:09,6c8f001a-5816-4753-8670-0068ea2ed206,結構ギガ数を使ってしまうところがマイナス点
2023-10-30 07:24:09,6c8f001a-5816-4753-8670-0068ea2ed206,もう少し軽くなる使用方法があれば教えてほしい
2023-10-10 18:49:44,3a2882de-367d-4768-8ddd-4de1c1ab916a,毎週、毎週アプデは必要ですか
2023-10-10 18:49:44,3a2882de-367d-4768-8ddd-4de1c1ab916a,毎週やってどこが更新されてるのかわかりません
2023-10-30 12:48:36,b4788bb5-6446-446b-9866-0bcacffe95a3,更新多すぎ
2023-10-30 12:48:36,b4788bb5-6446-446b-9866-0bcacffe95a3,記事も偏ってる印象を受ける
2023-10-12 21:56:07,0454a4c1-e30b-4d00-9899-5fb015f81155,トップに韓国のニュースが五分の一ほど常に表示されていますが、スマートニュースは韓国アプリなのでしょう
2023-10-17 07:38:11,8f653411-0301-4adf-ac38-4e6d05d7afdf,アプリを、開いても、何故か、直ぐに閉じて、もう一度開かなければならない、
2023-10-22 08:24:41,95e6db49-e2a3-41c9-bdb2-98c488f006ae,間違えて横スライドしてしまって違うぺージに飛んでしまうのが使いずらい
2023-10-02 13:53:55,a1b25dd5-c827-48e0-a922-5a426ed3d7a5,バラエティ豊富なニュースソースがいい
2023-10-02 13:53:55,a1b25dd5-c827-48e0-a922-5a426ed3d7a5,あとはコメント機能ある方が楽しいけど、それじゃヤホーと変わらないのか
2023-10-29 18:05:11,076e84f0-6db3-4e62-839a-d127d25653cf,スマホを変えてからお気に入りの記事が保存出来なくなりました
2023-10-23 06:47:54,75923ae8-1cd7-44e9-8e3f-8219039cf0fd,いろんな、ニュース等早く知れのと、天気予報が、早く解り、重宝してます
2023-10-29 07:50:31,3260d95c-2f73-445f-93cb-357782d22c4d,天気当たらない
2023-10-29 07:50:31,3260d95c-2f73-445f-93cb-357782d22c4d,特に雨予報、1時間後2時間後先も当たらないことが多い
2023-10-28 13:11:03,bcbec686-61f1-4da4-a0c3-80da1c2b66ef,よく見てます
2023-10-28 13:11:03,bcbec686-61f1-4da4-a0c3-80da1c2b66ef,情報も早くわかり助かってます
2023-10-16 22:38:45,0fcdbb49-3854-4067-8d8e-837e5e927145,後で読みたいと思っても更新されていて読めないのが残念です
2023-10-21 14:38:20,f4cab1e2-4475-4419-aa70-144204434617,非常に使いやすく、情報も多いので助かっています
2023-10-25 10:27:34,c4ad3a27-fdd0-4d60-b4ac-90a38d0a04c1,最近よく止まる
2023-10-25 10:27:34,c4ad3a27-fdd0-4d60-b4ac-90a38d0a04c1,イライラしてスマホ投げたら壊れたがな
2023-10-25 10:27:34,c4ad3a27-fdd0-4d60-b4ac-90a38d0a04c1,とほほ
2023-10-31 15:14:07,649a3b1a-b3f6-4f43-aa70-e027c1416c6c,最新の情報がいち速く伝わるのが良い
2023-10-21 18:42:46,980832c8-ab07-48a1-9731-6a941bae3d49,色々な情報を見れて一番わかりやすく、楽しいです
2023-10-17 23:17:38,25513d7f-043f-4baf-a68f-ee0169820345,投資関連見なくなったとはいえ、ここのおすすめもくだらんゴシップばかりになったかな
2023-10-17 20:01:13,2691318d-f20b-4219-bf8f-1cd0a1b2578f,僕にとつては分かりやすいということと好きなネタがあるから楽しめる
2023-10-25 19:19:25,b5225776-8048-4a95-9da7-cb8c6d206555,読みやすく、わかりやすいので助かってます
2023-10-24 00:22:08,6970bbde-0105-48f6-abad-b8c209b13bcf,スポーツは野球やサッカーなどスポーツ速報じゃなくてほぼ野球やサッカー速報だね
2023-10-19 07:00:15,6d0acb67-ea6c-44de-ac70-6711fe5ed75a,見やすい、知りたいニュースがすぐみれて情報として収集できる
2023-10-11 18:47:15,3fd58fd8-b7d5-4229-8093-9d3ea68e9985,記事で誘っておいて、結局写真が載っていないなどの釣りが多い
2023-10-25 19:19:25,b5225776-8048-4a95-9da7-cb8c6d206555,読みやすく、わかりやすいので助かってます
2023-10-17 18:29:36,c171e090-d0c4-4508-b8ea-4c7da4e885c9,色々な情報が、いち早く分かって良い
2023-10-10 18:49:44,3a2882de-367d-4768-8ddd-4de1c1ab916a,毎週、毎週アプデは必要ですか
2023-10-10 18:49:44,3a2882de-367d-4768-8ddd-4de1c1ab916a,毎週やってどこが更新されてるのかわかりません
2023-10-02 13:53:55,a1b25dd5-c827-48e0-a922-5a426ed3d7a5,バラエティ豊富なニュースソースがいい
2023-10-02 13:53:55,a1b25dd5-c827-48e0-a922-5a426ed3d7a5,あとはコメント機能ある方が楽しいけど、それじゃヤホーと変わらないのか
2023-10-17 20:01:13,2691318d-f20b-4219-bf8f-1cd0a1b2578f,僕にとつては分かりやすいということと好きなネタがあるから楽しめる
2023-10-27 10:35:42,5031dffa-3134-4bc8-b70e-ae47a89e0596,記事を読んでいる最中に勝手に画面が更新され二度と見れなくなる
2023-10-17 23:17:38,25513d7f-043f-4baf-a68f-ee0169820345,投資関連見なくなったとはいえ、ここのおすすめもくだらんゴシップばかりになったかな
2023-10-20 21:34:44,0fcaf731-15df-4a05-952c-28543697cba5,画像を拡大して見られる嬉しい機能がある
2023-10-23 12:32:21,232efbee-de86-414a-954d-6336067541d7,最新のニュースが即知れて便利
2023-10-24 00:22:08,6970bbde-0105-48f6-abad-b8c209b13bcf,スポーツは野球やサッカーなどスポーツ速報じゃなくてほぼ野球やサッカー速報だね
2023-10-11 18:47:15,3fd58fd8-b7d5-4229-8093-9d3ea68e9985,記事で誘っておいて、結局写真が載っていないなどの釣りが多い
2023-10-27 03:54:51,28bbc8ea-91fa-45ae-afa5-761bcdebd4e1,音付きの広告が嫌過ぎて削除一歩手前
2023-10-10 22:30:50,cfd01600-e1e9-4491-a7d6-6600627a641a,結構リアルタイムの情報もあるし、ネタ集めとしては事欠かないですね
2023-10-07 14:54:19,4e4d0ea5-feaf-4189-83f7-fc5cc13ffdbc,動画でギガを使うので、動画不要の設定があれば最高
2023-10-08 09:59:06,d4910b79-8ebe-4f18-b9bf-28b46c17f94f,いつも、みてます
2023-10-08 09:59:06,d4910b79-8ebe-4f18-b9bf-28b46c17f94f,色んなニュースなどが見られて良いですね
2023-10-08 09:59:06,d4910b79-8ebe-4f18-b9bf-28b46c17f94f,後、政治家や行政などに、匿名でコメント出来れば、尚良いですね
2023-10-06 04:09:47,879861ce-33eb-46df-b299-99d244ea26c0,色々なジャンルの情報等が入っていて使いやすいと思います
2023-10-04 20:05:47,fc6d03f8-4972-4bd1-b49a-ce1e336004e8,クーポンや地元のニュースが役にたってます
2023-10-09 12:20:25,c88653bb-e3ca-4c0f-b7e2-e7dfbd9b5a8b,毎日重宝しています、グノシーより見やすく使い易い
2023-10-11 11:20:14,8153d841-138b-45a6-8ba8-5d73c8c7f078,韓国ネタなど、多方面のニュースが読めてスキマ時間に読んでおります♪個人的には韓国エンタメや韓国地元ネタが必須です*^^*
2023-10-09 07:45:55,4b900dce-8dc8-4a38-ad55-2e581bb8aa4f,私も番組を見てました
2023-10-09 07:45:55,4b900dce-8dc8-4a38-ad55-2e581bb8aa4f,涙と笑い無しでは見られませんでした
2023-10-09 07:45:55,4b900dce-8dc8-4a38-ad55-2e581bb8aa4f,良かったです
2023-10-29 00:09:02,eff354bb-1c9b-48dd-955d-18034d4e1517,ニュース解説があればもっといいですね
2023-10-29 14:41:24,b19b09bf-636f-43ac-8de3-ecf0d0927554,とても読みやすいと思います
2023-10-21 20:31:50,e36fd148-95ac-4ec5-9542-4819338452c4,最近はクーポンが抽選で当たるのがないから、またちょこちょこして欲しい
2023-10-22 12:13:36,23919269-5a81-4f85-a64c-eaef448b68ff,通知表示の記事を読もうとタップしても違う記事が出る
2023-10-22 18:42:00,fceb5c5a-1876-4c8f-983c-e6e9cc94c0e9,幅広く記事がよめて、飽きないです
2023-10-02 11:10:27,9dd432d0-ba6e-4e9d-8b11-997b243a6b47,なかなか良いです
2023-10-02 11:10:27,9dd432d0-ba6e-4e9d-8b11-997b243a6b47,国際ニュースを増やして欲しいです
2023-10-03 12:07:33,bf794157-de5e-47be-b0f3-bbb5d0b10eed,短文の中に中道の気持ちがあり、読みやすい
2023-10-06 11:09:55,4fdcac8c-88c1-4c61-b234-fcd4d20ade0d,android14にした影響なのか文字サイズが大きい状態から変更できない
2023-10-11 01:57:13,77b7d28f-fb98-4b68-8714-311084812082,ジャンル分けが豊富で使い勝手がよい
2023-10-30 20:22:47,e2d135ca-d726-438b-80f0-dc54e628859b,天気やその日のニュースを見ています
2023-10-30 20:22:47,e2d135ca-d726-438b-80f0-dc54e628859b,クーポンも利用してます
2023-10-22 23:41:47,5f11db2c-8993-4818-aa22-90a2766c2694,とても使い勝手がよき重宝しています
2023-10-09 15:51:55,d6aa9be1-5fce-47c2-bc43-4ae0888ce177,非常に読みやすい構成です
2023-10-06 11:36:27,08a3cc56-55c5-403e-8ddc-92e35f1f9da2,uiが良い、操作性も良い
2023-10-27 17:00:49,edf34ad4-4e59-4e62-b7c8-4bf5f9952c03,見やすいので愛読しています
2023-10-07 18:09:15,85da36c9-57af-4b40-b044-dbd5f23d58b4,都市の話題だけでなく、出身地の山形の情報も得られるので、嬉しい
2023-10-24 08:02:26,3b4ef6db-dc58-4d09-8084-a189974b18ec,ロングアイアンは一番苦手なクラブです参考にして頑張ります
2023-10-19 11:17:32,5cce38cd-4774-4b96-aefe-82260b1e01cd,いつも拝見させていただいてます
2023-10-19 11:17:32,5cce38cd-4774-4b96-aefe-82260b1e01cd,これからも様々な角度の記事の掲載をお願いします
2023-10-14 17:18:29,47b610f3-3235-44f6-bf26-c4b177525a7b,いつも早くニュースがみられて良いです
2023-10-17 20:46:20,12be26a5-7720-436d-a46e-096dad9405c8,最新ニュースが読めて役に立ってます
2023-10-17 20:46:20,12be26a5-7720-436d-a46e-096dad9405c8,広告がチョット多すぎるかな
2023-10-05 23:05:07,7b9b50bd-e803-4106-85eb-93b0abadeba4,興味あるニュースを直ぐに調べられるから
2023-10-10 19:24:23,10205bd4-0385-467b-add1-663404c9b03c,一番見やすいわかりやすいニュースアプリです
2023-10-18 13:25:30,1361e46b-ca5a-4485-b476-02238e5a1ead,あまりにも、多い、昨日、更新したのに、今日も、更新、おかしいと、思います
2023-10-14 17:32:02,3a8f80b8-e143-488c-b7cc-6a294bc4ab24,読みたくなるコラムが沢山あって良い
2023-10-07 16:55:26,3d2b6f28-6775-46c8-8c05-9237b873d0df,情報が早くてとても見やすい
2023-10-06 19:18:21,8a05e825-91a0-4472-a6d5-2aef58ca8f23,パッと見てすぐにわかるスマートさが良いですね
2023-10-12 09:28:49,d99d902d-3949-481d-9a63-17138dc39272,毎日朝必ず見ています
2023-10-12 09:28:49,d99d902d-3949-481d-9a63-17138dc39272,最新の情報収集が出来て便利です
2023-10-08 14:15:18,ac82828f-8efc-4789-9f07-5ca4fb9bc8ca,たまに同じ事が何度も出ている時がある
2023-10-30 01:14:35,26b844fc-3a68-4de5-b135-da3f965ca237,広告が多過ぎ
2023-10-30 17:34:45,97d1aecd-3a70-4156-8e9d-83b2245f285e,情報は、ほとんどこれで見ている
2023-10-31 11:05:33,690eb06e-a8b8-4225-a898-fb7ac3bcffd4,気になるニュースを選んで提示してくれるのがいいです
2023-10-29 06:20:42,d7b92285-3a72-45e9-ba4a-0515722604d5,地域情報が分かりやすく検索できる
2023-10-18 22:13:33,9fde2ec2-b3c8-4b56-9317-54fd8df32299,ニュースアプリはこれしか使っていません
2023-10-15 06:15:41,23fcf54f-6ac7-4647-b5ec-1483c34514ed,分かりやすくて書かれていてとても良い
2023-10-17 20:22:06,682fe996-b226-4772-8533-dd99ab707771,慣れていないせいか探すのに時間が掛かってしまいます
2023-10-23 22:21:15,876bb637-4a37-41ac-bc5d-4ed90f337ea4,気になるニュースが有って楽しめました
2023-10-26 21:00:01,8692eb97-2386-40f5-adc6-e472fcfdc664,宣伝が多すぎる
2023-10-13 17:42:55,415e76f1-e759-453b-84bb-9136a237f42a,私の好み話題を取り上げてくれて快適です
2023-10-31 06:36:14,cde2e582-f083-478e-bd73-b96b391c2027,読みたいニュースが少ないと思います
2023-10-18 05:56:57,c72f7f63-1399-4b83-8714-b4939485b25e,色んなジャンルのニュースをいち速く挙げて暮れていると思う
2023-10-30 00:36:34,248f6e8c-6f8f-486e-817c-f4bd25fdbc27,新しいニュース、更新がされないこと多々ある
2023-10-12 09:38:49,23598a69-f4f1-4ed6-8c80-00da6c08df6d,とても使いやすいです
2023-10-12 09:38:49,23598a69-f4f1-4ed6-8c80-00da6c08df6d,ありがとうございます
2023-10-11 15:47:21,4d3a0c23-08e8-438a-abfe-b3b0b09ed2fc,記事が興味深いこれからも視聴したい
2023-10-26 22:49:02,e7e6474d-db5d-43d3-81cc-c58d3674ba3b,今旬のグラビアアイドルがとても良いと思います
2023-10-23 01:47:56,9ea34850-1137-4242-aa1c-8cb4b949f14d,幅広くニュースが読める
2023-10-23 07:43:51,f6a8df73-edef-4b63-821b-1c0d9bec7b9f,広告が多いのは仕方ないか
2023-10-23 07:43:51,f6a8df73-edef-4b63-821b-1c0d9bec7b9f,記事の先頭がほとんど画像で、スクロールのためタッチすると画像が開いて非常に鬱陶しい
2023-10-23 07:43:51,f6a8df73-edef-4b63-821b-1c0d9bec7b9f,なぜいい加減修整しないのだろう
2023-10-28 14:37:34,ee9c97ab-f4e6-4cc0-8537-96dfa3b13365,知識として気軽に読める
2023-10-26 06:31:48,30e72945-caac-46e0-9cc3-9e62108c8ded,クーポンメインにでしたが、クーポン内容もひっそり変わったり〇〇1杯無料→〇〇1杯10円引き等たまにあるプレゼントクーポンて引き換え開始日朝、昼、晩に対象コンビニを何件周ってもその商品だけが品切れ
2023-10-26 06:31:48,30e72945-caac-46e0-9cc3-9e62108c8ded,客寄せなのでアンインストールしました
2023-10-03 06:22:06,2d5832c9-0241-41e2-948c-1852efdb42d3,10月に入って更新が多いのはまあ仕方がないけど、輪をかけて異常なまでにフリーズする
2023-10-03 06:22:06,2d5832c9-0241-41e2-948c-1852efdb42d3,登録している地域ニュースも表示がされたりされなかったり
2023-10-03 06:22:06,2d5832c9-0241-41e2-948c-1852efdb42d3,つーか、あんまりされない
2023-10-02 15:56:44,380677df-19b9-4e85-9b4a-42426476cd6a,5gへの機種変更後は特に問題もなく、快適にアプリを使わせてもらっております
2023-10-02 15:56:44,380677df-19b9-4e85-9b4a-42426476cd6a,以後も同様であって欲しいものです
2023-10-02 15:56:44,380677df-19b9-4e85-9b4a-42426476cd6a,と思っていたら、更新の頻度が増えてねぇか-_-#アプリユーザーを舐めてやがんのか、このゲス野郎ども̄へ̄井
2023-10-12 21:46:01,86ce8293-797b-4795-a3fd-a14b955873b9,興味のある情報が沢山です
2023-10-03 23:29:23,abc67046-8fbd-4877-9cc3-60cb560a8327,情報が早くわかりやすい
2023-10-18 17:51:27,353e5193-ab69-459e-9178-6c3b80f2d047,機能が沢山有るので分からない事だらけです
2023-10-18 09:52:43,5017dadd-6f09-498b-b88e-edb89e546450,音楽歌吹き込みがいまいちわからない
2023-10-15 08:08:28,69fc5236-20b2-458a-8753-8d078cade23e,まぁまぁかな
2023-10-15 08:08:28,69fc5236-20b2-458a-8753-8d078cade23e,アップデートがよく来るけど
2023-10-12 12:19:58,392e0291-140f-41b5-b2c8-bf3a4a8c2c32,いつも使いやすいです
2023-10-12 09:09:40,4b613dd3-c68b-4fa1-ae7f-deb840458272,使いやすいので毎日利用していますよ~
2023-10-10 09:56:44,0c34026c-3fd1-42ab-b428-cf2664cb010a,情報は大事です正しい情報をお忘れなく
2023-10-04 15:44:53,205edc03-bd69-4342-97b9-312ccaa0a814,暇さえあれば、見てしまう
2023-10-11 16:18:35,b2c0ba62-dde6-4804-8286-617aabfae56b,新聞を詠まない私にとっては貴重な情報源です
2023-10-04 17:48:53,ecd12dcb-bc5f-463a-a668-8990ab8cae87,ニュースの検索に便利ですね
2023-10-19 21:12:22,53787cb0-7f83-4b96-80eb-495a24b86ece,広告に偽物が多すぎる
2023-10-19 21:12:22,53787cb0-7f83-4b96-80eb-495a24b86ece,ミズノの広告は偽物
2023-10-19 21:12:22,53787cb0-7f83-4b96-80eb-495a24b86ece,ゴルフクラブは一万ちょっとだけど、被害にあった
2023-10-19 21:12:22,53787cb0-7f83-4b96-80eb-495a24b86ece,ちゃんと調査して欲しい
2023-10-08 17:43:03,234cab9c-c4a9-4b3e-b267-a9f2a7dbb036,雨雲レーダーはよく利用しでます
2023-10-10 12:00:07,1658b737-b90a-495b-98df-99dba30c3636,毎日欠かさずアクセスしています
2023-10-01 15:28:23,2e15b9d2-0986-45eb-bb67-a7a53c004c38,クーポンが付いて色んな情報が載ってるので便利
2023-10-08 20:18:28,a7687b4c-4364-4620-8935-509592f2a7b1,おしらせからはいってもそのニュースに繋がらず探しずらい
2023-10-15 12:04:32,1e6efb43-ab0b-4695-9283-1159cdb165d8,使用の頻度はすごく高い
2023-10-02 06:44:04,4416c2e7-d3e1-49b2-9a71-b9833a9020f7,すごく見やすいです
2023-10-02 19:17:25,f5760c3c-59a5-4664-8db8-909b3d566190,設定がイマイチ判らない
2023-10-03 09:55:28,d6bb301b-49a7-4be8-afa3-622771b085b3,スピーディーにnew-sが入手出来るため参考になります
2023-10-15 10:29:11,c937941b-dd57-4376-a46f-942f65da1b41,毎日、一回は、観させていただいています
2023-10-15 10:29:11,c937941b-dd57-4376-a46f-942f65da1b41,チラシ、ニュース勿論、暇な時も閲覧させていただいています
2023-10-15 10:29:11,c937941b-dd57-4376-a46f-942f65da1b41,アプリの更新が頻繁に要求されることには、辟易しますが、私の中では、一番と思われます
2023-10-31 08:26:38,f0787d51-5863-41ab-8fd9-cd5a165998ab,元のページに戻ると、内容が自動更新されてしまう事がある点のみ、よくない
2023-10-31 08:26:38,f0787d51-5863-41ab-8fd9-cd5a165998ab,この記事も見たい、と思っていたものが見られなくなる
2023-10-04 15:19:21,1b62abc3-ec12-46d1-9421-c8567d47f396,広告が多く、見ると不快になる様な漫画が見たくもないのに非常に多く表示される
2023-10-04 15:19:21,1b62abc3-ec12-46d1-9421-c8567d47f396,ニュースだけ見たい人には向いてないので辞めた方が良い
2023-10-19 12:05:45,eca17f95-d58a-42c8-869d-ae7d7c1799d6,多方面に亘るニュース、ありがとうございます
2023-10-19 12:05:45,eca17f95-d58a-42c8-869d-ae7d7c1799d6,7月26日現在も毎日楽しく拝見致しています
2023-10-19 12:05:45,eca17f95-d58a-42c8-869d-ae7d7c1799d6,ありがとうございます
2023-10-19 12:05:45,eca17f95-d58a-42c8-869d-ae7d7c1799d6,毎日クロスワードに挑戦しています
2023-10-19 12:05:45,eca17f95-d58a-42c8-869d-ae7d7c1799d6,11月9日現在も利用させてもらっています
2023-10-19 12:05:45,eca17f95-d58a-42c8-869d-ae7d7c1799d6,ありがとうございます
2023-10-19 12:05:45,eca17f95-d58a-42c8-869d-ae7d7c1799d6,2023年1月9日現在も毎日拝見致しております
2023-10-19 12:05:45,eca17f95-d58a-42c8-869d-ae7d7c1799d6,新しい記事を探すのが楽しみになっています
2023-10-19 12:05:45,eca17f95-d58a-42c8-869d-ae7d7c1799d6,一日に何度も見てしまいます
2023-10-19 12:05:45,eca17f95-d58a-42c8-869d-ae7d7c1799d6,きっと、私を引き付ける何かがあるのでしょうね
2023-10-19 12:05:45,eca17f95-d58a-42c8-869d-ae7d7c1799d6,10月19日使い勝手良く、毎日利用しています
2023-10-14 00:00:24,1bb49765-9f76-44c9-b0ad-2f63cb2cc7b3,タブレットで開くと、wifiに問題がないのに、閉じてしまう
2023-10-14 00:00:24,1bb49765-9f76-44c9-b0ad-2f63cb2cc7b3,とても、気に入っているので何とか改善してほしいです
2023-10-11 07:35:49,1f07a030-d39e-4368-b0e0-b81e27859f7b,暇つぶしに最適です
2023-10-13 00:59:51,5098bda7-628b-475b-8e8c-4c32dc27d0bc,いつものニュース配信ありがとう
2023-10-04 11:36:28,62a62d0f-2e03-430c-b962-2d8faf5b5fc6,役に立つ情報も多くの有りますが、片寄った見方をする報道もありすべてを鵜呑みしてはいけないニュースサイトです
2023-10-15 14:46:28,b80e0e5e-076b-443f-a88d-ec8ec470778f,毎日楽しくアクセスする
2023-10-28 19:52:19,5a55876c-1a8a-4c3d-b9da-b3ca24fe1ebd,卒無ないあとゴシップやなにがしのベクトルが無い用に
2023-10-17 08:08:15,7ed5ceb0-1f27-43dd-be7d-1e481ccd80d8,いろんな情報を教えてもらえて毎日みてます
2023-10-21 10:20:32,9cd68431-b76b-4e38-b3fe-4a334506961b,先程にスマニューアプリで出ませんでした
2023-10-21 10:20:32,9cd68431-b76b-4e38-b3fe-4a334506961b,回復して治りましたよ
2023-10-21 10:20:32,9cd68431-b76b-4e38-b3fe-4a334506961b,困りましたよ
2023-10-21 10:20:32,9cd68431-b76b-4e38-b3fe-4a334506961b,何とかしてください
2023-10-21 10:20:32,9cd68431-b76b-4e38-b3fe-4a334506961b,3000社以上のこと、無料の味方や遣り方など
2023-10-17 06:06:39,a9a4e3b0-c682-4d29-b164-94b2c5edf5b6,スマートニュースが生活の一部になっています
2023-10-31 14:03:04,9f284478-fef3-45c2-ab7b-a080b10e6e35,よくまとめられた記事が、多い
2023-10-11 21:59:51,5753a4be-2bec-46be-9278-e2c3f7776ae3,近頃日本政府の広告ばかり出てくるんですけど
2023-10-11 21:59:51,5753a4be-2bec-46be-9278-e2c3f7776ae3,国民騙す為に税金で広告打ってるんですかね
2023-10-11 21:59:51,5753a4be-2bec-46be-9278-e2c3f7776ae3,それとも無料で掲載してるんすか
2023-10-11 21:59:51,5753a4be-2bec-46be-9278-e2c3f7776ae3,いずれにしても不快なのでアンインストールです
2023-10-30 01:48:04,449c27d1-8175-422f-86ac-17591ca4f06e,ヒカルdaigogacktdjsodaしょーもない奴の記事が常駐して多過ぎ記事のピックに偏向あってyahoo
2023-10-30 01:48:04,449c27d1-8175-422f-86ac-17591ca4f06e,と同じ
2023-10-03 23:54:31,4db657a4-1a2d-404c-bd99-7f4d8f073c03,天気
2023-10-03 23:54:31,4db657a4-1a2d-404c-bd99-7f4d8f073c03,マップ商品お疲れ様ですホント商品買い取り
2023-10-23 06:57:18,4171f150-9e56-4b98-987e-bd9aa1331f7e,ヘルプセンターすら、繋がらない
2023-10-23 19:52:03,4d9680c5-0335-4f4e-9d0d-b66eed022fe0,アプデが多すぎ、週一である勢い
2023-10-27 12:04:36,253d7cba-7e41-48d9-8374-0f63e5e86113,ここには私が見たいニュースがほぼ全て揃っています、他のニュースは必要ないかな
2023-10-23 08:11:11,00707a20-20ed-4ab2-88d0-9a9b9d0ec6e1,毎日拝見しています
2023-10-23 08:11:11,00707a20-20ed-4ab2-88d0-9a9b9d0ec6e1,これからも早い情報をお願いします
2023-10-01 08:21:21,a5bbc143-26cb-44ce-b792-07c6c90aa084,ニュースが分かりやすくていい
2023-10-03 19:36:07,bab04fdf-fb8a-4b0b-93be-8914bc1edc5b,記事の写真が出てこない
2023-10-27 16:15:55,2f887800-8771-4846-ae75-11894534f011,ゴシップ記事や自称ライターによる記事が多く、情報品質の低さから使用をやめた
2023-10-27 16:15:55,2f887800-8771-4846-ae75-11894534f011,yahooニュースも変なソースが混じっているが、こちらよりはマシ
2023-10-10 07:33:52,e7634636-db3f-46f1-b92a-9a05dd98f321,ニューズピクスの方が、信頼ある報道会社なので、そちらに乗り換えます
2023-10-25 16:34:46,2027937c-edd3-4b37-a3f1-d455698f8abb,更新が多すぎる
2023-10-24 12:30:54,bb8b4660-626e-4753-b060-668ba5e0e4e0,アップデートが、多すぎ
2023-10-21 09:30:17,6a0e6c2f-e047-46f5-a393-593e643a334f,使いやすい
2023-10-21 09:30:17,6a0e6c2f-e047-46f5-a393-593e643a334f,老人でも大丈夫ですよ
2023-10-12 02:54:30,16a6a1a2-b47a-4930-a279-86ebdc55c0da,めちゃ使いやすい
2023-10-16 07:14:39,eb27c293-5ee4-46ac-b139-f73a8648dd2f,韓国のプロパガンダと思しき記事が多く見られるのは残念
2023-10-18 04:10:19,41ea36f1-5d2d-4c1f-a586-b29eb9fb6d8c,タイムリーな情報をありがとうございます
2023-10-24 18:24:58,e3305052-f0f1-48b2-88ba-b3553678764b,まだ使ったこと無いためわからない
2023-10-26 21:43:44,2228fa2d-1534-4a43-8d60-a267475d12f2,チョクチョク更新するからいい
2023-10-18 19:11:16,a37bd6c7-8f6e-44c4-909f-9ce2c8a5065a,なかなか良いと思う
2023-10-28 19:01:40,2279fca9-b900-4027-aece-de285f554615,とても助かってます
2023-10-27 19:19:09,345d8c73-91ec-4692-9a95-5fd4ad535299,素早い情報感謝してありがとうございます
2023-10-29 14:17:31,46bee0b8-c16d-4e16-8751-3b235bceb7f7,近いお店の情報が分かりました
2023-10-15 21:00:55,6039a424-49cf-437e-96b7-0f05fe174502,なんで趣味にパチスロ/パチンコないの
2023-10-17 07:22:51,7d68d479-d8d3-4cd0-9ce9-beb08a4b596a,天気予報は猿にさせているようなので、これからは黙ってaiで良いんじゃないですか
2023-10-17 07:22:51,7d68d479-d8d3-4cd0-9ce9-beb08a4b596a,猿の予報より当たると思いますよ
2023-10-20 14:12:25,d6532eee-f611-4c58-9931-bdbd07b32e3f,なぜかインターネットにつながらない
2023-10-27 20:45:16,d43263e6-6d68-4244-abbf-a9b7a5478fbe,暇つぶしにいい
2023-10-16 04:47:59,5f6f80a0-ae89-44d5-8cc5-59463a038302,大変いいニュースばかり
2023-10-25 12:40:36,b245a591-3e64-437f-b201-2a015af1c5b6,いつも見てますけど
2023-10-11 18:14:05,baba8ddf-66ee-4681-9911-8ccfb513ad80,更に内容の充実を期待します
2023-10-27 06:49:51,d2b93822-f088-43cb-a9c6-e326aec9c60f,前の人達が伝えている通りすぎ
2023-10-04 10:22:25,6b1f90b8-0686-4ea1-9ab0-ae859f4da9b8,解りやすくリアルタイムでの情報に安心して毎日読んでいます
2023-10-10 18:56:38,d9de92a8-8c13-461f-8fe9-2e0eeb998cb0,非表示にできない広告がある
2023-10-10 18:56:38,d9de92a8-8c13-461f-8fe9-2e0eeb998cb0,不快な広告が繰り返し表示される
2023-10-13 05:56:24,8f6008e9-0533-47a3-a5c4-e2eb279d9ecf,便利で役に立ちます有り難う
2023-10-13 05:56:24,8f6008e9-0533-47a3-a5c4-e2eb279d9ecf,世界の事まで分かります
2023-10-03 16:40:00,b53241ed-9918-42ab-919f-4f87e2ba121a,日本国内とか各都道府県の話題タブ分けしないヤツだけに特化できる機能表示選択肢を持たせて欲しい
2023-10-29 23:22:50,ce04e112-ed61-4314-84b6-142f89b70581,まぁ気になるニュースちゃんと来ます
2023-10-09 22:37:02,d8efd712-3a0c-483b-8f5f-4012968d4e8d,いろんなニュースをありがとうございます
2023-10-13 20:33:48,2957b2f9-73a7-4194-8c2f-60ba160c9db2,とても使い易い
2023-10-08 08:24:32,95f77aa2-670f-4a6d-8dde-950006e37c59,オモシロイ継続すると、自分好みに変わっていく
2023-10-08 17:21:45,5b985aaa-0711-4b01-b05d-f41e1f3d8eff,わかりやすくていいと思う
2023-10-11 08:18:43,4e15090c-b579-4948-b204-0d089251744f,少なくとも不便に感じることはないです
2023-10-05 05:24:52,75c50ee1-6a61-4c66-a164-2fd2fb92fd26,あんただれのぶちやんがんばらなあかんなんばしよっと
2023-10-10 21:15:14,15fcdba3-f0e3-4ac0-b7b2-752306b3bfdb,最近更新が多い
2023-10-04 05:36:51,e49fbbf8-b776-42ee-bd1b-48e3e9dd27af,とてもいいアプリです
2023-10-12 18:30:30,a3ea70e5-e822-43df-8eea-e754f1cbc617,いい感じ、激推しです
2023-10-05 07:49:56,ad31ac41-c695-41da-b48c-390e91384de9,使い易いです
2023-10-22 20:58:13,0dd6ba6b-4caf-4a74-8c94-93c67204883f,宜しくお願い致しますしましたです
2023-10-09 07:03:30,5eb4c3d6-5401-4d52-a2c0-d5b9a6a19ce6,お天気情報がよくわかる
2023-10-24 14:21:12,226664a1-5d0c-4372-bb75-4cfae196f9f7,内容ばかり良いのだが、遡って記事を読もうとしたとききえている時がある
2023-10-01 09:05:46,f035aa30-796c-48b6-af33-f8db545aa72d,天気雨雲レーダーアプリを出してほしいです
2023-11-25 18:29:29,23d66552-1439-4af8-8ed2-7332d694383c,手軽でもその反面
2023-11-25 18:29:29,23d66552-1439-4af8-8ed2-7332d694383c,一つ一つの記事は読みやすくなっているし、タグごとのグループ分けがあるために、興味のあるジャンルのニュースを事細かに見る事ができるが、ニュースの更新の頻度が高く、また勝手に更新されてしまうため、あとでこの記事読みたいと思った時には更新が入ってしまったりであれっ、あの記事どこいったんだ
2023-11-25 18:29:29,23d66552-1439-4af8-8ed2-7332d694383c,と見つけられないこともしばしば通知に来た気になるニュースもタップすると、アプリのトップに飛ばされるだけで読みたい記事への動線がないことも多い
2023-11-29 18:02:26,09124c32-e260-4ed6-acbc-cba6b7c4c4e0,アップデートが頻繁すぎる
2023-11-29 18:02:26,09124c32-e260-4ed6-acbc-cba6b7c4c4e0,しかも、アップデートデータがかなりの容量で、アップデートに時間がかかる
2023-11-29 18:02:26,09124c32-e260-4ed6-acbc-cba6b7c4c4e0,容量が大きいので、パケット量も多く、これが頻繁すぎるので、たまったものではない
2023-11-29 18:02:26,09124c32-e260-4ed6-acbc-cba6b7c4c4e0,そんなにアップデートしなければならないような不完全なアプリなのか、または、アップデートで怪しい変更が行われているのか、とにかく、他のアプリではあり得ないほどのアップデートの頻度
2023-11-26 06:26:02,3f7af2a3-9400-481a-b582-783d04b35c5c,新しいバージョンになって、記事のリンクがlineなど他のアプリに送れなくなりました
2023-11-26 06:26:02,3f7af2a3-9400-481a-b582-783d04b35c5c,今まで、良い記事、ためになる記事を家族や友人にシェアしていたので、今回の変更は非常に困ります
2023-11-26 06:26:02,3f7af2a3-9400-481a-b582-783d04b35c5c,ブラウザで開くの機能も無くなり、アプリで正しく表示されないニュースを読む手段はどうすればよいのか
2023-11-26 06:26:02,3f7af2a3-9400-481a-b582-783d04b35c5c,いいね機能とか要らない機能が増えた改悪だと思います
2023-11-26 06:26:02,3f7af2a3-9400-481a-b582-783d04b35c5c,※追伸シェアする機能を見つけました
2023-11-26 06:26:02,3f7af2a3-9400-481a-b582-783d04b35c5c,記事の一覧でシェアしたい記事を長押しすると出ました
2023-11-26 06:26:02,3f7af2a3-9400-481a-b582-783d04b35c5c,何故かシェアしたい記事を開いた状態ではメニューに表示されません
2023-11-26 06:26:02,3f7af2a3-9400-481a-b582-783d04b35c5c,慣れではありますが、記事を開いた状態で操作できるのがスムーズだと思います
2023-11-11 21:30:59,45d54b3e-0c5e-4228-96b9-c001088f1e84,とにかく挙動が不安定他の方も言っていますがスワイプの誤反応、勝手に戻る判定→読んでた記事が見つからないあと記事を読んだり縦スクロールの際にリロードが多発してストレスでしかない頻繁にアプデがあるわりに
2023-11-11 21:30:59,45d54b3e-0c5e-4228-96b9-c001088f1e84,という感想ですまぁ、乗り換えるるほど他のニュースアプリが私にはあまり合わないのもありますけど改善お願いします
2023-11-29 23:01:11,df6bce23-56df-41b6-aa82-e49cdcdbc35f,11月26日早朝からandroid13では記事右上ボタンでブラウザが開けなくなっている
2023-11-29 23:01:11,df6bce23-56df-41b6-aa82-e49cdcdbc35f,要改善
2023-11-29 23:01:11,df6bce23-56df-41b6-aa82-e49cdcdbc35f,iphone版は問題ナシどちらのスマートニュースもバージョンは同じ最新版
2023-11-29 23:01:11,df6bce23-56df-41b6-aa82-e49cdcdbc35f,ちなみに4年前のandroid9スマホでは今まで通りにスマートニュース記事右上から直でブラウザが開ける
2023-11-09 12:28:57,e9911fcf-7f73-4a10-ade4-70a67e44a528,各ジャンルをバランスよく載せてあると思います
2023-11-09 12:28:57,e9911fcf-7f73-4a10-ade4-70a67e44a528,表現が大げさでもないし
2023-11-09 12:28:57,e9911fcf-7f73-4a10-ade4-70a67e44a528,他のアプリもいくつか試しましたが、偏りが目立ち、私にとってあまり興味をひかない話題が多い
2023-11-09 12:28:57,e9911fcf-7f73-4a10-ade4-70a67e44a528,世の中の平均的には、刺激のある話題や表現の方が利用者を引き寄せるかもしれませんが、必ずしも誰もがそれを求めているわけではありません
2023-11-29 00:08:11,6d91f8ed-f78c-407d-96cd-9fff4f13bf36,定時のニュースやピックアップを確認する前に勝手に全部消されたり、送ってきたり来なかったり
2023-11-29 00:08:11,6d91f8ed-f78c-407d-96cd-9fff4f13bf36,こんな事ならもうインストールをやめようと思います
2023-11-29 00:08:11,6d91f8ed-f78c-407d-96cd-9fff4f13bf36,ニュースは他でもいくらでもわかるしスマートニュースの必要性がありません
2023-11-29 00:08:11,6d91f8ed-f78c-407d-96cd-9fff4f13bf36,がっかりしました
2023-11-09 20:04:30,1d3d98ee-97c8-4ef3-bf82-cdb4560d44bd,当初は、独自のクーポンのあるお徳なアプリでした
2023-11-09 20:04:30,1d3d98ee-97c8-4ef3-bf82-cdb4560d44bd,セールスポイントもクーポンでした
2023-11-09 20:04:30,1d3d98ee-97c8-4ef3-bf82-cdb4560d44bd,しかし、今ではクーポンに魅力がまったくありません
2023-11-09 20:04:30,1d3d98ee-97c8-4ef3-bf82-cdb4560d44bd,ニュースだけなら、yahoo、googleで十分です
2023-11-09 20:04:30,1d3d98ee-97c8-4ef3-bf82-cdb4560d44bd,容量確保のため、無駄なアプリは削除となります
2023-11-09 20:04:30,1d3d98ee-97c8-4ef3-bf82-cdb4560d44bd,さようなら
2023-11-17 03:25:51,02a0a846-810a-4b09-966e-73c9f6d3a12d,頻繁にアップデートが実施しされるアプリ
2023-11-17 03:25:51,02a0a846-810a-4b09-966e-73c9f6d3a12d,それ自体は良いのだが、11/16あたりに行ったアップデート後はフリーズ続出でまともに記事が読めなくなりました
2023-11-17 03:25:51,02a0a846-810a-4b09-966e-73c9f6d3a12d,ちゃんとテストしてからリリースして欲しい-----何だかんだで暇があればみている日本人にマッチしたホームアプリだと感じる
2023-11-17 03:25:51,02a0a846-810a-4b09-966e-73c9f6d3a12d,気に食わない広告は消せるし、天気や新型コロナ情報などニーズを先読みして、機能を追加してくれている
2023-11-17 03:25:51,02a0a846-810a-4b09-966e-73c9f6d3a12d,強いて苦言
2023-11-17 03:25:51,02a0a846-810a-4b09-966e-73c9f6d3a12d,を呈すなら、一覧表示のサムネイルに惹かれて、本文を開いても、その画像が無かったり、グラビア記事でも写真一枚だけなど、ガッカリ体験が意外と多いことかな
2023-11-22 20:57:36,401e7c7f-6cea-4c19-aac8-c805b08933f9,現在令和23年11月22日の時点でこのアプリの試験的お試し新機能を試すきっかけが出来る
2023-11-22 20:57:36,401e7c7f-6cea-4c19-aac8-c805b08933f9,その試験的お試し新機能の使い方がニュースを詳しく視聴したい場合にニュースをクリックして視聴する場合に保存機能が追加しているのでそのニュースを保存したい場合には新しい新機能の保存出来る機能が追加している
2023-11-22 20:57:36,401e7c7f-6cea-4c19-aac8-c805b08933f9,使い方がスマートフォン画面下の左がクリックして閲覧中のニュースを保存したい機能で右が赤の他人がこのニュースを視聴して閲覧して保存機能を使って保存した人数分の表示である事がすぐに理解出来た
2023-11-22 20:57:36,401e7c7f-6cea-4c19-aac8-c805b08933f9,すなわち過去の閲覧がスマートニュースにあるが例えば1週間前や1ヶ月前や1年前のニュースわ閲覧が不可能なのでその試験的お試し新機能が今後も追加するかしないかわわからないがこの機能が今後追加された場合にはいつでも気軽に残したいニュースがあれば保存機能を使えば気になったらニュースを半永久的に保存出来るのである機能を現在試験的にお試し新機能のメリットやデメリットを調整中であると思いました
2023-11-29 20:09:38,42e40847-b526-4f26-ab71-a64533cec0fd,他のレビューにもあるようになんのための興味がないなのか
2023-11-29 20:09:38,42e40847-b526-4f26-ab71-a64533cec0fd,興味がない、見たくないニュースが延々出てくるのはストレスでしかない
2023-11-29 20:09:38,42e40847-b526-4f26-ab71-a64533cec0fd,コーデスナップはフィクションの漫画サイトですよね
2023-11-29 20:09:38,42e40847-b526-4f26-ab71-a64533cec0fd,それがなぜニュースなのか
2023-11-29 20:09:38,42e40847-b526-4f26-ab71-a64533cec0fd,スマニューの信用を落としてるだけなのでは
2023-11-12 23:48:47,c1c2f33d-c872-447a-9b00-c211c9716f50,とても見やすく読みやすいですが、やっぱり未だに他のニュースアプリより速報が凄く遅いです
2023-11-12 23:48:47,c1c2f33d-c872-447a-9b00-c211c9716f50,何処かのニュース見てから速報出してるのではないでしょうか
2023-11-12 23:48:47,c1c2f33d-c872-447a-9b00-c211c9716f50,丁度そのぐらいのタイムラグはありますよ
2023-11-12 23:48:47,c1c2f33d-c872-447a-9b00-c211c9716f50,速報が早いアプリにして下さい
2023-11-12 23:48:47,c1c2f33d-c872-447a-9b00-c211c9716f50,ニュースの間に宣伝
2023-11-12 23:48:47,c1c2f33d-c872-447a-9b00-c211c9716f50,あれはいらないです
2023-11-12 23:48:47,c1c2f33d-c872-447a-9b00-c211c9716f50,余計に見づらくなる
2023-11-13 09:43:29,f7e790c7-6477-42b2-8cbb-49ca79906e00,音楽をイヤホンで聴きながら利用していると広告を強制的に閲覧させたいからか、音楽の音声を止めてしまう
2023-11-13 09:43:29,f7e790c7-6477-42b2-8cbb-49ca79906e00,全然スマートでない
2023-11-12 08:31:16,34d1d905-1c7b-46fa-8eaa-385c77173c28,一覧には写真があるが本文を見ると全く無いことがほとんど
2023-11-12 08:31:16,34d1d905-1c7b-46fa-8eaa-385c77173c28,たまに発信元のリンクがあるが行った先はcmバナーだらけ
2023-11-12 08:31:16,34d1d905-1c7b-46fa-8eaa-385c77173c28,アプリ自体もたまに固まったあと閉じてしまう
2023-11-06 00:31:16,6e1d3642-5c66-4876-a331-30484db860fe,使いやすいアプリだが、topや国際タブの記事が悲観的なもの・低俗なものに偏っており、興味がない、というフィードバックを行っても延々と同じメディアの似た内容の記事が表示される
2023-11-06 00:31:16,6e1d3642-5c66-4876-a331-30484db860fe,年に一度のメディアアワードでその手のメディアが上位に入ってるのは別に構わないが、個人向けにカスタムできるようメディア自体の非表示機能が欲しい
2023-11-06 00:31:16,6e1d3642-5c66-4876-a331-30484db860fe,宣伝費の関係で難しいのだろうけど
2023-11-09 20:17:21,056864cc-a3d8-4419-a7b4-81b82bc5b129,ちょっと情報量多くて忙しい方には読むの困難、スルー、無視もほとんど
2023-11-09 20:17:21,056864cc-a3d8-4419-a7b4-81b82bc5b129,でもショッキングな事件に集中して読むこともある、androidtvとかgooglecastと言われても対応って解らない、説明、お願い
2023-11-09 20:17:21,056864cc-a3d8-4419-a7b4-81b82bc5b129,良いものならやりたいし既に出来ているのかもちょと
2023-11-06 12:48:04,8738b0d9-cb55-4afa-9832-34b6c02be292,他のニュースアプリも見たがやはりスマートニュースアプリに戻ってしまう
2023-11-06 12:48:04,8738b0d9-cb55-4afa-9832-34b6c02be292,見やすいが、広告で同じ表示があるので検討してください
2023-11-06 12:48:04,8738b0d9-cb55-4afa-9832-34b6c02be292,速報は内容量も良いので今後も期待しております
2023-11-01 18:56:19,c7ef4eed-2b0c-4a9c-bd38-7b632af7c71f,2023/10ぐらいから文字サイズが大きくなった
2023-11-01 18:56:19,c7ef4eed-2b0c-4a9c-bd38-7b632af7c71f,文字サイズを小さくしたくても標準大しかない
2023-11-01 18:56:19,c7ef4eed-2b0c-4a9c-bd38-7b632af7c71f,記事を見たときも左右に余白がありすぎて読みにくい
2023-11-09 14:34:05,a806f6f0-3d70-44f5-be16-52107e25c45a,大変役にたっています
2023-11-09 14:34:05,a806f6f0-3d70-44f5-be16-52107e25c45a,"1日に1,2時間は読んでおり、勉強になってます"
2023-11-09 14:34:05,a806f6f0-3d70-44f5-be16-52107e25c45a,ただ、少し読んでないと情報が溜まり過ぎてスマホに負荷がかかりすぎていないかが心配
2023-11-23 22:59:46,0492ca9e-56b2-41f9-a445-0cc8b4999752,アップデートで閲覧数などが表示されるようになったが、snsならまだしもニュースアプリでやられると気持ち悪い
2023-11-23 22:59:46,0492ca9e-56b2-41f9-a445-0cc8b4999752,下世話な記事ほど閲覧が多い様子を見せられるとこのユーザーの一員で居たくない気分が強くなる
2023-11-25 11:38:24,1104d5fd-7a1f-493f-8de8-937ce1650684,閲覧数、いいね数、共有ボタン等余分な表示が増えて非常に見づらくなりました
2023-11-25 11:38:24,1104d5fd-7a1f-493f-8de8-937ce1650684,レイアウトも当初の方が見やすいです
2023-11-26 18:51:39,feb45406-dfa3-49a0-a211-7c60430ad120,毎日ニュースとか天気を確認させてもらってます
2023-11-26 18:51:39,feb45406-dfa3-49a0-a211-7c60430ad120,アップデートが時たまあり少し気になりますが無料なのでそのくらいは妥協できます
2023-11-26 18:51:39,feb45406-dfa3-49a0-a211-7c60430ad120,星占い、ナンプレ、クロスワードも楽しめて良いかと思います
2023-11-04 14:27:18,d9bfe9af-7b8a-483a-b911-3fa31247ebd8,記事によっては何かの引用しないとわからないものがあるので気を付けて欲しい
2023-11-04 14:27:18,d9bfe9af-7b8a-483a-b911-3fa31247ebd8,読んでいる途中で広告になってしまうので戻るボタンを押すと記事の題名に飛ぶのもよくないです
2023-11-23 20:26:43,7149bdfa-30a8-4864-96e7-6fb54b6f12e0,最近、トップの記事の左側にいいねマークが表示されるようになり、全体的に記事が小さくなってしまったので、以前のレイアウトに戻してほしいです
2023-11-24 10:26:26,d4443eda-8e42-4ddc-aea4-170e27db44cf,新聞の代りにスマートニュースを読んでいます
2023-11-24 10:26:26,d4443eda-8e42-4ddc-aea4-170e27db44cf,いつでも、何処でもニュースを読めるのでとても気に入っています
2023-11-11 00:36:29,dcf5784f-118d-4d62-9d79-b529d368cab9,天気確認用としてしか使用してません
2023-11-11 00:36:29,dcf5784f-118d-4d62-9d79-b529d368cab9,興味ない記事が多く、何度も興味ないにいれてるのに翌日また出てくる
2023-11-11 00:36:29,dcf5784f-118d-4d62-9d79-b529d368cab9,個人的な感想で申し訳ないけど某お天気キャスターのコーディネートなんて興味ないです
2023-11-11 00:36:29,dcf5784f-118d-4d62-9d79-b529d368cab9,何度も表示させんな
2023-11-21 21:03:43,c6377ae2-6fae-4bef-b838-e47862d7c081,興味がない、と消してもまだでてくる
2023-11-21 21:03:43,c6377ae2-6fae-4bef-b838-e47862d7c081,最近は手軽な天気予報として使ってる
2023-11-21 21:03:43,c6377ae2-6fae-4bef-b838-e47862d7c081,そういえば、一度消した時に大分容量が空いた
2023-11-21 21:03:43,c6377ae2-6fae-4bef-b838-e47862d7c081,定期的に消すといいかも
2023-11-17 12:35:53,f9e9a7a7-181a-4eb2-a6b4-2e5bfdae3b0d,野球ハラスメントが酷い
2023-11-17 12:35:53,f9e9a7a7-181a-4eb2-a6b4-2e5bfdae3b0d,野球に興味が無いので興味がないを押しているのにしつこく野球の記事が出てくる
2023-11-17 12:35:53,f9e9a7a7-181a-4eb2-a6b4-2e5bfdae3b0d,興味がないが機能していないのでは
2023-11-17 12:35:53,f9e9a7a7-181a-4eb2-a6b4-2e5bfdae3b0d,不要な記事が入るのは気に障るので改善してほしい
2023-11-17 12:35:53,f9e9a7a7-181a-4eb2-a6b4-2e5bfdae3b0d,あとプロ野球の試合速報を非表示にできるようにしてください
2023-11-17 12:35:53,f9e9a7a7-181a-4eb2-a6b4-2e5bfdae3b0d,不要なので邪魔です
2023-11-17 12:35:53,f9e9a7a7-181a-4eb2-a6b4-2e5bfdae3b0d,大谷翔平特集は消しても消えない
2023-11-17 12:35:53,f9e9a7a7-181a-4eb2-a6b4-2e5bfdae3b0d,大谷ハラスメント
2023-11-06 18:48:27,43ba1ec9-d26d-4745-89f1-a732f34651ce,オフラインでも読めるニュースがあるのは嬉しいところ
2023-11-06 18:48:27,43ba1ec9-d26d-4745-89f1-a732f34651ce,ただ、最近は何度も更新させられる
2023-11-06 18:48:27,43ba1ec9-d26d-4745-89f1-a732f34651ce,いらない機能が増えているのではないだろうか
2023-11-03 02:12:51,c68435a2-aa17-4644-8337-c68601720089,広告無し、無料情報ニュース、お得クーポン多数、アプリ
2023-11-03 02:12:51,c68435a2-aa17-4644-8337-c68601720089,問題無し、エラー発生無し、大変満足です
2023-11-03 02:12:51,c68435a2-aa17-4644-8337-c68601720089,使用中のスマホは楽天aquossense7シャープ製です
2023-11-03 19:34:18,c6f609db-cfa5-4010-8cce-44cb8b6a2ff4,手軽に情報を取得可能です
2023-11-03 19:34:18,c6f609db-cfa5-4010-8cce-44cb8b6a2ff4,時間の節約には可能でピンポイントに選択出来重宝しています
2023-11-03 19:34:18,c6f609db-cfa5-4010-8cce-44cb8b6a2ff4,有難うございます
2023-11-26 10:42:25,b7ba506a-42e1-45a3-9eb3-234901f8d677,グーグルクロームで検索した商品がニュースのなかに繰り返し繰り返し出てきてウンザリ
2023-11-26 10:42:25,b7ba506a-42e1-45a3-9eb3-234901f8d677,しばらく削除していた
2023-11-26 10:42:25,b7ba506a-42e1-45a3-9eb3-234901f8d677,広告費が出るのか
2023-11-25 08:22:12,4f98ef53-6923-4dc2-ad86-ea3580c8be9c,更新プログラムが年中で多すぎ
2023-11-25 08:22:12,4f98ef53-6923-4dc2-ad86-ea3580c8be9c,雨雲レーダ全く役立たず
2023-11-25 08:22:12,4f98ef53-6923-4dc2-ad86-ea3580c8be9c,楽天ポイント付与が12月25日で終了との告知、それ以後はアンイストールします
2023-11-26 07:28:19,52e3b9a6-f616-42f8-817a-6ffa64c34ef4,広告が多すぎ見たいニュースも、広告のせいで見ずらい消したくてものマークが小さすぎで、押しても、関係ない広告に飛んでしまう
2023-11-22 19:40:47,a1a792bc-f18e-43e3-8899-a82804c8ac16,全体的には満足
2023-11-22 19:40:47,a1a792bc-f18e-43e3-8899-a82804c8ac16,勝手に記事が更新されるのとブックマーク無くなったのが困る
2023-11-23 19:46:51,7121d836-eb0e-48e3-84c7-20c4b0c3f8ce,いいね♡機能はいりません
2023-11-23 19:46:51,7121d836-eb0e-48e3-84c7-20c4b0c3f8ce,余計な機能はいらないのでシンプルに記事だけを読ませてください
2023-11-24 09:08:13,3097c4ec-a619-4fad-b117-fb83e39006fa,興味が無い・見たくないものを非表示にした後、再びアプリを開く・リロードするとまた表示させるのは何故ですか
2023-11-27 21:50:04,af9a2fc0-e8c5-4742-bd27-902e35b78d3b,使いやすい
2023-11-27 21:50:04,af9a2fc0-e8c5-4742-bd27-902e35b78d3b,クーポン多いし素晴らしい
2023-11-27 21:50:04,af9a2fc0-e8c5-4742-bd27-902e35b78d3b,ただ通知が多いのでサイレントにしておくと良いと思います
2023-11-21 12:32:43,6403ec9c-8aa3-4bbe-9afc-b802fd3cb2ab,意味がわからない記事がある
2023-11-21 12:32:43,6403ec9c-8aa3-4bbe-9afc-b802fd3cb2ab,ある意味変な想い入れがあるのかな
2023-11-21 12:32:43,6403ec9c-8aa3-4bbe-9afc-b802fd3cb2ab,客観的に見れば好き嫌いではなくもっと掘りさげて考えて記事にしてほしい
2023-11-23 03:25:10,fa058387-6781-42e3-b560-4a2636344aab,左右フリックで勝手に隣のタブに移動するのなんとかなりませんかね
2023-11-23 03:25:10,fa058387-6781-42e3-b560-4a2636344aab,せめてオンオフ出来るようにしてほしい
2023-11-26 21:37:53,7c3dd31d-ffce-497f-b7c9-62514ffda232,記事元の新聞社のをブロックしたいもので、それの機能が付いていないもので私としては着けて欲しいものです
2023-11-09 22:39:29,72b0918d-8177-49dd-a380-feb8def0a522,タッチする位置によって、予期せずタブが変わってしまうので、操作感はいまいち
2023-11-09 22:39:29,72b0918d-8177-49dd-a380-feb8def0a522,cmが少ないのは、高評価
2023-11-03 06:14:16,a0911ec9-ddf6-47fc-8431-2cae5bbb318f,毎朝楽しく読ませて頂いております
2023-11-03 06:14:16,a0911ec9-ddf6-47fc-8431-2cae5bbb318f,朝だけではなく気がついたらスマートニュースを見ています
2023-11-06 21:49:59,c464ca62-1e38-4b98-979e-9f2c1dfbb071,慣れてるから使ってるのだけど、広告のいちが邪魔
2023-11-06 21:49:59,c464ca62-1e38-4b98-979e-9f2c1dfbb071,わざと触るところについている
2023-11-06 21:49:59,c464ca62-1e38-4b98-979e-9f2c1dfbb071,数も多い
2023-11-06 21:49:59,c464ca62-1e38-4b98-979e-9f2c1dfbb071,もっとちゃんとしたのがあったら変える
2023-11-24 02:50:59,c3c6e65d-e194-46c9-badc-37007cac2360,アプデ直前までは自分に無関係な広告と選択すると同じ広告は出なかったがアプデ後は何度も同じ広告に対して自分に無関係を選んでもまた同じ広告が表示されて鬱陶しい
2023-11-19 21:54:05,7825126d-0017-4770-9eb8-f7b7433959ca,消せない広告が画面を占有して不便
2023-11-19 21:54:05,7825126d-0017-4770-9eb8-f7b7433959ca,動画広告は見たくないで包括的に拒否しているつもりが、動画広告は執拗に繰り返される
2023-11-19 21:54:05,7825126d-0017-4770-9eb8-f7b7433959ca,スポンサーの企業イメージも悪くなるのに
2023-11-23 08:27:43,09be41aa-3875-42be-a868-b8874609ad61,何で読んでいる途中で画面が切り替わるの
2023-11-23 08:27:43,09be41aa-3875-42be-a868-b8874609ad61,切り替わった後で読んでいた記事は何処に行った、もう見つからない
2023-11-23 08:27:43,09be41aa-3875-42be-a868-b8874609ad61,馬鹿にしてんの
2023-11-18 08:35:38,2d4f08e5-b1e7-4cbe-9c8e-b1944c35da8c,記事を読んでる時、下にスクロールしてる時ほんの少しでも左右にスライドするとホームに戻されるのがすごいストレスですせめてもう少し感度下げてください
2023-11-18 14:04:18,5e849fd0-c592-429b-aaaf-8fc21af88ade,長年利用させていただいておりますが他にない情報の提供、差しcmが他のサイトよりも少ない事
2023-11-18 14:04:18,5e849fd0-c592-429b-aaaf-8fc21af88ade,これは、昔から変わらない企業努力
2023-11-18 14:04:18,5e849fd0-c592-429b-aaaf-8fc21af88ade,これからも進化し続けてください
2023-11-11 22:25:05,08eeb8e7-86f2-470f-82f3-6593f5fb9f9a,勝手にタブ追加され、タブの色もかえられる
2023-11-11 22:25:05,08eeb8e7-86f2-470f-82f3-6593f5fb9f9a,記事は見やすく良いアプリだと思うが、ユーザーの使い勝手は無視なのか
2023-11-18 09:17:40,a148b883-b4c6-4515-bacd-26150356494a,読みたくない配信メディア・会社を指定して記事が配信されなくなるような設定ができるようにしてほしい
2023-11-14 13:17:23,9cd68431-b76b-4e38-b3fe-4a334506961b,先程にスマニューアプリで出ませんでした
2023-11-14 13:17:23,9cd68431-b76b-4e38-b3fe-4a334506961b,回復して治りましたよ
2023-11-14 13:17:23,9cd68431-b76b-4e38-b3fe-4a334506961b,困りましたよ
2023-11-14 13:17:23,9cd68431-b76b-4e38-b3fe-4a334506961b,何とかしてください
2023-11-14 13:17:23,9cd68431-b76b-4e38-b3fe-4a334506961b,3000社以上のこと、無料の味方や遣り方など
2023-11-02 18:59:15,6862c42b-717c-48a7-b140-1e44ec8e9cb9,アプリが出た頃から気に入ってるかな
2023-11-02 18:59:15,6862c42b-717c-48a7-b140-1e44ec8e9cb9,年々広告量が増えたけど初めは無かった無料だし、見たい物だけ見れるし
2023-11-02 18:59:15,6862c42b-717c-48a7-b140-1e44ec8e9cb9,最近は天気も気に入ってるかな
2023-11-09 21:55:28,a6465e4b-adf7-46bb-96c2-9f49880cfb17,特定ジャンルの記事は、相変わらず広告だらけの粕アフィサイト
2023-11-09 21:55:28,a6465e4b-adf7-46bb-96c2-9f49880cfb17,広告表示させるだけのゴミサイトへのリンクはどうにかしろ
2023-11-09 21:55:28,a6465e4b-adf7-46bb-96c2-9f49880cfb17,飲食店クーポンは劣化しすぎて使い道なし
2023-11-01 18:48:19,16bcde3b-7f57-4086-9796-c71cf659a058,いつも拝見してます
2023-11-01 18:48:19,16bcde3b-7f57-4086-9796-c71cf659a058,1つ言うなら、クーポンは何処でも使用出来るのにして頂きたいです
2023-11-01 18:48:19,16bcde3b-7f57-4086-9796-c71cf659a058,九州の田舎の方は、使用出来ない事が多かったので
2023-11-02 21:56:38,06f7f9f0-5fed-44a9-9270-afdb5f1b2808,いろんな最新のニュースを知ることが出来るので、嬉しいです
2023-11-02 21:56:38,06f7f9f0-5fed-44a9-9270-afdb5f1b2808,地球くんのキャラクターも可愛い
2023-11-02 21:56:38,06f7f9f0-5fed-44a9-9270-afdb5f1b2808,クーポンも使えるので、便利です
2023-11-04 07:46:37,0f1c2a59-0291-4a38-a600-f02fcdcca3a3,今日の天気や占いなどお出かけ前のちょっと気になる事をピックアップしてくれる朝スマニュー助かってます
2023-11-04 07:46:37,0f1c2a59-0291-4a38-a600-f02fcdcca3a3,クーポンはまだ使ったことがないですが、その内使いたいですね
2023-11-07 19:16:02,7506bf49-9bd4-4364-8645-8e4ce470140a,インチキ臭い通販ばっかり=1回のみの注文のハズガ確認ページに移ると2かい~4回の注文になっている
2023-11-07 19:16:02,7506bf49-9bd4-4364-8645-8e4ce470140a,解約パターンは無い
2023-11-07 19:16:02,7506bf49-9bd4-4364-8645-8e4ce470140a,ヤクザまがいの通販は管理出来ていない
2023-11-03 14:24:53,ef1be391-1043-45ed-8ed0-54bdbb5fff3c,毎日、いろいろな記事があるので、追っ付くのが大変ですが、見応えありますね
2023-11-20 09:13:00,9aad20ef-4a21-41a0-b53c-a0f78e5e3938,隙間時間に楽しみながらセレクトして情報を得られるので頻繁に活用しています
2023-11-28 11:09:22,e615f00e-922f-4917-acfd-f3391f8ee234,上手く使いこなせていないので、見たいニュースにちょっと辿りつけない事がある
2023-11-22 03:09:03,7cffa980-90cd-4528-87b6-83ad2e582a09,ニュース系は情報も早く良いが、漫画系の広告が邪魔すぎて読む気になれません
2023-11-11 21:30:23,7e37de2e-c224-4a5c-a313-41b8befe95dd,ちょっとした空き時間に気軽に見られて良いと思う
2023-11-11 21:30:23,7e37de2e-c224-4a5c-a313-41b8befe95dd,ジャンルも増えていて今後も期待しています
2023-11-21 14:13:04,9d1bf6fc-b078-4495-a8b6-220e6d03630d,何度”興味がない”を選んでも全く反映されないいい加減うんざりきたのでアンインストールします
2023-11-28 01:09:50,02e85139-48b5-448b-8c98-6570fb3a7b6a,自身好きなジャンルをピックアップし、閲覧出来興味ない物はカット
2023-11-28 01:09:50,02e85139-48b5-448b-8c98-6570fb3a7b6a,此からも宜しくお世話になります
2023-11-03 00:19:03,3c9d202f-d114-4967-a1f4-d99db4e8345c,タブレットを縦にした時の記事レイアウトが見づらくなってたのが直ってました、流石です
2023-11-03 00:19:03,3c9d202f-d114-4967-a1f4-d99db4e8345c,ニュースアプリでは一覧の表示記事数も多くレイアウトも凝ってて見やすく飽きる事なく見れてます
2023-11-03 00:19:03,3c9d202f-d114-4967-a1f4-d99db4e8345c,あと希望なんですが閲覧した記事の履歴が残せてブラウザでまた見れればいいなとたまに思います
2023-11-03 00:19:03,3c9d202f-d114-4967-a1f4-d99db4e8345c,是非ご検討を
2023-11-24 02:21:21,84414d54-8811-457c-9d72-0d96e8dd1110,タブレットなのにスマホサイズで表示
2023-11-24 02:21:21,84414d54-8811-457c-9d72-0d96e8dd1110,おじいちゃんじゃないのに文字でかく標準より小さい設定もない、表示される数も少なくて大きなタブレットで見る意味がない
2023-11-02 07:39:27,74c8cd04-5e5c-490d-b698-b7fba78e3ed8,勝手に動画が動いて、通信量ばかり喰う最悪なアプリ
2023-11-02 07:39:27,74c8cd04-5e5c-490d-b698-b7fba78e3ed8,数ヶ月前迄そんな事は無かったのに、通信会社の犬にでも成り下がったんか
2023-11-01 07:31:12,96efa20c-4f57-4feb-9c6a-534a60ea8fa9,よみやすい毎日一定時間みている無料なので、やむを得ないが、ときに頑固なコマーシャルが入るのが鬱陶しい
2023-11-13 08:11:39,28d313fc-2423-438d-8e7c-5785e3ae7aee,1度閲覧した記事をもう一度検索できたらより使いやすい追記保存機能便利です
2023-11-13 08:11:39,28d313fc-2423-438d-8e7c-5785e3ae7aee,ありがとうございます
2023-11-27 10:24:22,d163e9b5-3e65-4d35-8c73-ac2d880f8ef8,地域情報も登録できたら見る事が出来る
2023-11-27 10:24:22,d163e9b5-3e65-4d35-8c73-ac2d880f8ef8,便利です
2023-11-09 23:44:03,39eafcef-2624-4678-bede-1ea63d9ae503,トップの低俗な広告が非表示にできなくなった
2023-11-09 23:44:03,39eafcef-2624-4678-bede-1ea63d9ae503,どんどん悪い方にいっている
2023-11-30 15:16:17,655183a6-dfa7-46ef-90d5-71bca80e2201,いろんなメディアが読めてめちゃくちゃ最高です
2023-11-30 15:16:17,655183a6-dfa7-46ef-90d5-71bca80e2201,スマートニュースめちゃくちゃ宝物です
2023-11-04 13:52:41,5b608d9d-85b7-487f-b758-7e3960ef8de3,スマホ使い始めからずっと使ってます
2023-11-04 13:52:41,5b608d9d-85b7-487f-b758-7e3960ef8de3,いい時間潰し&情報収集に最適
2023-11-15 22:22:07,88872e39-b9c2-4e8a-bf0e-c551027632d7,ニュースソースを選択できるようにして欲しい
2023-11-15 22:22:07,88872e39-b9c2-4e8a-bf0e-c551027632d7,不要なニュースが多すぎる
2023-11-17 04:07:44,dc8ca5b1-e11b-41b2-896d-2629bcc59f78,10年間はよかった
2023-11-17 04:07:44,dc8ca5b1-e11b-41b2-896d-2629bcc59f78,今はただの広告アプリ
2023-11-17 04:07:44,dc8ca5b1-e11b-41b2-896d-2629bcc59f78,実に不愉快
2023-11-22 14:58:33,7483afbf-2fa7-4b1b-9455-85ac70067105,政治から芸能会の裏側まで十分楽しんでいます最新のニュースも良いですが裏ネタなども待っています
2023-11-26 23:22:40,dd46a97b-1833-4415-a42b-268b442abaac,ニュースが良くまとめられておりわかりやすい
2023-11-30 07:29:21,59348b0b-745c-4ca9-8348-481e779b5843,最も簡単に速くニュースが読め、理解出来る
2023-11-22 22:05:32,572e9a7f-dde0-4323-b7af-b1dd3f222efa,記事がつまらない
2023-11-22 22:05:32,572e9a7f-dde0-4323-b7af-b1dd3f222efa,見出しとの乖離もある
2023-11-24 14:17:44,80507947-7e83-4aef-84e1-8d1e5b229b06,興味のないタグを消したり優先順位指定できてよい
2023-11-24 14:17:44,80507947-7e83-4aef-84e1-8d1e5b229b06,人気取りニュースやくだらないタレントニュースは要らないわ
2023-11-27 12:55:46,b342b089-e0de-4061-b793-cf1da5cbbddd,読みやすい
2023-11-27 12:55:46,b342b089-e0de-4061-b793-cf1da5cbbddd,隙間時間に見ています
2023-11-27 03:29:05,55dc3ccc-1535-4509-b404-f0ad74cb3dbb,便利に使ってます
2023-11-27 03:29:05,55dc3ccc-1535-4509-b404-f0ad74cb3dbb,色々な場面で役立つので、助かってます
2023-11-30 08:34:54,c647c031-3d63-48aa-9c9a-a4fea03df664,とても、閲覧しやすいが広告が多すぎる
2023-11-23 23:25:41,260d4796-81a5-4b55-89b7-195c3249ba1c,いつも見ています
2023-11-23 23:25:41,260d4796-81a5-4b55-89b7-195c3249ba1c,大変分かりやすくて良いです
2023-11-29 21:45:23,80c134d8-6ddb-4896-8e47-35a3071dcb2c,幅広い分野をカバーしたニュースに満足しています
2023-11-26 21:33:40,2f012e32-c1d6-4810-83b9-b47a84c94184,機種変更したら気になる記事が保存できなくなった
2023-11-24 13:00:36,730fab03-51ea-4d9c-b879-ed358f18eabd,ジャンル別に分けられているので分かりやすい
2023-11-23 14:27:55,64cfa6ee-2eee-468b-aaeb-a1897cc55d7b,記事を読みやすい
2023-11-23 14:27:55,64cfa6ee-2eee-468b-aaeb-a1897cc55d7b,ニュースが早い
2023-11-22 18:23:34,4819124b-0008-474a-9a1a-68715158102a,ニュースが豊富で色々ジャンルが楽しめる
2023-11-06 07:21:45,d329e36c-6306-4d41-9c0e-b4c516ed3a05,幅広いジャンルの記事を配信し、内容も偏らず、重宝して使っています
2023-11-08 13:08:49,48c852fe-b1d6-4696-8fcd-767b058f6f8c,大多数のニャースきじに長い文章が多々あり
2023-11-08 13:08:49,48c852fe-b1d6-4696-8fcd-767b058f6f8c,スマートさに欠ける
2023-11-05 21:26:39,21f496c8-7cb2-4d51-8f40-b86ede4e0ecc,本文が読み易い下にスクロールするだけで続きはとか広告も少なく有料会員もないので記事が読める
2023-11-24 08:05:52,aba21eb9-2500-40da-96a0-907d3bbce087,左側に突然いいねマーク出現
2023-11-24 08:05:52,aba21eb9-2500-40da-96a0-907d3bbce087,やめて欲しい
2023-11-30 09:35:27,68bb6cc6-0e66-4ed5-8d71-b2f991f31e9c,サッカー大好きです世界中のニュースが見れて嬉しいです
2023-11-12 16:50:32,782754c0-11f1-4d40-841c-51011f772e95,いつも読んだり動画を見たりと勉強になったり楽しかったりのアプリと思います
2023-11-21 01:26:47,40765d59-ffbd-4069-8742-aa98f9fb3173,最新情報が適切
2023-11-21 01:26:47,40765d59-ffbd-4069-8742-aa98f9fb3173,自分が知りたい情報を分類出来て良い
2023-11-16 21:00:11,24853561-c0e8-4496-9bcb-a8ce353cd04a,とりあえず、良いと思いますが、理由の判らないバージョンアップが多く、時々うざく思います
2023-11-22 17:03:43,e8dc0d9e-e527-47bb-9767-638f02fbf218,空いた時間にすぐ見れるので結構重宝してます
2023-11-02 22:58:18,a59fd659-4df5-4765-b730-80845de17a99,乃木坂46の記事を見ていますが、余りにも記事の偏りがあるのでスマートニュースを見るのをやめます
2023-11-07 19:00:11,35ef3518-336c-487f-a5ca-b60f3144e620,身近なニュースからいろいろな巾広くニュースが見れる、とても良い事です
2023-11-19 05:31:19,36d5ab7e-f8cf-47a4-9080-0e782aaff7c6,いつも新鮮な情報が満載で楽しく読んでいます
2023-11-07 22:46:47,0662cc16-1912-44a8-a28a-f3e7ec5dc3fe,横スクロールで画面かわったりするの、やめてほしいんやけど
2023-11-07 22:46:47,0662cc16-1912-44a8-a28a-f3e7ec5dc3fe,もっと良いアプリを教えてください
2023-11-01 10:30:09,26d88361-b00d-40b6-ab23-0a3943fe952b,最新のニュースが最後まで読みきれるのがとても良いとかんじました
2023-11-21 02:29:01,34bdac57-3698-4eb8-bfa2-07637aa6b9fe,特定の芸能人に偏りが、多いように見られる
2023-11-21 02:29:01,34bdac57-3698-4eb8-bfa2-07637aa6b9fe,見て、評価できるように改善を希望します
2023-11-21 12:31:24,bf4c0328-844d-4e0d-811e-3bb456993031,間々にコマーシャルや記事と関係ない見出しが多すぎる
2023-11-14 07:02:09,1e835741-a414-49af-8798-ae8be0d3a5d1,便利に使わせていただいています
2023-11-14 07:02:09,1e835741-a414-49af-8798-ae8be0d3a5d1,古い記事が上位に出ることがあるので、星3つ
2023-11-16 22:41:16,e9d87e36-e4e8-4f38-b633-c0cb484f8c51,何時も利用しています
2023-11-16 22:41:16,e9d87e36-e4e8-4f38-b633-c0cb484f8c51,色々楽しめて役にたっています
2023-11-13 16:50:35,de4fb484-dcbe-4e8a-8e19-483fe0574c47,情報をまとめてチェックするのにとても便利です
2023-11-19 07:30:53,e0395f0e-1ce7-4555-a211-49518e0c8943,タイムリーで興味がある記事が多いので、よく読んでいます
2023-11-20 10:23:10,f1c45c06-7a23-4b9d-b171-fea709fe1125,占いがいつも同じような内容ばっかりで、真面目に配信してないなって感じ
2023-11-17 08:46:03,5647a1b1-e8f5-408e-8a44-5304fd626e88,とても迅速なニュースで生活の一部になっております
2023-11-17 03:13:54,7dbd5b0f-e354-4d9b-ad79-aadb4043d58c,興味なしを何度押しても永遠にそれ関連の記事が流れてくるのは嫌がらせか
2023-11-14 17:00:11,73594719-85aa-4189-99d0-df8661489912,好きな記事が見れる
2023-11-14 17:00:11,73594719-85aa-4189-99d0-df8661489912,結構読みやすい
2023-11-18 09:49:43,078c0196-8263-498e-9ff7-c0566715fab4,スマートなニュースが多くて楽しくみてます
2023-11-19 14:16:30,1cef4825-9a19-493f-8833-dc6489f0de07,ニュースではなく、ほぼ全てが広告
2023-11-13 13:56:34,bd9ea8f6-564f-4917-93f8-6343216ded26,広告の上にさらに、広告が表示されるを見たくない
2023-11-15 21:23:31,82132dd3-7b8a-4dc5-9b5e-2d820fd9a852,台風レーダーをタップしても台風レーダー画面に進路どころか台風本体の位置すら描写されない
2023-11-12 13:26:18,5a7afc6b-b3dd-4b1e-9c46-a03dc078381b,適度な長さの文章で読みやすい
2023-11-14 21:59:41,c5208781-8dd2-46c8-8646-9a01befb4661,同じ広告を続けて出すのは辞めてくれないかな、、鬱陶しいです
2023-11-24 11:53:33,de7e9524-f7d2-437a-975f-8954b3355b22,いいね機能が入って見にくくなった
2023-11-05 04:11:23,4ef5cbbb-cf62-4826-8aa4-f521bb92b040,時事性のある、分かりやすい構成が良いと思います
2023-11-07 16:59:42,d9aed947-f135-4d47-bfce-ae50d6b0d052,更新も早いし情報多いので助かってます
2023-11-07 16:59:42,d9aed947-f135-4d47-bfce-ae50d6b0d052,tv要らないね
2023-11-09 19:38:43,d995bad9-155a-4701-900a-7abd863424a2,なかなか、読みやすいところがきにいってます
2023-11-05 08:59:42,b918a2bd-31c4-499f-8adb-ace048065916,最近無料クーポンが減ったので余り利用していません
2023-11-07 19:18:58,8b1d977b-473c-40a7-bfb9-37491f1644d3,記事の途中のコマーシャルが多すぎ
2023-11-09 12:31:13,66d76f32-c488-493a-b600-72977badfc55,ニュースも天気も最新で信頼でき使いやすいです
2023-11-05 20:41:56,673671fa-4f21-4617-aa61-0f07192c2cac,数年前の半月ごとの入退院繰り返し中に要らんことを考えずに済みました
2023-11-05 20:41:56,673671fa-4f21-4617-aa61-0f07192c2cac,日々欠かせません
2023-11-02 07:05:01,f320695d-a8e4-4e59-9d59-c677060c95ca,テーマで知りたいニュースが見れるので良い
2023-11-09 17:25:46,8cd32916-05a5-4537-b13c-5645ccff2769,使いやすくて、とても良かった、未確認飛行物体の情報を公開してほしい
2023-11-06 08:43:25,3f85a153-9370-4499-9bc0-5ad1e61ced19,毎日、役に立つ記事が面白いです
2023-11-21 10:41:30,2e656fc6-2f27-46d1-88ca-e87bdf00a7d4,最近アップデートしてから、まだ眺めてるのに一覧画面が勝手にリロードし、カレント行が一番上に戻るようになった
2023-11-21 10:41:30,2e656fc6-2f27-46d1-88ca-e87bdf00a7d4,この機能要らねえです
2023-11-21 10:41:30,2e656fc6-2f27-46d1-88ca-e87bdf00a7d4,あと、コーデスナップっていう雑誌
2023-11-21 10:41:30,2e656fc6-2f27-46d1-88ca-e87bdf00a7d4,の記事が逆恨みばかりでつまらないから、トップに掲載しないで欲しい
2023-11-19 07:54:46,4e687cd6-9e48-457d-b2e9-e20de80c6937,数独、パズルもあってニュース、天気、楽しんでます
2023-11-16 23:22:26,656677e5-5a6c-43b3-8021-b9103627c739,天気予報が変わり過ぎる
2023-11-16 23:22:26,656677e5-5a6c-43b3-8021-b9103627c739,せめて3時間以内は正確な予報をだしてしばらく降らないってなってたのに、1時間後にはずっと降る予報に変わってて、適当に予報出してるのかと思う
2023-11-16 12:30:40,e4641939-51d0-4be8-85fc-2da053b6f687,いつも、記事を見て情報収集しています
2023-11-05 18:38:32,805535a8-2272-4568-92fe-ee4a5aadb082,このアプリは、グーグルブラウザにある検索機能がついてて、ガチで便利です
2023-11-12 18:11:50,e4e667ee-f41e-4155-8d4b-5cce90d1dc60,わかりやすく面白いニュースが多い
2023-11-12 09:29:52,be26707e-36ba-4405-a53d-70699287aab6,もう少し地域ごとのニュースをあげて欲しかったです
2023-11-19 22:32:16,6c78dd65-9bec-40a4-b807-c6294297cc5f,西村優菜プロの記事が最高
2023-11-19 22:32:16,6c78dd65-9bec-40a4-b807-c6294297cc5f,毎回楽しみにしています
2023-11-05 10:06:31,58ecf17d-b0bb-45be-a7d4-be1c537327fc,地域の情報も、わかるので良いです
2023-11-06 19:54:16,fef4f89d-51d5-4d23-b17d-db65774157b0,リアルタイムに情報が入り助かってます
2023-11-27 19:37:14,eba9cd79-9e6c-4464-a4f6-b52ec0daf13c,今年一杯でアンスト決定
2023-11-27 19:37:14,eba9cd79-9e6c-4464-a4f6-b52ec0daf13c,クーポンあんま使わんからこの度のインフォでアンストします少額ポイントだがチリツモだしな
2023-11-23 16:31:50,e96d26d9-6c7c-425d-8be3-c45f43a24c3c,右上ボタンで共有出来なくなったのは改悪だろ
2023-11-11 21:28:16,673d68e2-27ba-424f-bb5a-f6c55be651f9,数あるニュース版の中で最も好きなアプリです
2023-11-11 21:28:16,673d68e2-27ba-424f-bb5a-f6c55be651f9,コレからも宜しくお願いします
2023-11-10 14:09:19,10cdce66-ec19-4c4d-891f-e75e0d4f999e,更新が早いのが時には残念に思うことがある
2023-11-24 22:08:17,1dd1c14a-95f1-4bea-8020-16423a2c9183,ニュースが画面に出たので、スマートニュースを見ても記事が見つからない❢
2023-11-14 15:32:37,e29b2b83-6ce2-4587-aa20-55fcf64894bc,とても見やすく読みやすい
2023-11-05 16:24:34,52a43917-22aa-4196-bf12-1dc8185d7005,最新の情報が得られて助かってます
2023-11-04 07:45:53,122a0849-cfaf-4ec3-9c57-a8402b861bfe,広告が多すぎる
2023-11-12 09:09:08,cf20259c-94aa-420e-a7cd-b4be57c880d8,的確で広範囲の情報を提供してくれるので重宝してます
2023-11-08 04:03:32,0e284966-b395-4e73-bc73-a9cb06dbc935,1分程で広告ばかり切り替わる最悪
2023-11-26 15:37:58,8d6a77ec-794e-4a7b-bb37-7c4b55a61bf7,同じニュース記事が多くこれならニュースいらない感じ
2023-11-24 17:37:35,0c1bc024-cfc8-4c2a-9f6b-9135850060a5,広告を表示してほしいです
2023-11-02 17:11:45,37f68296-376c-4ee1-94a3-eb535ab9674f,ニュース系のアプリ昔から使ってます
2023-11-02 17:11:45,37f68296-376c-4ee1-94a3-eb535ab9674f,特に問題なし
2023-11-28 14:08:34,b1d22ba0-d47e-45dc-bc07-936d1dd01225,いろいろなニュースが載っているので読んてますありがとう
2023-11-20 18:25:44,2e58ab74-a1c5-4a32-8692-884694474d57,いつも見ています
2023-11-20 18:25:44,2e58ab74-a1c5-4a32-8692-884694474d57,身近な情報源です
2023-11-20 18:25:44,2e58ab74-a1c5-4a32-8692-884694474d57,ありがとうございます
2023-11-23 22:43:04,4434864b-8c7d-4478-a263-ed8345c07b4b,タイムリーで押し付けがましくないのがいい、
2023-11-29 19:12:45,99988a72-dbce-4323-b521-f94f48ea631b,いつも使いやすいです
2023-11-22 15:43:14,6d1d5889-fcab-4bc8-af3a-5d98cf68ffbf,読みやすくて、気に入っています
2023-11-26 09:15:29,08ee86f4-74aa-4785-8478-0330fd0168d0,最新のニュースがわかるので助かってます
2023-11-24 11:38:50,c7b3e0fe-f743-4d93-bbf9-2253d3344a68,ジャンルが多く知れる情報も多い
2023-11-24 16:18:05,7bb19ca2-f156-4e18-9e85-6f00d21ae969,最近動きが遅くなったのは自分の携帯のせい
2023-11-25 22:38:01,b796136e-f549-4ccb-838f-8104887b0768,とても情報量が多く楽しいです
2023-11-23 10:49:01,aa5a7ade-9e49-403f-8950-a42b1ca79df5,朝、起きたら最初に見るニュースです
2023-11-23 10:49:01,aa5a7ade-9e49-403f-8950-a42b1ca79df5,毎日、お世話になっています
2023-11-24 00:46:53,2d609511-769c-4f03-89e0-c13ab16fcc01,ハートマークが出てきた
2023-11-24 00:46:53,2d609511-769c-4f03-89e0-c13ab16fcc01,邪魔
2023-11-24 00:46:53,2d609511-769c-4f03-89e0-c13ab16fcc01,消せるようにしてほしい
2023-11-01 08:14:06,b8043967-057b-41ac-a169-30548783695d,網羅、内容共にとても満足しています
2023-11-13 07:04:53,96cdedcf-75d7-4d14-8dc8-733c8989dd5e,色んな情報が見れて良い
2023-12-18 10:16:13,8941ddfe-440a-4e54-9d74-53bb8263c7da,androidユーザーですが、onにしているのに最近、朝スマニューのポップアップ通知が来ません
2023-12-18 10:16:13,8941ddfe-440a-4e54-9d74-53bb8263c7da,雨雲通知も最近は来ない事が多いです
2023-12-18 10:16:13,8941ddfe-440a-4e54-9d74-53bb8263c7da,その他の通知は、興味ない通知が来すぎて煩いのでoffに設定しています
2023-12-18 10:16:13,8941ddfe-440a-4e54-9d74-53bb8263c7da,既出にもあるように、アプリ自体のアップデートが多すぎます
2023-12-18 10:16:13,8941ddfe-440a-4e54-9d74-53bb8263c7da,トップページやどうぶつ等を頻繁に見ますが、偏りが少なく良いと思います
2023-12-18 10:16:13,8941ddfe-440a-4e54-9d74-53bb8263c7da,lin○ニュースの動物生地は、子供に興味がない人が見たら、ただの虐待に見えるのでは
2023-12-18 10:16:13,8941ddfe-440a-4e54-9d74-53bb8263c7da,と思えるものが多いですね
2023-12-18 10:16:13,8941ddfe-440a-4e54-9d74-53bb8263c7da,また、ワールドカップ等のスポーツ関連があると興味ないのにトップに必ず出るのが鬱陶しいです
2023-12-18 10:16:13,8941ddfe-440a-4e54-9d74-53bb8263c7da,興味ある人だけ設定すれば良いだけでは
2023-12-12 13:32:25,0224521e-6bca-4ae8-83e2-275620c94006,使いやすく天気予報や記事を手軽に見れるので便利です
2023-12-12 13:32:25,0224521e-6bca-4ae8-83e2-275620c94006,ただ、定時ニュースやpickupの通知がうるさいので切っておくのをおすすめします
2023-12-12 13:32:25,0224521e-6bca-4ae8-83e2-275620c94006,通知を切るまで、一度も調べたことがなく、興味も全くないニュースの通知がぽこぽこくるのが面倒でした
2023-12-12 13:32:25,0224521e-6bca-4ae8-83e2-275620c94006,特に最近は大谷選手の通知がずーっときます
2023-12-12 13:32:25,0224521e-6bca-4ae8-83e2-275620c94006,流石に飽きるしうざいなと思いました
2023-12-12 13:32:25,0224521e-6bca-4ae8-83e2-275620c94006,通知を切ってからは、最低限の通知しか来ないので快適です
2023-12-12 13:32:25,0224521e-6bca-4ae8-83e2-275620c94006,不愉快な記事や同じような内容の記事を非表示表示の優先をあとにするとかにできる機能があったら、もっと便利かなと思います
2023-12-14 08:13:34,c8cbbf2a-351d-42a7-ab04-d2a672611a31,ニュース一覧の自動更新の頻度が高いのは良いことだが、以前の画面を一度開いてから更新するためアプリを起動して目に入ったニュースを読もうとして変わってしまうことが頻繁にあり結構ストレスいつの間にかニュースを保存しておく機能がなくなりメモ代わりに残していたものがすべて飛んでしまった
2023-12-10 21:25:06,ac1fbaaf-69bc-48ac-b8f4-1c1da86ce3c2,基本特に便利に使わせてもらってますが、見出しを流し見してると楽しみにしてたドラマやアニメのネタバレを結構な頻度で食らってしまう
2023-12-10 21:25:06,ac1fbaaf-69bc-48ac-b8f4-1c1da86ce3c2,そういう記事自体は否定はしないけど、それを採用して載せてしまうアプリの方は配慮が足りなすぎでは
2023-12-10 21:25:06,ac1fbaaf-69bc-48ac-b8f4-1c1da86ce3c2,とはいえ多分無理だろうから、特定ワードを含む見出しは表示しないようにとか出来ませんかね
2023-12-10 21:25:06,ac1fbaaf-69bc-48ac-b8f4-1c1da86ce3c2,あとチャンネルいっぱいあったはずだけどいつの間にかデフォルトのしか選べなくなってる
2023-12-01 15:30:08,a173b3a8-b0e7-423b-86a8-e4d2aa436af0,基本的には無料で使いやすいので満足しています
2023-12-01 15:30:08,a173b3a8-b0e7-423b-86a8-e4d2aa436af0,ただ、一部の週刊誌やネットメディアによるニュースは、極端だったり、誹謗中傷に近いような記事も多いので、自分の好まないメディアをブロックできる機能や、普段よく見るメディアだけ表示させられる機能もできれば採用してほしいです
2023-12-08 19:39:12,4b4270ba-472c-46e6-b05f-60851e749085,高評価にして欲しいなら、ストレス無くまともに記事を読める状態にして
2023-12-08 19:39:12,4b4270ba-472c-46e6-b05f-60851e749085,ほぼ毎週アプリ更新しろ、とうるさいし、同じニュースを何度も使い回すからうんざり
2023-12-08 19:39:12,4b4270ba-472c-46e6-b05f-60851e749085,あと、マンガや続編のある話、クイズ等ニュースと呼べないものがかなりの割合を占めている
2023-12-08 19:39:12,4b4270ba-472c-46e6-b05f-60851e749085,最近、特に痛感するのが、広告の反応の良さ
2023-12-08 19:39:12,4b4270ba-472c-46e6-b05f-60851e749085,スクロールさせたいのに、ちょっと触れただけで広告ページに強制移動し、戻りたい時には無茶苦茶反応が悪い
2023-12-08 19:39:12,4b4270ba-472c-46e6-b05f-60851e749085,戻ると、かなりの確率で、読みたい記事に戻らずに新しい記事が更新された状態に戻る
2023-12-08 19:39:12,4b4270ba-472c-46e6-b05f-60851e749085,そして、読みたい記事は見当たらないし
2023-12-08 19:39:12,4b4270ba-472c-46e6-b05f-60851e749085,もう辞めようかな
2023-12-12 08:04:47,234c62d3-ded6-4d78-be16-739411e49ed9,他の方が書かれてるように、頻繁に更新されるため、気になる記事をタップする瞬間に記事が変わってしまい、興味のない記事が開いてしまう事がアプリを開くたびにあると断言しても良いくらい
2023-12-12 08:04:47,234c62d3-ded6-4d78-be16-739411e49ed9,物凄くイラつく自動更新ではなく、こちらのタイミングでの更新も出来るようになると気になる記事も見逃すこともないと思います
2023-12-15 14:14:19,2c175fc8-96c0-4b69-bd91-2cb072dadbee,サービス開始直後から使わせて貰ってます
2023-12-15 14:14:19,2c175fc8-96c0-4b69-bd91-2cb072dadbee,が、最近スタートしたスマ+という有料サービス化は不満です
2023-12-15 14:14:19,2c175fc8-96c0-4b69-bd91-2cb072dadbee,何ヶ月も前の無料記事をプレミアム記事有料として出したり、必要あるのか
2023-12-15 14:14:19,2c175fc8-96c0-4b69-bd91-2cb072dadbee,と疑問ありすぎです
2023-12-15 14:14:19,2c175fc8-96c0-4b69-bd91-2cb072dadbee,もっと有効性の高い記事なら納得しますが
2023-12-15 14:14:19,2c175fc8-96c0-4b69-bd91-2cb072dadbee,これなら他のニュースアプリに移ろうかと思います
2023-12-15 14:14:19,2c175fc8-96c0-4b69-bd91-2cb072dadbee,残念すぎる、
2023-12-01 08:24:29,661ed9c3-5a60-42f0-b31e-9109756cf4f4,いろいろこういったサイトやアプリはあると思いますから全て見たうえでという訳ではありませんが自分としてはとても見やすく使いやすいと感じています難点をあげるとすれば通知が来たニュースを少し時間を空けて見ようとするとたどり着けないことでしょうか
2023-12-10 10:49:57,84fd43b0-49a2-4bf9-98e0-73201829f1a6,新聞をとってないので
2023-12-10 10:49:57,84fd43b0-49a2-4bf9-98e0-73201829f1a6,毎日ニュースや地域の天気予報見るのが楽しみで見てます
2023-12-10 10:49:57,84fd43b0-49a2-4bf9-98e0-73201829f1a6,新規にスマホ買い替えたのにインストール出来なくなり本当に残でなりません
2023-12-10 10:49:57,84fd43b0-49a2-4bf9-98e0-73201829f1a6,現在のスマートホンにアプリを、インストールしたいのですが
2023-12-10 10:49:57,84fd43b0-49a2-4bf9-98e0-73201829f1a6,仕方が分からないです
2023-12-12 08:07:00,30bad85b-1963-468c-955d-204fa4277eb2,数あるニュースアプリ色々試した結果これですね
2023-12-12 08:07:00,30bad85b-1963-468c-955d-204fa4277eb2,見やすさ、記事の質、大事なところ、地味なところもキチッとおさえてます
2023-12-12 08:07:00,30bad85b-1963-468c-955d-204fa4277eb2,無料でも十分で、有料版もかなり魅力的ですが、お小遣い厳しくてちょっと手を出しにくいのが残念
2023-12-07 20:16:47,6846ebed-7787-48a7-85fe-b890675d5146,ジャンル別に、旬のニュースや情報があって、設定するとローカルニュースも回覧出来るので便利です
2023-12-07 20:16:47,6846ebed-7787-48a7-85fe-b890675d5146,特にクーポンはまとめて見れて、そのまま使えるのでオトクです
2023-12-12 12:37:21,18f864c5-cf43-464e-8e2c-d9d296cf254a,最近のアップデートで追加されたスマニュー+という有料記事への誘導ですが、記事の更新日が1年以上前の古いものだったり、誰がこんなものに金払うのよっていうようなものばかり
2023-12-12 12:37:21,18f864c5-cf43-464e-8e2c-d9d296cf254a,有料記事読ませたいならちゃんと最新の記事表示するべきだし、出来ないならいっそこの機能を無くした方が良い
2023-12-12 12:37:21,18f864c5-cf43-464e-8e2c-d9d296cf254a,現状だと古くて価値化のない有料記事が挿まれるようになって邪魔に感じるようになっただけです
2023-12-19 08:29:25,4ac275f3-b5f5-4fca-b588-947baa6301a0,色々不愉快
2023-12-19 08:29:25,4ac275f3-b5f5-4fca-b588-947baa6301a0,ずっと我慢しているが四六時中くだらない記事ばかり音立てて一日中送ってくるので迷惑していたがどんどん広告が増えている
2023-12-19 08:29:25,4ac275f3-b5f5-4fca-b588-947baa6301a0,でかでかと迷惑広告出してきて停止出来なかったり停止しているのにしつこく広告出しまくり
2023-12-19 08:29:25,4ac275f3-b5f5-4fca-b588-947baa6301a0,迷惑
2023-12-19 08:29:25,4ac275f3-b5f5-4fca-b588-947baa6301a0,不愉快
2023-12-19 08:29:25,4ac275f3-b5f5-4fca-b588-947baa6301a0,色々不愉快なこと多いが、天気をみたいだけなのに、停止したのに停止してもしつこく停止した広告出しまくりのグーグル広告まで出しまくりしだしてしてきて辛すぎる
2023-12-19 08:29:25,4ac275f3-b5f5-4fca-b588-947baa6301a0,不愉快
2023-12-19 08:29:25,4ac275f3-b5f5-4fca-b588-947baa6301a0,ここまでひどくはなかったのに
2023-12-19 08:29:25,4ac275f3-b5f5-4fca-b588-947baa6301a0,辛すぎる
2023-12-19 08:29:25,4ac275f3-b5f5-4fca-b588-947baa6301a0,不愉快広告停止できないし
2023-12-19 08:29:25,4ac275f3-b5f5-4fca-b588-947baa6301a0,ひどすぎる
2023-12-19 08:29:25,4ac275f3-b5f5-4fca-b588-947baa6301a0,いい加減にしてほしい
2023-12-01 06:45:17,956bba6c-bc8f-41fc-a228-e0f276fef7d1,何度も書きましたが、記事を探している最中にページが自動的に更新されてしまい、古い記事が表示されなくなるのは非常に困ります
2023-12-01 06:45:17,956bba6c-bc8f-41fc-a228-e0f276fef7d1,この仕様を改善してほしいと思います
2023-12-01 06:45:17,956bba6c-bc8f-41fc-a228-e0f276fef7d1,ユーザーの利便性を考慮していただきたいです
2023-12-14 15:36:29,9fa3598a-fec0-46a1-bdd7-3fdd2415b594,使い勝手が良かったがスマートニュース+なる物が出始めてから余計な表示が増えた
2023-12-14 15:36:29,9fa3598a-fec0-46a1-bdd7-3fdd2415b594,トップバナーに広告をだすだけにして通常のニュース欄には+の記事は載せないで欲しい
2023-12-14 15:36:29,9fa3598a-fec0-46a1-bdd7-3fdd2415b594,今までのままの方が良かったのに残念
2023-12-01 10:38:54,62e2d10e-7c51-4487-ab46-1957f8467579,テレビでのニュースはどのチャンネルも同じ事象を扱っているが、スマートニュースはあらゆる分野を1個のサイトで観る事ができる
2023-12-01 10:38:54,62e2d10e-7c51-4487-ab46-1957f8467579,非常に多方面に渡っていて観飽きる事がない
2023-12-01 10:38:54,62e2d10e-7c51-4487-ab46-1957f8467579,ある意味、罪深いサイトです
2023-12-09 05:23:36,71fbde26-e6a8-4445-94d1-26dad121fac8,情報の取捨選択が出来るのは良いが、ニュースサイトまでビュー数といいねが表示されてそれに縛られるのは見ていて疲れる
2023-12-18 11:39:16,20e11275-55e4-407a-b2a5-a5c8ce520661,いい加減引用先の非表示に対応してくれませんかね
2023-12-18 11:39:16,20e11275-55e4-407a-b2a5-a5c8ce520661,例えばひろゆきの面を表示されて興味ないボタン押してもひろゆきのキモイ面が表示されるし、mlb関連で言えばベースボールチャンネル何て言うネガキャンメディアや芸能関連で言えばアサ芸+と言うゴミを表示し続けるわ挙げ句に日刊ゲンダイなんてフェイクメディアの最左翼を表示し続けるわ本当にゴミ
2023-12-18 11:39:16,20e11275-55e4-407a-b2a5-a5c8ce520661,そりゃアメリカで大量解雇なんてやらかすわ
2023-12-18 11:39:16,20e11275-55e4-407a-b2a5-a5c8ce520661,情報の取捨選択と言うユーザーに委ねられるべき基本を出来ていない点でニュースアプリとしてゴミ
2023-12-18 11:39:16,20e11275-55e4-407a-b2a5-a5c8ce520661,これが改善されない限りもう使うことは無いね
2023-12-03 03:32:08,59743106-d791-4fb2-a520-913f100cb98f,ユーザーにとって一番重要なトップページが広告と有料記事だらけで鬱陶しい酷いときは1割が広告で6~7割ぐらい有料記事だから、有料契約してない人にとっては8割が広告みたいなもの広告は仕方ないにしても、無関係な有料記事は非表示にする設定が欲しい
2023-12-04 16:07:21,9ede7e69-13f7-4405-a87a-bd6da1bc3aee,8月にもなったけど、朝スマニューの通知がこなくなった
2023-12-04 16:07:21,9ede7e69-13f7-4405-a87a-bd6da1bc3aee,諸々権利は全てonにしてるし、もちろん通知関係はちゃんと設定しています
2023-12-08 18:22:50,98205ce0-f741-4dfb-b744-8d49466f2ddc,最近落ちるよね
2023-12-08 18:22:50,98205ce0-f741-4dfb-b744-8d49466f2ddc,スクロールしてるとストンと落ちる
2023-12-08 18:22:50,98205ce0-f741-4dfb-b744-8d49466f2ddc,電波がないところでも読めるという触れ込みでしたが記事が開かず読めません
2023-12-04 15:53:39,759d498e-67d7-49d1-95fe-359ab826fc2b,他の大手ニュースアプリ同様、仕事してます感を出す為に無闇に更新を繰り返してる
2023-12-04 15:53:39,759d498e-67d7-49d1-95fe-359ab826fc2b,結果、毎回の改悪
2023-12-04 15:53:39,759d498e-67d7-49d1-95fe-359ab826fc2b,ニュースアプリの先行者の優位を悪用しているだけ
2023-12-04 15:53:39,759d498e-67d7-49d1-95fe-359ab826fc2b,他のレビューにも有るけど、ニュースの更新頻度が無駄に多い
2023-12-04 15:53:39,759d498e-67d7-49d1-95fe-359ab826fc2b,smartnewsの運営はレビューを見ていない
2023-12-04 15:53:39,759d498e-67d7-49d1-95fe-359ab826fc2b,でも、これからも利用する
2023-12-04 15:53:39,759d498e-67d7-49d1-95fe-359ab826fc2b,産廃レベルだとしても他に無いからね〜
2023-12-03 10:49:57,62258e20-3230-4317-abb7-04af420fe861,ニュースサイトの中で、一番読みやすいと感じています
2023-12-03 10:49:57,62258e20-3230-4317-abb7-04af420fe861,内容がわかり易くてストレス無く読めるのが良いです
2023-12-03 10:49:57,62258e20-3230-4317-abb7-04af420fe861,一度辞めてみましたが、読みやすさの良さで戻ってきました
2023-12-07 10:03:46,6b5188f0-39e6-4ef1-baec-71223e9bc15c,ニュース自体は問題なくよいですが、クロスワードは出題者が高齢者なのか
2023-12-07 10:03:46,6b5188f0-39e6-4ef1-baec-71223e9bc15c,今では死語に近いものや、非常に失礼不適切なワードが多く、気になっていますね
2023-12-18 20:51:43,ad5b200a-fd30-4097-be42-869763b13c13,更新でより快適にご利用いただけるよう細かな改善を行いましたって
2023-12-18 20:51:43,ad5b200a-fd30-4097-be42-869763b13c13,全く快適になってないけど
2023-12-18 20:51:43,ad5b200a-fd30-4097-be42-869763b13c13,起動までに時間がかかりすぎる
2023-12-12 12:05:49,3d976215-7251-4540-a94e-691d2e1e5b54,今の世相をじかに感じさせるニュースで結構
2023-12-12 12:05:49,3d976215-7251-4540-a94e-691d2e1e5b54,ニュースというものは、現実逃避したような人々すら目を見張るようなリアルさを報道しなければと、私など思いますのでその点良いアプリだと思います
2023-12-04 19:13:14,d74b9f7f-b8d0-4bee-be32-9a97a6c50338,あらゆるジャンルから興味あるもの、ないもの読めて面白い、クーポンも活用してます
2023-12-04 19:13:14,d74b9f7f-b8d0-4bee-be32-9a97a6c50338,また天気でライブカメラがあり、とても良い
2023-12-05 19:22:41,9f6c7265-7aba-417a-afc3-06c0e6f80daa,ニュース記事を読んでる途中でも更新されるとその記事は消える
2023-12-05 19:22:41,9f6c7265-7aba-417a-afc3-06c0e6f80daa,読めない
2023-12-05 19:22:41,9f6c7265-7aba-417a-afc3-06c0e6f80daa,イラッとなる
2023-12-05 19:22:41,9f6c7265-7aba-417a-afc3-06c0e6f80daa,楽天ポイントがもらえなくなるのもちょっと
2023-12-04 10:37:56,928e81dd-0135-4249-82a4-0733fcf358e9,いつの間にかトップがスマニュー+契約しないと読めない記事だらけになったとレビューした翌日もとに戻った感じはあるけど広告欄増えたような
2023-12-04 10:37:56,928e81dd-0135-4249-82a4-0733fcf358e9,間違えてタップしそう
2023-12-13 11:12:05,db0e2991-1852-4ff6-a6f0-e8b12b56a47e,記事の評価で何度興味が無いとしても、いつまで経っても改善されない
2023-12-13 11:12:05,db0e2991-1852-4ff6-a6f0-e8b12b56a47e,最近、有料の記事が増えてきた
2023-12-13 11:12:05,db0e2991-1852-4ff6-a6f0-e8b12b56a47e,広告はあるし、有料になり止めようかと思う
2023-12-17 18:06:30,12ca0e7f-fa77-4851-a562-71870d8c20dd,興味のないニュースを登録して省くようにしてもらえれば更に見やすいかと思います
2023-12-17 18:06:30,12ca0e7f-fa77-4851-a562-71870d8c20dd,カテゴリーを選んでもあまり感じません
2023-12-13 01:02:45,cf8e0890-1fa9-4624-b4ff-c784779977fd,ニュースの更新頻度が多すぎ
2023-12-13 01:02:45,cf8e0890-1fa9-4624-b4ff-c784779977fd,トップに戻る度に更新されちゃって次に読もうと思ってた記事が見つからなくなる
2023-12-11 06:15:24,a1d5a453-a9ac-4638-bd67-8545336456b0,頻繁にアップデートがある
2023-12-11 06:15:24,a1d5a453-a9ac-4638-bd67-8545336456b0,ときどき見たくないニュースが割り込まれる
2023-12-19 08:35:00,d01a26bd-bf51-4b1e-bf8c-4a51cd9d25f8,更新後、ネットを切ってキャッシュで見ている時に、突然アプリが落ちるようになった
2023-12-19 08:35:00,d01a26bd-bf51-4b1e-bf8c-4a51cd9d25f8,今までこんなことはなかったのに残念
2023-12-13 08:24:58,18129f2e-b071-44c6-a45f-7c19757e8d8a,なんたらプラスを無理やり記事に差し込むのは迷惑です
2023-12-13 08:24:58,18129f2e-b071-44c6-a45f-7c19757e8d8a,出てこないように設定できなければユーザーは離れてしまうでしょう
2023-12-10 13:25:23,1b04afd8-407c-4710-9968-ccafe3f6e9e2,色んなnewアプリが有りますが、全て設定次第ですが、私には見やすく通知してくれ、読み終わると色んなnewが待って居ます、早くgoogleplayのおすすめアプリになると良いですね
2023-12-17 06:13:10,845271e3-dac7-43a8-a423-862818698886,いろんな情報が見られるので、テレビを見なくても情報収集出来るし、ヒマつぶしにもなる
2023-12-03 12:51:51,81526a85-5914-4560-94c9-b51d235ed6d4,ニュースに求めるものは報道であって、主張ではない、その点を評価する
2023-12-03 12:51:51,81526a85-5914-4560-94c9-b51d235ed6d4,操作が簡単で速い
2023-12-16 10:55:08,73c9293e-de60-41c3-9447-149efb49f9df,スマニュー+とか、全く興味ないので、表示させないでほしいし、スマニュー+の通知も必要ないかな
2023-12-17 20:00:10,dc8ff7e1-147d-4974-a6c2-49c565f14d52,とてもニュースが探しやすいです
2023-12-17 20:00:10,dc8ff7e1-147d-4974-a6c2-49c565f14d52,良い感じで見やすいです
2023-12-11 21:19:10,e4bde3f4-c709-4f54-9590-b3c04d9eae57,有料コンテンツ化傾向が見えてきたので他のニュースアプリを捜す事にしました
2023-12-03 18:20:24,18baef3e-6fb3-42a2-9a8b-cc8184c7fb01,ニュースは面白いものが多い
2023-12-03 18:20:24,18baef3e-6fb3-42a2-9a8b-cc8184c7fb01,更新がやや多いのが不便に感じる
2023-12-07 14:42:10,6dcdfe41-a766-43bc-88f0-82a02254e405,今まで便利で良かったけど有料記事が多く出てくるようになった
2023-12-07 14:42:10,6dcdfe41-a766-43bc-88f0-82a02254e405,終わりかな
2023-12-04 23:44:32,f6a028d8-2d1c-4971-b47f-234fe5a9a870,かなり読みたい記事が表示されるようになった
2023-12-04 23:44:32,f6a028d8-2d1c-4971-b47f-234fe5a9a870,この調子であれば有料の+も検討しますよ
2023-12-08 20:31:46,73097bc1-78f6-4405-9c14-dcd946d76baf,誤字脱字があるものは基本載せないで欲しい
2023-12-08 20:31:46,73097bc1-78f6-4405-9c14-dcd946d76baf,ちゃんとチェックされてるのか疑問です
2023-12-06 17:12:25,e946cdd0-e68c-4cad-8515-33e257d93a1d,広告を無くしてとても読みづらい広告が記事に重なり読み難い
2023-12-06 17:12:25,e946cdd0-e68c-4cad-8515-33e257d93a1d,☓をしても消えない
2023-12-02 20:19:19,2b7c010b-9ab6-494d-93d6-cb928a86d2ab,有料のスマートニュース+を一緒に並べないでください
2023-12-02 20:19:19,2b7c010b-9ab6-494d-93d6-cb928a86d2ab,無料ニュースを見たくて購読してます
2023-12-02 20:19:19,2b7c010b-9ab6-494d-93d6-cb928a86d2ab,有料は、別なサイトにしてください
2023-12-03 15:32:58,50ba4218-bc5b-4ef6-a459-e8051621e5e0,クーポン使うためだけにダウンロードしておいた
2023-12-03 15:32:58,50ba4218-bc5b-4ef6-a459-e8051621e5e0,ただ、ニュースはあまり見ないかも・・・
2023-12-20 12:50:30,e4a819a4-7fa4-4602-98cf-52223967460a,太陽光蓄電、原理は電磁分子が熱を放出して雪を溶かすことができ、凍結を防ぐことができます
2023-12-20 12:50:30,e4a819a4-7fa4-4602-98cf-52223967460a,これはインチキ商品です
2023-12-20 12:50:30,e4a819a4-7fa4-4602-98cf-52223967460a,実際は防犯用の何百円かのダミースイッチです
2023-12-20 12:50:30,e4a819a4-7fa4-4602-98cf-52223967460a,だだ点滅するだけのもの
2023-12-20 12:50:30,e4a819a4-7fa4-4602-98cf-52223967460a,購入者コメントもでっちあげ
2023-12-20 12:50:30,e4a819a4-7fa4-4602-98cf-52223967460a,要注意
2023-12-06 12:10:26,67ac865e-bfc0-4981-82fa-714cf6d495d2,色々な分野の情報を一気に確認できるため、使い勝手が良い
2023-12-09 20:12:21,974d16e7-fb07-46e5-aade-c6fed9b3aa6e,毎日最新情報で、ニュースみられなくても、情報通になれますね
2023-12-02 21:11:53,5abaad3a-c981-4070-a1f2-b4a51b33b596,ニュースがすぐ更新され、たくさんのジャンルがあるので面白い
2023-12-06 23:23:17,774da043-002a-4851-9a08-4b3e9409bde0,最近は、広告の増加と進化で紙面が読みづらくあまり見なくなりました
2023-12-17 10:52:09,954a33c6-98e3-4341-a083-a09525f1928b,見易い画面と情報の速さから、良く愛用しています
2023-12-13 12:58:06,f72576a5-d4da-45e3-9b8b-5d60dd788a03,お世話になっていて、便利なんだけれど、更新がしょっちゅうあってなんとかならんものだろうか^^;
2023-12-06 12:11:36,e7773bb3-f822-4d0a-9403-ce786dc3e410,一時的にtopページが使いにくくなりましたが、もとに戻ったので評価を戻しました
2023-12-09 19:01:39,c525300d-cc14-4db8-aa19-0d86a991213a,興味がない広告が繰り返し表示されて記事が見にくい
2023-12-18 08:54:00,85729be9-7db5-43a1-8504-1c234fedd5c3,とても、読みやすくポイントも抑えていて良いと思います
2023-12-19 16:03:11,f81fe1d5-51b2-4138-99ed-7bedfd14804a,勝手に更新は止めてほしい記事読んで戻ると更新されて見るつもりの記事が消えている
2023-12-01 10:12:59,332ba4c4-79ce-4a95-9571-e070f43f3a3d,使いやすい
2023-12-01 10:12:59,332ba4c4-79ce-4a95-9571-e070f43f3a3d,記事の長さが程よい
2023-12-03 14:49:46,47031447-319d-4f3a-845e-24228c5f0ee3,簡単に色々と見ることができるので、いいと思います
2023-12-17 19:24:18,7cfde99a-32c1-401e-8ae4-376ddbc613e7,いろいろな項目のニュースがあるので、よく見ています
2023-12-11 10:33:34,fd7974f5-60ac-4071-ae63-f52dd397a485,毎日読んで参考にしています
2023-12-11 10:33:34,fd7974f5-60ac-4071-ae63-f52dd397a485,宜しくお願いいたします
2023-12-08 20:39:12,a3c9294d-20e8-4604-989f-c42f065f9613,世界から地域から天気から色々な情報が観れて良いです
2023-12-14 12:12:37,a799d584-dada-4b45-83f1-2314aa9cb44b,一般のニュースより内容が深く、ヤフーニュースが井戸端会議向けとするならば、スマートニュースは業務会議向けです
2023-12-15 05:23:02,2bc04eaa-af8d-4e94-bb67-ebc62eef1875,アップデートの案内がwifi環境外でしか出ないダメ仕様
2023-12-10 20:19:17,db39d567-65fa-40d8-b67b-ae897b9d2059,記事保存機能継続して欲しい
2023-12-10 20:19:17,db39d567-65fa-40d8-b67b-ae897b9d2059,重宝してたのにーーー
2023-12-08 18:25:32,a47644ba-48fd-438e-b412-e87d1ddb5b3a,表示された画面が見にくい最初から
2023-12-08 19:54:07,3165b5d7-f854-4845-a79d-0699d1690f6d,開いて気になった記事を見ようとしたら勝手に更新してその記事を消えるのを改善できんかね
2023-12-18 12:53:30,04067d28-2206-48d0-95eb-e09c11455c36,大変ためになるのがいっぱい満載していています
2023-12-03 19:28:42,104dc347-54c8-4f77-9456-59bc028e7721,広告を誤タップしやすくて見にくい
2023-12-17 09:18:34,598baf65-396f-4e46-8d9a-96be5de810b2,操作性が最悪
2023-12-17 09:18:34,598baf65-396f-4e46-8d9a-96be5de810b2,トップタブがニュースどころか記事とさえ呼びたくない低レベルのゴミばかり
2023-12-17 09:18:34,598baf65-396f-4e46-8d9a-96be5de810b2,ソースごとに非表示に出来ないならばトップタブを非表示にしたいが、トップチャンネルにて特定の記事を非表示にしたい場合は、記事一覧で当該記事を長押し、または、右下の三点マーク
2023-12-17 09:18:34,598baf65-396f-4e46-8d9a-96be5de810b2,をタップし、興味がないをタップしてください
2023-12-17 09:18:34,598baf65-396f-4e46-8d9a-96be5de810b2,とのこと
2023-12-17 09:18:34,598baf65-396f-4e46-8d9a-96be5de810b2,ただしこの方法で非表示にしてもすぐに復活するので、かえってストレスが溜まるだけ
2023-12-11 11:01:54,01f7040d-adf1-41b9-9690-6b977a1414ec,いろんな方面のニュースがわかり易くていいと思います
2023-12-04 15:16:04,fe1b5531-87ed-4967-98a3-9b5e75473704,とても分かりやすく見やすい
2023-12-13 22:31:04,52d7214a-51b7-42f9-b89e-b9b0108b1dee,広告が多すぎてウザイ
2023-12-13 22:31:04,52d7214a-51b7-42f9-b89e-b9b0108b1dee,芸能人のブログもウザイ
2023-12-14 22:35:09,d84fbb93-a676-4e4f-adf5-808f31f18277,政治や外交には中立性を保っていて欲しい
2023-12-14 22:35:09,d84fbb93-a676-4e4f-adf5-808f31f18277,ヤフー等は反日的であるので
2023-12-14 06:56:36,b9975dfd-d29b-4977-a7ab-4e1c0e765c54,いつも新しい情報を知ることが出来て助かってます
2023-12-03 10:45:04,fe0e315e-bd3a-4cb9-8e7c-9d26d30a9da8,スマートに使いやすいです
2023-12-19 22:03:49,cfcd7c39-02bc-459e-8ac0-d82a95d5f954,誤字脱字、てにをはの間違いが気になるので星4としました
2023-12-12 16:58:32,c4320437-99fa-4871-b586-f3eaecb44be3,要点がまとまっており読みやすい
2023-12-10 22:41:09,7578a718-52b1-4364-bc30-a1ed677722c8,臨時通知でサ◯◯◯の◯木の給料事情とかしょーもないの飛ばしてくるな
2023-12-10 22:41:09,7578a718-52b1-4364-bc30-a1ed677722c8,誰が興味あるんや
2023-12-10 22:41:09,7578a718-52b1-4364-bc30-a1ed677722c8,イラットニュースに改名しろ
2023-12-07 17:21:06,c85c4cd9-e7c5-4a6c-abdc-96e2f42970b9,とても使いやすくて毎日スマホとタブレットの2台で使ってます
2023-12-14 16:49:26,07b64a44-bfb3-44f1-a061-01811e6c026d,情報が遅い
2023-12-14 16:49:26,07b64a44-bfb3-44f1-a061-01811e6c026d,もっとホットなニュースを期待する
2023-12-14 16:49:26,07b64a44-bfb3-44f1-a061-01811e6c026d,お願いします
2023-12-07 16:01:54,774816c9-4e1f-42f8-b78d-98be4df18378,バラエティにとんだ内容で面白いです
2023-12-17 20:06:55,34b79e1c-5b56-4c43-849d-29b6338a4425,もう少し小さめの字で表示できるようにしてほしい
2023-12-17 20:06:55,34b79e1c-5b56-4c43-849d-29b6338a4425,見づらい
2023-12-01 07:16:31,f75ad716-3f36-4a30-a34f-79398cba8030,いつも最新情報、話題を楽しみによんでいます
2023-12-16 22:58:35,77a32bd9-f399-47cb-8839-52ddc2e509fd,スマートニュース+の記事って非表示にできないんですか
2023-12-16 22:58:35,77a32bd9-f399-47cb-8839-52ddc2e509fd,邪魔なんですけど
2023-12-17 08:38:24,6c866582-69be-4963-a164-b04c13c5b44f,最近は更に広告が増え、酷い場合は半分以上は広告
2023-12-17 08:38:24,6c866582-69be-4963-a164-b04c13c5b44f,ニュースを見ているのか広告を見せられているのか酷い
2023-12-17 08:38:24,6c866582-69be-4963-a164-b04c13c5b44f,追跡されているので出てくる広告は自分が閲覧、検索した広告ばかり
2023-12-01 20:05:55,e67121a4-671d-419c-90ca-a6ee6403eb64,広告が多すぎて見る気になれない
2023-12-03 08:52:57,a4d175d5-308f-45b1-8ed7-a65f39f39272,最近まで便利に使っていたが、突然スマニュー+を契約させようとする独自記事=広告が増えた
2023-12-03 08:52:57,a4d175d5-308f-45b1-8ed7-a65f39f39272,無料の記事が減り広告が増えて大迷惑
2023-12-03 08:52:57,a4d175d5-308f-45b1-8ed7-a65f39f39272,アンインストールを考え中
2023-12-10 21:11:52,4d978c81-1092-4bd1-9e18-e9c0b913bf4d,情報までリアルhタイムで配信
2023-12-10 21:11:52,4d978c81-1092-4bd1-9e18-e9c0b913bf4d,雨雲レーダーやクーポンも
2023-12-10 21:11:52,4d978c81-1092-4bd1-9e18-e9c0b913bf4d,smartnews五スマートニュースは、も
2023-12-10 21:11:52,4d978c81-1092-4bd1-9e18-e9c0b913bf4d,でいまめてk無料で読み放題
2023-12-10 21:11:52,4d978c81-1092-4bd1-9e18-e9c0b913bf4d,経済ニュースやおは、世の中でいま
2023-12-19 12:39:08,dc596fd9-b10e-48d8-83e2-5391d98e384c,何年も利用してます
2023-12-19 12:39:08,dc596fd9-b10e-48d8-83e2-5391d98e384c,観やすいから
2023-12-13 16:30:42,e7e86630-1ce8-4dc5-97c9-65f5986aeb85,見やすい、分かりやすい
2023-12-02 03:23:26,91f995c2-3047-47ef-b96a-a49ab54b3c77,フリーズが多すぎる
2023-12-08 23:44:40,579d24c1-4601-4f68-bf19-a368163e32d2,機種変更後再インストールしたらエラーコードms_s_201がずっと出ますとても邪魔です
2023-12-13 10:59:16,6440ea9a-13a8-4abe-b756-d71ec9fae218,色々な分野の記事が無料で読めるのがよい
2023-12-15 12:58:39,f981880d-9468-4746-8289-0f478dfe1a6f,降雨予報のグラフ化表示がよい、強さと時間帯がただし的中率が今一
2023-12-19 19:42:27,aac78dfd-c40c-4036-8369-6fe8483c676a,同じニュースを何度もだして面白くも何もないyahooがあればたりる
2023-12-10 09:20:49,9c95c4b8-3797-4e37-996b-eb73a8b17554,シンプルでバランス良い
2023-12-01 20:24:06,41f4e213-d423-4652-a75f-785837bf5ced,クロムブックで頻繁に勝手に落ちる
2023-12-03 12:13:15,f6d1585c-6d59-47dc-b4ee-4855522b1e1a,記事が保存出来なくなった
2023-12-04 07:49:24,5de3ae90-04da-4744-8212-412da84d6552,企業を持ち上げる記事、中年男性をディスった記事等不快な記事が多すぎる
2023-12-07 17:56:27,de5e7413-8fd3-4b94-ad08-746934a4fa50,毎日の出来事な確認に便利です
2023-12-16 13:08:38,45e58ce9-9beb-474c-88d7-946391618a78,広告だらけで嫌になる
2023-12-12 07:17:10,9c9989f6-704d-48df-a016-c3313fed5cc1,読みやすいです
2023-12-03 09:29:38,d08f03d0-a736-458d-8b6b-fb7a1dc285a9,どんどん有料課金ニュースを増やしている
2023-12-03 17:11:34,1cfe445e-b84a-4f5f-b7bd-d12a5c926903,広告見ても開かない
2023-12-10 09:17:37,491c649d-3edf-4840-9dd2-eb514357a522,情報が、とても役立っています
2023-12-17 09:48:44,d6216b77-cd10-494b-a7ae-e8cd6faa4395,いらない宣伝が前は消せたのに消せない目がアップが気持ち悪いのがある為
2023-12-12 07:28:49,b7502745-eff8-4e54-8d57-1a36cdf6f799,地元のグルメ情報が非常に重宝しています
2023-12-09 18:49:40,b6333ef7-3908-46f9-afb5-9718ce39c7e8,とても使いやすい
2023-12-17 09:57:58,5dc48a18-82f8-422c-bd7c-8ad2807d0340,いつも大谷さんや、メジャーリーグの情報を見させていただいて大満足です^_^/星5つです
2023-12-18 22:50:35,79832b50-96af-4ba4-84f0-7c7fda9860dd,大体の情報はここから得ているような
2023-12-18 22:50:35,79832b50-96af-4ba4-84f0-7c7fda9860dd,これからも宜しく笑~~
2023-12-20 13:17:56,316e961a-bdd1-4590-b062-b2de5cc70d08,見やすく分かりやす
2023-12-20 13:06:17,f4d130bf-a6db-4516-9f08-89b28db9c889,朝はいつもこのアプリからスタートしています
2023-12-09 20:57:21,61446d66-662b-418f-a841-ec6bccc8d3da,お知らせメール多くてうんざり
2023-12-09 20:57:21,61446d66-662b-418f-a841-ec6bccc8d3da,見たい時に見たい
2023-12-09 20:57:21,61446d66-662b-418f-a841-ec6bccc8d3da,ブロックしたい
2023-12-04 12:02:36,1bb2b888-32fd-4576-b4db-1cae5a635b04,操作しやすい
