1,【画面】 【トップ】 【表示】 
2,【自動販売機】 【多く】 【もの】 
3,【戻し】 【見える】 
4,【アプリ】 【操作】 【通知】 
5,【チケット】 【なっ】 【使用】 
6,【自販機】 【コークオンペイパス】 【使え】 
7,【読み込ま】 【バーコード】 【コード】 
8,
9,【歩か】 
10,【置い】 
11,【数百】 【数千】 【少なく】 
12,【購入履歴】 【処理】 【商品】 
13,
14,
15,【galaxyzfold】 【早期】 【願い】 
16,
17,【不具合】 【エラー】 
18,
19,【追記】 【カスタマー】 【問い合わせる】 
20,
21,【時間】 【掛かる】 【遅い】 
22,
23,【自販機】 【くれれ】 【全て】 
24,【読み取り】 【無駄】 【時間】 
25,【問題】 【増えれ】 【契約】 
26,【たち】 【制御】 【使い】 
27,【自販機】 【接続】 【よっ】 
28,
29,【恩恵】 【スタンプ】 【キャッシュレス】 
30,
31,
32,
33,【エラーメッセージ】 【自販機】 【つながっ】 
34,
35,【ポップアップ】 【立上げ】 【時間】 
36,【自販機】 【ipad】 【行か】 
37,
38,【パスワード】 【アプリ】 【移行】 
39,【スタンプ】 【遅い】 【反応】 
40,【bluetooth】 【繋がら】 【いる】 
41,【ランプ】 【自販機】 【接続】 
42,【届く】 【何度】 【通知】 
43,
44,【ペアリング】 【現金】 【投入】 
45,【当落】 【繋がる】 【ほう】 
46,【自販機】 【スタンプ】 【購入】 
47,【自販機】 【購入】 【アプリ】 
48,
49,【統合】 【スタンプ】 
50,【改善】 【希望】 【接続】 
51,【使おう】 【スタンプ】 【cokeon】 
52,【使え】 【いる】 【絶対】 
53,【増やし】 【勢い】 
54,【マシ】 【システム】 【作っ】 
55,【転嫁】 【責任】 
56,
57,【嬉しい】 【低い】 【スタンプ】 
58,【応募】 【キャンペーン】 【出来】 
59,
60,【歩数】 【カウント】 【ちゃん】 
61,
62,【wallet】 【買え】 
63,【無かっ】 【問題】 【同様】 
64,【かかる】 【10】 【接続】 
65,【クーポン】 【繋がら】 【使え】 
66,
67,
68,【問合せ】 【返事】 【救済】 
69,
70,【歩数】 【目標】 【スタンプ】 
71,【なっ】 【デザイン】 【アプリ】 
72,【まくり】 【広告】 【なる】 
73,
74,【ホットドリンクノ】 【バリエーション】 【増やし】 
75,
76,【ログイン】 【使え】 【画面】 
77,
78,【改善】 【ねがい】 【早急】 
79,【スタンプ】 【イベント】 【実施】 
80,
81,【接続】 【なし】 【反応】 
82,【再起動】 【何回】 【繰り返し】 
83,【自販機】 【ゼロ】 【入っ】 
84,【行け】 【画面】 【トップ】 
85,【画面】 【bluetooth】 【操作】 
86,【スキャン】 
87,
88,【年配】 【改善】 【進め】 
89,
90,
91,【なら】 【キャンペーン】 
92,【手入力】 【読取り】 【メンテナンス】 
93,【自販機】 【現金】 【でる】 
94,【エラー】 【通信】 
95,
96,【未確認】 【抽選】 【履歴】 
97,【歩数】 【ウォーキング】 【反映】 
98,
99,【切断】 【良く】 
100,【購入】 【まとも】 
101,【早く】 【正常】 
102,【再起動】 【通り】 【通常】 
103,
104,【googlefit】 【なっ】 【反映】 
105,【スタンプ】 【貯まり】 【貰え】 
106,
107,【当落】 【いき】 【抽選】 
108,【使え】 【なっ】 
109,
110,
111,
112,【コード】 【ボトル】 【読み込み】 
113,【接続】 
114,
115,【自販機】 【たん】 【交換】 
116,【読み取り】 【認識】 【比べ】 
117,
118,
119,
120,【たまーに】 【なる】 【イベント】 
121,【しんどい】 【歩く】 【今まで】 
122,
123,【ログイン】 【ブラウザ】 【コカ】 
124,
125,
126,
127,
128,
129,
130,【分かり】 【当選】 【結果】 
131,
132,
133,【pay】 【使え】 【コークオン】 
134,【bluetooth】 【消耗】 【電池】 
135,【画面】 【購入】 【複数】 
136,
137,
138,
139,【連続】 【コラボ】 【リアル】 
140,【アプリ】 【対応】 【開発】 
141,【20000】 【21000】 【くれ】 
142,【失くなっ】 【チケット】 【購入】 
143,
144,
145,【新着】 【起動】 【固まっ】 
146,【入れる】 【アプリ】 【無駄】 
147,【行か】 【上手く】 【抽選】 
148,【スマホ】 【画面】 【操作】 
149,
150,【スマホ】 【接続】 【遅い】 
151,【連続】 【購入】 【スタンプ】 
152,【なっ】 【特典】 【少なく】 
153,
154,【読込み】 【自販機】 【接続】 
155,【自販機】 【数十】 【アプリ】 
156,【自販機】 【使え】 【無料】 
157,
158,
159,【バーコード】 【スキャン】 【出来】 
160,
161,【切れる】 【接続】 【販売機】 
162,
163,【自販機】 【cokeon】 【使え】 
164,
165,
166,【入れ代わり】 【立ち代わり】 【駄目】 
167,【自動販売機】 【現在】 【撤去】 
168,【回数券】 【スタンプ】 【つか】 
169,
170,
171,【カメラ】 【エラー】 【スキャン】 
172,【画面】 【表示】 【購入】 
173,【バーコード】 【読み込め】 【読み込ん】 
174,
175,
176,
177,
178,【遅い】 【反応】 【アプリ】 
179,
180,【みんな】 【使っ】 
181,【機械】 【接続】 
182,
183,【抽選】 【歩数計】 【画面】 
184,【なる】 【ない】 【使わ】 
185,【ログイン】 【繰り返し】 【同じ】 
186,
187,
188,【買え】 【使い】 【悪い】 
189,
190,【bluetooth】 【表示】 【不具合】 
191,【たかだか】 【ため】 【垂れ流す】 
192,【読み取り】 【コード】 【エラー】 
193,【画面】 【表示】 【スクロール】 
194,
195,
196,
197,
198,【消え】 【しまっ】 【スタンプ】 
199,
200,【大嘘】 【近付い】 【自販機】 
201,【問題】 【繋がら】 【全て】 
202,【コークオンウォレット】 【使え】 【銀行口座】 
203,【スタンプ】 【購入】 【付か】 
204,【繋がら】 
205,
206,【バーコード】 【かわ】 【なっ】 
207,【自販機】 【ボタン】 【押し】 
208,
209,【ない】 【手間】 【楽しみ】 
210,【一回】 【プレゼント】 【チケット】 
211,【令和】 【五百】 【使え】 
212,
213,【自販機】 【同じ】 【コークオン】 
214,【待て】 【あり】 【暮らせ】 
215,【買おう】 【何回】 【ダメ】 
216,【使い物】 【接続】 【失敗】 
217,【連続】 【途絶え】 【記録】 
218,【byandroid】 【アプリ】 【歩数】 
219,
220,
221,【途切れ】 【切れる】 【接続】 
222,
223,【いる】 【続い】 【状態】 
224,
225,
226,【bluetooth】 【許可】 【通知】 
227,
228,【ブルートゥース】 【悪い】 【反応】 
229,【下げ】 【下げる】 【表示】 
230,【ペットボトル】 【ペコペコ】 【小さな】 
231,【自販機】 【bluetooth】 【繋がら】 
232,【押せる】 【ボタン】 【接続】 
233,【方法】 【直す】 【知り】 
234,【変わっ】 【なっ】 【デザイン】 
235,【支払い】 【チケット】 【なっ】 
236,【貯まん】 【近く】 【自宅】 
237,【接続】 【切り】 
238,【切れる】 【購入】 【接続】 
239,
240,
241,
242,【google】 【いれ】 【くれ】 
243,【機種】 【携帯電話】 【コークオン】 
244,
245,【歩数】 【クリア】 【なる】 
246,【無くなっ】 【あり】 【無料】 
247,【近づか】 【スタンプ】 【押さ】 
248,【万歩】 【なっ】 【がわり】 
249,【画面】 【選択】 【行か】 
250,【判り】 【支払い】 【アプリ】 
251,【追記】 【バーコード】 【エラー】 
252,
253,【有難い】 【距離】 【表示】 
254,
255,
256,【自販機】 【秒間】 【かざし】 
257,【画面】 【自販機】 【アプリ】 
258,【id】 【パスワード】 【データベース】 
259,【アップデート】 【アプリ】 【表示】 
260,【紐づい】 【line】 【google】 
261,
262,【番目】 【コード】 【認証】 
263,
264,
265,【スマホ】 【接続】 【でき】 
266,【チャット】 【問い合わせ】 【くれ】 
267,【お店】 【新しい】 【コラボ】 
268,
269,【時間】 【接続】 【掛かる】 
270,
271,【weeklywalk】 【悪い】 【感度】 
272,【もらえ】 【強制的】 【接続】 
273,
274,【無かっ】 【機能】 【活用】 
275,
276,
277,【自販機】 【購入】 【マシ】 
278,
279,【何回】 【接続】 【スルー】 
280,【自販機】 【画面】 【もらえる】 
281,
282,【当たれ】 【景品】 【すぎる】 
283,【動作】 【楽天】 【モバイル】 
284,【ホワイト】 【フラット】 【無い】 
285,
286,【不正】 【設定】 【検出】 
287,
288,【電波】 【入り】 
289,【貰え】 
290,
291,【手打ち】 【ひん】 【入力】 
292,【ダウンロード】 【たまら】 【ポイント】 
293,【多く】 【エラー】 【電波】 
294,【来る】 【期限】 【リセット】 
295,【使え】 【メインバンク】 【機能】 
296,
297,
298,【表示】 
299,【画面】 【当落】 【抽選】 
300,【画面】 【再起動】 【改善】 
301,【プレゼント】 【スタンプ】 【応募】 
302,【悪い】 【入ら】 【状況】 
303,【歩数】 【違い】 【目標】 
304,【繋がら】 【ポイント】 【落ち】 
305,【お札】 【買え】 【持っ】 
306,【不都合】 【発生】 
307,【スマホ】 【早く】 【読み込む】 
308,【故障】 【電源】 【落ち】 
309,【自販機】 【遅く】 【なる】 
310,【建物内】 【ズレ】 【自販機】 
311,【レスポンス】 【過ぎる】 
312,【歩数】 【カウント】 【なっ】 
313,【機種変更】 【スマートフォン】 【面倒】 
314,【多く】 【バグ】 【ソフト】 
315,
316,
317,【接続】 【表示】 【まま】 
318,
319,【読み込み】 【遅い】 【商品】 
320,
321,【あり】 【場所】 【繋がり】 
322,【スタンプ】 【意識】 
323,
324,【bluetooth】 【異様】 【接続】 
325,【チケット】 【ドリンク】 【消える】 
326,【連絡】 【返っ】 【問い合わせ】 
327,
328,【なく】 【ない】 【接続】 
329,【返却】 【日時】 【チケット】 
330,【使え】 【つけ】 【機能】 
331,【自販機】 【地図】 【使え】 
332,
333,
334,【歩数】 【表示】 
335,【android】 【繋がら】 【高い】 
336,
337,
338,【paypay】 【使え】 【使える】 
339,【中途半端】 【自販機】 【アプリ】 
340,
341,
342,【ポイント】 【消費】 【抽選】 
343,
344,
345,
346,
347,【お粗末】 【アプリ】 【大手企業】 
348,【ややこしい】 
349,【自販機】 【接続】 【離れ】 
350,【使い】 【でき】 【済み】 
351,【あり】 【接続】 【とき】 
352,
353,【繋がら】 【繋がる】 【遅い】 
354,【接続】 【bt】 【安定】 
355,
356,【少ない】 【種類】 【商品】 
357,
358,【自販機】 【接続】 【販売機】 
359,【反応】 
360,
361,
362,
363,【問い合わせる】 【説明】 【ほしい】 
364,【ない】 【品質】 【良く】 
365,【自販機】 【もらおう】 【購入】 
366,【わかり】 【ポイント】 
367,【分かり】 【通知】 
368,【繰り返し】 【同じ】 【エラー】 
369,【googlefit】 【ログイン】 【インストール】 
370,【自販機】 【販売機】 【台数】 
371,【思う】 【あっ】 【サービス】 
372,
373,
374,【チケット】 【もらえ】 【接続】 
375,【自販機】 【icカード】 【使える】 
376,【週間】 【多く】 【移動】 
377,【何回】 【追記】 【いじっ】 
378,【作り込み】 
379,【ログイン】 【真っ白】 【コカコーラ】 
380,【何百】 【おかしい】 【達成】 
381,
382,【直し】 【早く】 【ほしい】 
383,【自販機】 【品物】 【肝心】 
384,【googlefit】 【顕著】 【乖離】 
385,【早く】 【なれ】 【満点】 
386,【自販機】 【特定】 【取り】 
387,
388,【改善】 【接続】 【希望】 
389,【処理】 
390,
391,【自販機】 【ボタン】 【掛かる】 
392,【たたみかける】 【おわっ】 【間違い】 
393,【消失】 【ポイント】 
394,
395,【使え】 【ユーザー】 【使い】 
396,
397,
398,【購入】 【決済】 【支払い】 
399,【新しい】 【画面】 【戻る】 
400,
401,【回し】 【消える】 【ポイント】 
402,【キャンペーン】 【表示】 【増やす】 
403,
404,【立ち上げ】 【アプリ】 【移動】 
405,【使え】 【エラー】 
406,
407,【繋がら】 【更新】 【なり】 
408,【ちい】 【かわ】 【キャンペーン】 
409,【しまう】 【接続】 【空い】 
410,【qrde】 【自動販売機】 【コカ】 
411,【繋がら】 【本当】 
412,【すり替わっ】 【消え】 【スタンプ】 
413,【ログイン】 【chrome】 【アプリ】 
414,【当たら】 【抽選】 
415,【購入】 【なっ】 【途端】 
416,【接続】 【場合】 【不可】 
417,
418,【立ち上げ】 【直す】 【なり】 
419,
420,
421,【自販機】 【ある】 【問題】 
422,
423,【デザイン】 【出来】 【もの】 
424,【つながり】 【遅い】 【通信】 
425,
426,【買え】 【エラー】 【過ぎ】 
427,【多い】 【スタンプ】 【ロス】 
428,
429,【電子マネー】 【チケット】 【もらえ】 
430,
431,【購入】 【なる】 【通信中】 
432,【不具合】 【キャンペーン】 
433,【モンスター】 【増え】 
434,【だめ】 【あがい】 【とき】 
435,
436,【歩数】 【達成】 【実際】 
437,【目標】 【通勤】 【クリア】 
438,
439,【読込】 【自販機】 【購入】 
440,【しまう】 【チケット】 【切れ】 
441,
442,
443,
444,【引落さ】 【金額】 【商品】 
445,【くれ】 【アプリ】 【キャンペーン】 
446,【交通系icカード】 【使え】 【なり】 
447,
448,【アプリ】 【落ちる】 
449,【間違える】 【スタンプ】 【チケット】 
450,
451,
452,【バーコード】 【本日】 【表示】 
453,【買え】 【繋ぎ換え】 【何本】 
454,【コークオンアプリ】 【自販機】 【コークオン】 
455,【ペットボトル】 【読み取り】 【すぎる】 
456,【キャッシュレス】 【コイン】 【遅い】 
457,【自動販売機】 【スタンプ】 【付か】 
458,【自動販売機】 【時間】 【買える】 
459,
460,【自販機】 【繋がっ】 【接続】 
461,【接続】 【課題】 【大きい】 
462,
463,
464,
465,【get】 【スタンプ】 【履歴】 
466,
467,【まとめ買い】 【何本】 【とき】 
468,【飲める】 【しまう】 【小さな】 
469,【再起動】 【変わり】 【更新】 
470,【とき】 【もらえ】 【スタンプ】 
471,【多く】 【集まっ】 【土日】 
472,
473,【改善】 【調べ】 【やっ】 
474,
475,【値段】 【買う】 【いる】 
476,
477,【ポイント】 【カード】 【終わら】 
478,【なっ】 【くれる】 【いい】 
479,【自販機】 【画面】 【ホーム】 
480,【開こう】 【なる】 【出来】 
481,
482,【売れ】 【最悪】 【よこ】 
483,
484,【アプリ】 【ポップアップ】 【起動】 
485,【ログイン】 【試し】 【表示】 
486,【まわし】 【いう】 【当たら】 
487,
488,【メリット】 
489,
490,【改善】 【頻度】 【エラー】 
491,
492,【消失】 【エラー】 【キャンペーン】 
493,【読み込み】 【長い】 【商品】 
494,
495,
496,【読み込み】 【抽選】 【連動】 
497,
498,【試し】 【楽し】 【なっ】 
499,【自販機】 【入れろ】 【言う】 
500,
501,【試し】 【駄目】 【アプリ】 
502,【なる】 【強制】 【解除】 
503,【使え】 【固まっ】 【開く】 
504,【ポイント】 【スキャン】 【加算】 
505,【起動】 【連携】 
506,
507,【スタンプ】 【無効】 【初回】 
508,【自販機】 【cokeon】 【近く】 
509,【行く】 【販売機】 【使える】 
510,【自販機】 【つい】 【悩み】 
511,【凄い】 【ためる】 【考え】 
512,
513,【無駄】 【なっ】 【接続】 
514,
515,【認識】 【ある】 【接続】 
516,【分から】 【基準】 【良く】 
517,【回さ】 【当たら】 【くじ】 
518,【画面】 【黒い】 【時間】 
519,
520,【たどりつき】 【歩数】 【歩け】 
521,
522,【再設定】 【使え】 【一度】 
523,
524,【自販機】 【有る】 【不正確】 
525,【歩数】 【目標】 【くる】 
526,
527,【減る】 【エラー】 【ポイント】 
528,【アプリ】 【インストール】 【消え】 
529,
530,【願い】 
531,
532,【わるく】 【自販機】 【認識】 
533,【接続】 【購入】 【スタンプ】 
534,【ver】 【更新】 【すぎる】 
535,【偽物】 【qr】 【紫色】 
536,【画面】 【白い】 【設定】 
537,
538,
539,【もらえ】 【スタンプ】 【繋がら】 
540,【繰り返す】 【購入】 【読み込む】 
541,【購入】 【迷う】 【ある】 
542,【自販機】 【変更】 【しまっ】 
543,【自販機】 【自販】 【cokeon】 
544,
545,【誕生日】 【消える】 【スタンプ】 
546,
547,
548,
549,【バーコード】 【ボタン】 【読み取り】 
550,
551,【ドラゴン】 【イベント】 【作動】 
552,【無し】 【接続】 【スタンプ】 
553,
554,【自販機】 【コークオン】 【探し】 
555,【低い】 【評価】 
556,【再起動】 【スマホ】 【改善】 
557,【週間】 【チャレンジ】 【取得】 
558,【読み込め】 【接続】 【時間】 
559,【本日】 【読み取り】 【jan】 
560,
561,【長押し】 【保存】 【書い】 
562,【美味しく】 【ココア】 
563,【初期設定】 【難しい】 
564,【出る】 【応援】 【ポイント】 
565,【自販機】 【仕様】 【バラバラ】 
566,【コード】 【つい】 【登録】 
567,【購入】 【指定】 【ペイ】 
568,【思える】 【製品】 【ない】 
569,
570,【入金】 【返却】 
571,【ポイント】 【いく】 【消費】 
572,
573,
574,【ない】 【スタンプ】 【良く】 
575,【引き継ぎ】 【届か】 【メール】 
576,
577,【自販機】 【cokeon】 【なっ】 
578,【時間切れ】 【完了】 【時間】 
579,【アプリ】 【ダメ】 
580,【自販機】 【ブルー】 【接続】 
581,
582,
583,
584,
585,
586,【画面】 【閉じ】 【戻り】 
587,【内容】 【使い】 
588,
589,
590,【立ち上げ】 【接続】 【アプリ】 
591,【上手く】 【出来】 【連携】 
592,【販売機】 【地下】 【アクセス】 
593,
594,
595,【クーポン】 【購入】 【スタンプ】 
596,
597,【ファミマ】 【抽選】 【無料】 
598,【自販機】 【コーヒー】 【撤去】 
599,【バーコード】 【何度】 【取得】 
600,
601,
602,【チャレンジ】 【延ばす】 【新た】 
603,
604,【購入】 【アプリ】 【自販機】 
605,【繋がら】 【使え】 【迷惑】 
606,【スタンプ】 【貯まら】 【貰え】 
607,【自販機】 【嬉しい】 【サクサク】 
608,【自販機】 【自動販売機】 【スタンプ】 
609,【チケット】 【ドリンク】 【なっ】 
610,
611,【スタンプ】 【貰え】 【認識】 
612,【自販機】 【使える】 【使え】 
613,【bluetooth】 【自販機】 【3m】 
614,【買え】 【戻ら】 【引か】 
615,
616,【お買い上げ】 【購入】 【接続】 
617,【通知】 【消え】 
618,
619,【新た】 【ある】 【わから】 
620,
621,【はず】 【unk】 【スタンプ】 
622,【bluetooth】 【自販機】 【まとも】 
623,
624,【bluetooth】 【スマホ】 【近づけ】 
625,【なり】 【始め】 【アプリ】 
626,【何回】 【購入】 【掛かり】 
627,【アプリ】 【使え】 【かけ】 
628,【つかえ】 【新しい】 【チケット】 
629,
630,【再起動】 【自販機】 【繋がら】 
631,【併用】 【不可】 【機能】 
632,【問い合せ】 【出来】 
633,
634,【android】 【繋がっ】 【デスクトップ】 
635,
636,
637,【いただけ】 【消費】 【ポイント】 
638,
639,【問題】 【接続】 【悪い】 
640,【通知】 【過ぎ】 
641,【googlepixel】 【xperia】 【使え】 
642,
643,【遅い】 【起動】 【決済】 
644,【何度】 【試す】 【あり】 
645,
646,【不安定】 
647,
648,【googlepixel】 【使え】 
649,
650,
651,【ない】 【改善】 【様子】 
652,【繋げ】 【画面】 【なっ】 
653,【無い】 
654,【bluetooth】 【一度】 【連続】 
655,
656,
657,【画面】 【抽選】 【コラボ】 
658,【バグ】 【検証】 【出し】 
659,【自販機】 【検索】 【販売】 
660,【飲め】 【飲み】 【とき】 
661,
662,
663,
664,【設定】 【オフ】 
665,
666,【出る】 【アプリ】 【購入】 
667,【自販機】 【依存】 【キャンペーン】 
668,【画面】 【タップ】 【残り】 
669,【自販機】 【ボタン】 【切断】 
670,【抽選】 【本日】 【表示】 
671,【自販】 【プレゼント】 【なっ】 
672,【suica】 【スマホ】 【決済】 
673,【死ぬ】 【使い】 
674,【ない】 【繋がっ】 【こと】 
675,【自販機】 【劇的】 【繋がり】 
676,【販売機】 【反応】 【せい】 
677,【自販機】 【全て】 【なれ】 
678,【cokeonpay】 【掛かり】 【時間】 
679,【遅く】 【買え】 【アプリ】 
680,【無い】 【チケット】 【ドリンク】 
681,
682,【自販機】 【ペアリング】 【かかる】 
683,【google】 【あり】 【問題】 
684,
685,【自販機】 【モタモタ】 【部分】 
686,
687,【自販機】 【不良】 【無い】 
688,
689,
690,【反映】 【エラー】 【スキャン】 
691,【購入者】 【ただ】 【データ】 
692,【自販機】 【アホ】 【時間】 
693,
694,【嬉しい】 【もらえる】 【選択】 
695,
696,
697,【トップページ】 【タップ】 【分から】 
698,【おかしい】 【確率】 
699,
700,
701,【なる】 【買え】 【足り】 
702,【自販機】 【スマホ】 【スタンプ】 
703,【繋がり】 【接続】 【使い】 
704,【自動販売機】 【反応】 
705,
706,
707,
708,【浪費】 【時間】 
709,【苦労】 【ひと】 【そんな】 
710,【連続】 【時間短縮】 【検討】 
711,
712,
713,
714,【paypay】 【手軽】 【なら】 
715,【チケット】 
716,
717,【コークオンペイ】 【コークオンパス】 【自販機】 
718,【自販機】 【コークオン】 【周り】 
719,【手書き】 【小文字】 【入力】 
720,【消えん】 【バーコード】 【貯める】 
721,
722,【エラー】 【細か】 【すぎる】 
723,【qrコード】 【キャップ】 【商品】 
724,【販売機】 【費やす】 【時間】 
725,
726,
727,
728,
729,【歩数】 【カウント】 【累計】 
730,【自販機】 【ボタン】 【スマホ】 
731,【なる】 【願う】 【スムーズ】 
732,【ナメ】 【電子決済】 【悪い】 
733,
734,
735,【見返す】 【希望】 【機能】 
736,【受け取り】 【押し】 【チケット】 
737,
738,
739,【年寄り】 【ルド】 【難しい】 
740,【自販機】 【貯まる】 【ポイント】 
741,【発生】 【無駄】 【取り消し】 
742,【いる】 【認識】 【商品】 
743,
744,【googleplay】 【アプリ】 【ボタン】 
745,
746,
747,【マトモ】 【動い】 【なっ】 
748,
749,【購入】 【広告】 【起動】 
750,【歩数】 【当日】 【分から】 
751,【接続】 【終了】 【時間】 
752,
753,【開こう】 【アプリ】 【チケット】 
754,【自販機】 【決済】 【かから】 
755,
756,
757,【繋がっ】 【スタンプ】 
758,
759,
760,【自販機】 【とき】 【購入】 
761,【再起動】 【ため】 【繋がら】 
762,
763,【ない】 【選ぶ】 【5000】 
764,【歩数】 【スマホ】 【連動】 
765,【自販機】 【載っ】 【わから】 
766,【paypay】 【pay】 【接続】 
767,
768,
769,【広告】 【アプリ】 【削除】 
770,【繋がら】 【購入】 【なり】 
771,
772,【バーコード】 【無くなっ】 【イベント】 
773,【しまう】 【なっ】 【接続】 
774,【本日】 【読み取ら】 【コード】 
775,【食う】 【なり】 【なっ】 
776,【cokeonpay】 【cokeon】 【接続】 
777,
778,
779,【なく】 【接続】 【状態】 
780,
781,【さい】 
782,
783,
784,
785,
786,
787,【クリア】 【ゲーム】 
788,【違い】 【画面】 【チケット】 
789,【アプリ】 【やら】 【早う】 
790,
791,【復活】 【イベント】 【花火】 
792,
793,【使え】 【チャージ】 【忘れ】 
794,
795,
796,
797,【設置】 【場所】 【情報】 
798,【付け】 
799,【消す】 【問い合わせ】 【キャッシュ】 
800,【自販機】 【コークオン】 【買える】 
801,【貯まら】 【ない】 【ポイント】 
802,【タップ】 【アップデート】 【飛ばさ】 
803,
804,【パンク】 【サーバー】 
805,
806,
807,【なら】 【キー】 【復活】 
808,
809,【長時間】 【ため】 【ウォーク】 
810,
811,【スタンプ】 【あれ】 
812,【無い】 【スマート】 【手元】 
813,【不便】 【使い】 
814,【繋がら】 【機種】 【よっ】 
815,
816,
817,【自販機】 【飲み】 【ない】 
818,【本数】 【時間】 【出来】 
819,【表示】 【設定】 【変え】 
820,
821,
822,
823,【嬉しい】 【広まる】 【unk】 
824,
825,
826,【歩数】 【あっ】 【カウント】 
827,【比べる】 【煩わしい】 【部分】 
828,【ためらう】 【買う】 
829,【バッテリー】 【消費】 
830,
831,【返信】 【注意】 【送信】 
832,【電子決済】 【機器】 
833,【遅く】 【たまる】 【終わる】 
834,【使い物】 【繰り返し】 【なら】 
835,【自販機】 【id】 【ほう】 
836,【きつい】 【言葉】 【足り】 
837,【手入力】 【追記】 【読み込ま】 
838,
839,【1000万】 【達成】 【みよう】 
840,
841,【お知らせ】 【購入】 【cm】 
842,【自販機】 【良い】 【いい】 
843,
844,【並ば】 【後ろ】 
845,【2022】 【設定】 【押す】 
846,
847,【買おう】 【出る】 【勝手】 
848,【買え】 【周り】 
849,【マニュアル】 【文章】 【帰っ】 
850,【使え】 【クーポン】 【切れる】 
851,【自販機】 【読み込ま】 【もらえ】 
852,【自販機】 【建物内】 【しまう】 
853,【期限切れ】 【近く】 【なる】 
854,【悪い】 【反応】 
855,
856,
857,
858,
859,
860,【アプリ】 【繋がら】 【有り】 
861,
862,【引き継ぎ】 【機種変】 【出来】 
863,
864,【やめ】 【少ない】 【懸賞】 
865,【ない】 【集め】 【意味】 
866,【繋がら】 【10】 
867,【問い合わせ】 
868,【ボトラーズ】 【ダメ】 【地方】 
869,【返金】 【安定性】 【高め】 
870,【返信】 【来る】 【以降】 
871,【分かり】 【安く】 【簡単】 
872,
873,【自販機】 【何度】 【繋がる】 
874,【チャレンジ】 【難し】 【リアル】 
875,
876,
877,
878,【とき】 【エラー】 【キャンペーン】 
879,【鈍く】 【反応】 【遅い】 
880,【ややこしい】 【地権者】 【アレコレ】 
881,【コード】 【読み取り】 【ない】 
882,
883,【使用料】 【減り】 【なっ】 
884,
885,【売切れ】 【商品】 
886,
887,【歩数】 【しまう】 【切れ】 
888,
889,【チケット】 【キャンペーン】 【当たら】 
890,
891,
892,【qrコード】 【読み取れ】 【バーコード】 
893,
894,【自販機】 【購入】 【アプリ】 
895,【動作】 【登録情報】 【削除】 
896,
897,【電子マネー】 【選べ】 【ない】 
898,【ログイン】 【消え】 【スタンプ】 
899,【対策】 【繋がら】 【いる】 
900,【手入力】 【分かり】 【書い】 
901,【かかる】 【時間】 
902,【2000万】 【到達】 【ない】 
903,【新規登録】 【出来】 
904,【押し】 【動作】 【画面】 
905,【問題】 【ある】 【サポート】 
906,【死ぬ】 【脱水】 
907,
908,【チケット】 【今一つ】 【理解】 
909,【返金】 【購入】 【商品】 
910,
911,
912,
913,【牛丼】 【チェーン店】 【嬉しい】 
914,【自動販売機】 【決済】 【多く】 
915,
916,【歩数計】 【カウント】 【アプリ】 
917,
918,
919,
920,【でき】 【こと】 【やり】 
921,【対応】 
