1,【使え】 【動作】 【機能】 
2,【歩数計】 【歩数】 【減る】 
3,
4,【可能性】 【壊れる】 【高く】 
5,【歩数】 【カウント】 【止まり】 
6,
7,【歩数】 【カウント】 【少なく】 
8,【3000】 【走っ】 【10】 
9,【歩数計】 【km】 【歩い】 
10,【萎える】 
11,
12,【使い物】 【なら】 【カウント】 
13,【感度】 【悪い】 【タッチ】 
14,【距離】 【500】 【往復】 
15,【不具合】 【重大】 
16,
17,【ある】 【項目】 【車椅子】 
18,【はやく】 【くれ】 
19,【減少】 【カウント】 
20,
21,【google】 【いう】 【アプリ】 
22,【早急】 【対応】 
23,【素早い】 【お願い】 【修正】 
24,【止まり】 【2000】 
25,【アプリ】 【まし】 【反応】 
26,【データ連携】 【スマートホン】 【動作】 
27,
28,【子ども】 【使用】 【アカウント】 
29,
30,
31,【入力ミス】 【消せる】 【血圧】 
32,【再起動】 【動き】 【端末】 
33,【改悪】 【5000】 【アップデート】 
34,【歩数】 【月別】 【グラフ】 
35,【面倒】 【触る】 【余計】 
36,【日誌】 【なっ】 【登録】 
37,
38,
39,【googlefit】 【歩数】 【反映】 
40,【修正】 
41,【歩数】 【入れ直し】 【アプリ】 
42,【ない】 【使える】 【まとも】 
43,【充電】 【消費】 【ハンパ】 
44,【歩数計】 【誤差】 【すぎる】 
45,【加算】 【アプリ】 【ポイント】 
46,【歩数】 【減っ】 【翌日】 
47,
48,【体脂肪】 【連携】 
49,【紐づい】 【リンク】 【インストール】 
50,【改善】 【願う】 
51,
52,【良く】 【感度】 
53,【体重】 【でき】 【一括】 
54,【改善】 【評価】 【限り】 
55,【不具合】 【願い】 【解消】 
56,【いる】 【アプリ】 【連携】 
57,
58,【正しい】 【走行距離】 【表示】 
59,【体脂肪】 【たどっ】 【入力】 
60,【カウント】 【修正】 
61,
62,【乗ら】 【消え】 【乗り物】 
63,【歩数】 【カウント】 【止まり】 
64,
65,
66,
67,
68,【サイクリング】 【300】 【モード】 
69,【アプリ】 【連動】 【使い物】 
70,【anapocket】 【始め】 【止まる】 
71,【歩数】 【カウント】 【表示】 
72,
73,【アプリ】 【カウント】 【増え】 
74,【少なく】 【感度】 【計測】 
75,
76,【手軽】 【連携】 
77,【歩数】 【なくなっ】 【戻っ】 
78,【歩数】 【消え】 【なっ】 
79,
80,【減る】 【3500】 【辺り】 
81,
82,【減る】 【歩数】 【カウント】 
83,【煩雑】 【非常】 
84,【願い】 
85,【サイクリング】 【ウォーキング】 【毎日】 
86,【体脂肪】 【体重】 【同じ】 
87,【歩数】 【減る】 【3000】 
88,
89,【歩数】 【カウント】 【戻さ】 
90,【電池】 【更新】 【頻繁】 
91,【カウント】 【時間】 【30】 
92,【サイクリング】 【カウント】 【計測】 
93,
94,
95,
96,
97,【歩数】 【アプリ】 【機能】 
98,
99,【fit】 【ウォーキング】 【開始】 
100,【デベロッパー】 【なく】 【コメント】 
101,
102,【歩数】 【数合わせ】 【増え】 
103,
104,【なっ】 【する】 【応答】 
105,
106,【しまう】 【誤っ】 【データ】 
107,
108,
109,【アップデート】 【かなり】 【不具合】 
110,【歩数】 【問題】 【デバイス】 
111,
112,【歩数】 【一定】 【達する】 
113,
114,【履歴】 
115,【歩数】 【少ない】 【カウント】 
116,【ガーミン】 【カウント】 【20000】 
117,【歩数】 【多い】 【いる】 
118,【体脂肪】 【入力】 【小数点】 
119,【アプリ】 【場合】 【なっ】 
120,
121,【動き】 
122,【スマホ】 【いる】 【所持】 
123,
124,【削除】 
125,
126,【なっ】 【歩い】 【ゼロ】 
127,【android】 【アップデート】 【機能】 
128,
129,【一致】 【歩行】 【地点】 
130,【どうき】 【上手く】 【いか】 
131,【日誌】 【表示】 【ブレる】 
132,【一時停止】 【エクササイズ】 【でき】 
133,【ブレる】 【インストール】 【ブレ】 
134,【サイクリング】 【判別】 【unk】 
135,【許可】 【アプリ】 【権限】 
136,【pixelwatch】 【nesthub】 【同じ】 
137,【毎度】 【学習】 【くれ】 
138,【悪い】 【ハート】 【ポイント】 
139,【終了】 【操作】 【ポケット】 
140,
141,
142,【次の日】 【pt】 【減っ】 
143,
144,
145,
146,
147,
148,【計測】 
149,
150,【対処方法】 【解決策】 【教え】 
151,【心拍数】 【距離】 【サイクリング】 
152,
153,
154,
155,
156,【体脂肪】 【あす】 【願い】 
157,【ログイン】 
158,【改善】 【500】 【3500】 
159,
160,
161,
162,【トラノコ】 【歩数】 【貯める】 
163,
164,【band】 【ウオッチ】 【カウント】 
165,【7000】 【9000】 【以上】 
166,【抽出】 【数値】 【アプリ】 
167,【fitbit】 【少ない】 【000】 
168,【グーグル】 【使い方】 【やり方】 
169,【歩数計】 【まとも】 
170,【歩数】 【カウント】 【精度】 
171,【ない】 【解消】 【不具合】 
172,【歩数】 【カウント】 【戻ら】 
173,【重たく】 【停止】 
174,【止まっ】 【途中】 
175,【改善】 【不具合】 【ない】 
176,【もらえる】 【減らさ】 【ポイント】 
177,【歩数】 【アプリ】 【違っ】 
178,
179,
180,【歩数】 【減らす】 【歩い】 
181,
182,
183,
184,
185,【大きい】 【誤差】 
186,【厚生労働省】 【キツ】 【目安】 
187,
188,【ずれ】 【いる】 【1000】 
189,【カウント】 
190,【睡眠】 【なっ】 【データ】 
191,【ウォーキング】 【終了】 【地図】 
192,【入力】 【出来】 【数値】 
193,【月経】 【消える】 【何度】 
194,【歩数】 【目標】 【達成】 
195,
196,
197,
198,
199,【歩数】 【途中】 【距離】 
200,【3500】 【反映】 
201,【消費】 【くる】 【数字】 
202,【アップデート】 【控え】 【できるだけ】 
203,【歩数】 【100】 【正常】 
204,【歩数】 【減っ】 【1300】 
205,【3000】 【少なく】 【表示】 
206,【改善】 
207,【使い】 【分かり】 【不便】 
208,【google】 【アプリ】 【イメージ】 
209,【不可】 【連絡】 【サポート】 
210,【直す】 【毎度】 【なっ】 
211,
212,【なっ】 【停止】 【落ちる】 
213,【アスマイル】 【連携】 
214,【過去】 【体重】 【出来】 
215,【カウント】 【なっ】 
216,【利便性】 【ユーザー】 【考え】 
217,【短く】 【なっ】 【しまい】 
218,【問題】 【デバイス】 【ある】 
219,【アップデート】 【アプリ】 【改善】 
220,【15000】 【走っ】 【満た】 
221,【歩数計】 【さがり】 
222,【アクティビティ】 【終了】 【計測】 
223,【いい加減】 【使い物】 【なら】 
224,【歩数計】 【歩数】 【カウント】 
225,【ウォーキング】 【表示】 【うまく】 
226,【アプリ】 【カウント】 【連携】 
227,
228,【歩数】 【減る】 【減っ】 
229,【ショートカット】 【体重】 【手動】 
230,
231,【歩数】 【仕様】 【カウント】 
232,
233,【直し】 
234,【原因】 【提供】 【間隔】 
235,
236,
237,【歩数】 【減る】 【減り】 
238,【距離】 【表示】 
239,【更新】 【同期】 【任意】 
240,【歩数】 【リセット】 【返し】 
241,【歩数】 【時間】 【表示】 
242,【削除】 
243,【一元管理】 【データ】 
244,【アカウント】 【見つかり】 
245,【アプリ】 【足り】 【わかり】 
246,
247,【地図】 【表示】 【記録】 
248,【歩数】 【更新】 【アプリ】 
249,
250,
251,【管理】 【ウォーキング】 【途中】 
252,【なり】 【ウオーキング】 【早め】 
253,
254,【体重】 【記録】 【連携】 
255,【歩数】 【iphone】 【計測】 
256,【アクティビティ】 【動き】 【31】 
257,【歩数】 【大至急】 【感度】 
258,
259,【歩数】 【異なる】 
260,
261,【アプリ】 【歩け】 【開い】 
262,【ダメ】 
263,【gps】 【歩数】 【カウント】 
264,
265,【googlefit】 【fitbit】 【google】 
266,【歩数】 【乗り物】 【消滅】 
267,【外出先】 【再起動】 【こまめ】 
268,
269,
270,【3500】 【なっ】 【5000】 
271,【目減り】 【歩数】 【貯め】 
272,
273,【いる】 【アプリ】 【点滅】 
274,【歩数】 【計測】 【表示】 
275,【あり】 【自分】 【ない】 
276,【フリーズ】 【ルーズ】 【動作】 
277,【消え】 【始め】 
278,
279,【アップデート】 
280,
281,【そもそも】 【アルゴリズム】 【ダメ】 
282,
283,【fit】 【でたらめ】 【数字】 
284,【アクティビティ】 【動か】 
285,【正常】 【直し】 【カウント】 
286,【歩数】 【減っ】 【動作】 
287,
288,【ラフティング】 【選択】 【入れ】 
289,
290,【歩数】 【アプリ】 【更新】 
291,【消え】 【しまう】 【最初】 
292,【一度】 【削除】 【記録】 
293,【強制】 【終了】 【表示】 
294,【腹囲】 【手入力】 【測定】 
295,【体重】 【組成】 【記録】 
296,【管理】 【システム】 【なっ】 
297,
298,【歩い】 【km】 
299,
300,【歩数】 【表示】 
301,【歩数計】 【信頼性】 【強度】 
302,
303,
304,【距離】 【コース】 【消せる】 
305,
306,【アップデート】 
307,
308,【チャレンタブ】 【チャレンジ】 【表示】 
309,【わかり】 【70】 
310,
311,
312,【fitbit】 【問合せ】 【回そう】 
313,
314,
