1,
2,
3,【何度】 【止まる】 
4,【おすすめ】 【リスト】 【非表示】 
5,【プレイリスト】 【消え】 
6,【不具合】 【アプリ】 
7,【ない】 【いっ】 【情報】 
8,【指し】 【意味】 【重複】 
9,【対処】 【もらえ】 
10,【検索】 【音楽】 【非常】 
11,
12,【変わっ】 【入ら】 【設定】 
13,【一時的】 【開け】 
14,
15,【いる】 【機能】 【反映】 
16,【聞け】 【まとも】 【音楽】 
17,【シャッフル】 【プレイ】 【いる】 
18,
19,【続け】 【我慢】 【使い】 
20,【聴け】 【最後】 
21,
22,【歌詞】 【間違っ】 
23,【手探り】 【全て】 【分かり】 
24,【有料会員】 【課金】 【いけ】 
25,【まくり】 【間違い】 
26,【bgm】 【設定】 【出来】 
27,【あり】 【聞き】 【検索】 
28,【なる】 【作る】 【すぎる】 
29,【始まる】 【最初】 【決め】 
30,【キャンペーン】 【課金】 【エラー】 
31,【フレンズ】 【機能】 【チョイス】 
32,【反映】 【50】 
33,【曲数】 【なっ】 【ダウンロード】 
34,【奈美恵】 【安室】 【聞け】 
35,【更新】 【たび】 【スタンプ】 
36,【なおら】 【治し】 【アプリ】 
37,【スマホ】 【bluetooth】 【画面】 
38,【line】 【使え】 【成り】 
39,【読み込め】 【なり】 【なく】 
40,【読み込め】 【エラー】 【表示】 
41,【解約】 
42,【設定方法】 【あれ】 【教え】 
43,
44,【不要】 【機能】 【わかり】 
45,【特定】 【すすめ】 【ない】 
46,【ややこしい】 【方法】 【解約】 
47,【広告】 【表示】 【内容】 
48,【読み込め】 【一時的】 【なっ】 
49,【対応】 
50,【無料】 【月額】 【いくら】 
51,
52,【プレイリスト】 【表示】 【すすめ】 
53,【マニアック】 【聴い】 【分から】 
54,【低レベル】 【アプリ】 
55,【改善】 【判断】 【約束】 
56,【再生】 【時間】 【止まっ】 
57,【ダウンロード】 【環境】 【なく】 
58,【linemusic】 【聞け】 【line】 
59,
60,【落ち】 
61,【無料】 【ところ】 【お金】 
62,【同じ】 【dl】 【プレイリスト】 
63,【途切れ途切れ】 【終了】 【なっ】 
64,【解約】 
65,【終了】 【購入】 【なく】 
66,【有料】 【使え】 【不自由】 
67,【linemusic】 【サブスク】 【新曲】 
68,【権利】 【リクエスト】 【より】 
69,【アプリ】 【なり】 【起動】 
70,【聞け】 【聞き】 【試し】 
71,【使え】 【なっ】 【アプリ】 
72,【ため】 【読み込ま】 【停止】 
73,【対応】 【願い】 
74,【使え】 【聴け】 【なり】 
75,
76,【繋げ】 【line】 【早く】 
77,【カラオケ】 【対象外】 【追加】 
78,【少なく】 【音質】 【悪い】 
79,
80,【ダウンロード】 【アプリ】 【消え】 
81,【あり】 【タップ】 【プロフィール】 
82,【直り】 【ログアウト】 【インストール】 
83,【聞け】 【書作】 【なっ】 
84,
85,【減れ】 【使う】 【広告】 
86,【一時的】 【いう】 【文言】 
87,【止め】 【途中】 【バックグラウンド】 
88,【なり】 【聞こえ】 
89,【何日】 【使え】 【支払っ】 
90,【プレイリスト】 【アクセス】 【不能】 
91,
92,【一度】 【なら】 【直さ】 
93,【止まり】 【途中】 【なっ】 
94,【歌詞】 【ズレ】 【流れ】 
95,【プレイリスト】 【出る】 【超える】 
96,【バックグラウンド】 【途中】 【途切れる】 
97,【ボタン】 【タップ】 【歌詞】 
98,【ログイン】 【linemusic】 【飛ばさ】 
99,【約束】 
100,【解約】 【退会】 【定期】 
101,【だらし】 
102,
103,【再生】 
104,【やらさ】 【聴き】 【脱出】 
105,【プレイリスト】 【あり】 【機能】 
106,【選び】 【おすすめ】 【興味】 
107,【呼出】 【設定】 【うるさ】 
108,【つなぎ直し】 【入れ直し】 【wi】 
109,【料金】 【あり】 【変わる】 
110,【読み込め】 【ページ】 【読め】 
111,【同じ】 【共有】 【dl】 
112,【無用】 【無料】 【料金】 
113,【試用】 【無料】 【オススメ】 
114,【googleplay】 【使用】 
115,
116,
117,【デスクトップ】 【出し】 
118,
119,【ストア】 【定期】 【購入】 
120,【植木】 【増やし】 
121,
122,【スマートフォン】 【止まり】 【再起動】 
123,【づめ】 【犬神】 【瓶詰め】 
124,
125,【料金】 【月額】 【すぎる】 
126,【フルサイズ】 【line】 【設定】 
127,【聞け】 【好き】 
128,
129,
130,【使い】 【不便】 
131,【予告】 【なく】 【消える】 
132,【検索】 【結果】 【表示】 
133,【同じ】 【繰り返し】 【進ま】 
134,【完全】 【シャッフル】 【なる】 
135,【解約】 【アプリ】 
136,【ログイン】 【アプリアンスト】 【直ら】 
137,【あり】 【歌詞】 【表示】 
138,【聴け】 【なっ】 
139,
140,【android】 【13】 【表示】 
141,【更新】 【改善】 【定期】 
142,【googleplay】 【支払い】 【でき】 
143,【30】 【見れ】 
144,【返金】 【課金】 【ため】 
145,【アップデート】 【最近】 【追加】 
146,【真っ暗】 【画面】 【まま】 
147,【アンインスト】 【エラー】 【インスト】 
148,【プレイリスト】 【並び替え】 【自体】 
149,
150,【クレジットカード】 【機能】 【決済】 
151,【エラー】 【止まる】 【発生】 
152,【機能】 【使わ】 【本人】 
153,【調整】 【音量】 
154,【line】 【bgm】 【時間】 
155,【戻ら】 
156,【契約】 【多い】 【トラブル】 
157,【聞ける】 【最後】 
158,
159,
160,【違い】 【アップ】 【バージョン】 
161,【はやく】 【改善】 
162,【プロフ】 【みれ】 
163,【要ら】 【ヒット】 【一句】 
164,
165,【すぎる】 【精度】 【仕事】 
166,【仕事】 【運営】 【適当】 
167,【押し】 【見れ】 【アップデート】 
168,【聞け】 【聴け】 【なり】 
169,【いる】 【修正】 【コメント】 
170,
171,【linemusic】 【なっ】 【聴い】 
172,【個人】 【設定】 【表示】 
173,【止まり】 【動作】 【止まっ】 
174,【ダウンロード】 【検索】 【アルバム】 
175,【鳴り止ま】 【落とし】 【アプリ】 
176,
177,【使え】 【でき】 【なっ】 
178,【機能】 【ない】 【手段】 
179,【line】 【ミュージック】 【無理】 
180,
181,【退会】 
182,
183,【spotify】 【広告】 【いい】 
184,
185,【バックグラウンド】 【聞き】 【流し】 
186,【着うた】 【ダイアログ】 【消え】 
187,【戻し】 【ひと】 【戻る】 
188,
189,
190,
191,【止まり】 【アプリ】 【閉じ】 
192,【なり】 【30】 【再生】 
193,【理解】 【不能】 【システム】 
194,【問題解決】 【改善】 【早急】 
195,
196,【ループ】 
197,【機能】 【フレンズ】 【いら】 
198,【消せ】 【消せる】 【堪ら】 
199,
200,【機能】 【アプリ】 【サービス】 
201,【ギャップレス】 【機能】 【備わっ】 
202,
203,【強制】 【終了】 【途中】 
204,【途中】 【途切れ】 【再生】 
205,【pv】 【聴き】 【少ない】 
206,【消える】 【データ】 
207,【line】 【なり】 【ミュージック】 
