t_260431,google_fit,2021-12-10T02:59:58.000Z,時速25~30km/h↑くらいでラウンドってデータが残ってしまったwww,時速25~30km/h[UNK]くらいでラウンドってデータが残ってしまった,1
t_260484,google_fit,2021-12-04T03:57:37.000Z,もともと連動したりしなかったりだったけど、一度接続切ったら繋がらなくなっちゃった,接続切ったら繋がらなくなっちゃった,2
t_260491,google_fit,2021-11-02T12:24:59.000Z,googlefit、カロリー単位で記録するんだ細かいなぁと思ってリングフィットやった分を入力するとエラー,googlefit、カロリー単位で記録するんだ細かいなぁと思ってリングフィットやった分を入力するとエラー,3
t_260511,google_fit,2021-12-06T16:22:22.000Z,アプリ上に残っていた過去の記録がなくなった,アプリ上に残っていた過去の記録がなくなった,5
t_260538,google_fit,2021-10-31T14:25:15.000Z,うーむ、中華体重計のアプリがgooglefitと連携しなくなってしまった,中華体重計のアプリがgooglefitと連携しなくなってしまった,7
t_260587,google_fit,2021-12-11T08:57:35.000Z,そこから3rdpartyのデータ転送アプリを経由しないとgooglefitにデータを送れないの、googleはとっとと改修しないと,そこから3rdpartyのデータ転送アプリを経由しないとgooglefitにデータを送れない,9
t_260607,google_fit,2021-12-15T09:36:45.000Z,→起動後、ロゴで止まって再び再起動、またロゴで止まって再起動を繰り返す,ロゴで止まって再び再起動、またロゴで止まって再起動を繰り返す,11
t_260626,google_fit,2021-11-06T05:13:00.000Z,更に手首を傾けて画面をオン機能はオフなのに手を動かす度に画面が点く,手首を傾けて画面をオン機能はオフなのに手を動かす度に画面が点く,12
t_260796,google_fit,2021-10-25T00:50:15.000Z,fit○itcharge5→いまのところ第一候補だが、suicaが認識されにくいというレビューが気になって二の足を踏んでいる,suicaが認識されにくい,18
t_260799,google_fit,2021-12-10T22:37:12.000Z,googleといろいろあるから、そもそもできなくなったのかな,googleといろいろあるから、そもそもできなくなったのかな,19
t_260801,google_fit,2021-11-05T07:31:25.000Z,googlefitなしor別の歩数計算アプリでも遊べるようにならないかな,googlefitなしor別の歩数計算アプリでも遊べるようにならないかな,20
t_260844,google_fit,2021-11-03T02:54:34.000Z,googlefitのダウンロードに時間がかかったのは皆さんのアクセスが集中していたからでしょうか,googlefitのダウンロードに時間がかかった,21
t_260852,google_fit,2021-11-27T09:13:30.000Z,その時に位置情報も上書きされるんだけど、その精度が相当に良くない,精度が相当に良くない,22
t_260862,google_fit,2021-12-03T10:59:26.000Z,って引っ張り出してきたのにgalaxyのはそもそも連携出来ない仕様でしたありがとうございました,galaxyのはそもそも連携出来ない仕様でした,24
t_260894,google_fit,2021-11-04T09:23:16.000Z,候補を複数個用意してないと名前確保が大変かも,候補を複数個用意してないと名前確保が大変,27
t_260905,google_fit,2021-11-05T13:34:41.000Z,heytaphealthのアップデートが来たけど、googlefitとの連携は元に戻らず,googlefitとの連携は元に戻らず,28
t_260913,google_fit,2021-11-18T12:04:53.000Z,川っぺり歩いたのに水辺の苗見つからなかったなぁ,水辺の苗見つからなかった,29
t_260916,google_fit,2021-11-01T04:32:47.000Z,これgooglefitのほうなんか設定しないとあかんの,これgooglefitのほうなんか設定しないとあかん,30
t_263392,google_fit,2021-11-04T22:14:32.000Z,googlefitがダウンロードできないと使えないのかな,googlefitがダウンロードできないと使えないのかな,30
t_260934,google_fit,2021-11-30T04:44:49.000Z,そろそろヘルスケアとgooglefitへの対応をしてほしいところ,そろそろヘルスケアとgooglefitへの対応をしてほしい,31
t_260940,google_fit,2021-11-15T13:27:07.000Z,googlefitの大樹グラフの見方がわからん,googlefitの大樹グラフの見方がわからん,32
t_260972,google_fit,2021-12-01T10:33:16.000Z,好みだけどhuaweiband6はgooglefitの連携がandroid機種によっては上手くできない可能性があると助言され、制裁云々のアレですね~と思うと悩んでしまう,huaweiband6はgooglefitの連携がandroid機種によっては上手くできない可能性がある,34
t_260985,google_fit,2021-11-12T06:06:53.000Z,普通に繋がらない時もある,普通に繋がらない時もある,35
t_261026,google_fit,2021-11-03T09:08:39.000Z,ピクミンブルームやるとgooglefitのログの地図が出なくなるな,ピクミンブルームやるとgooglefitのログの地図が出なくなるな,36
t_261034,google_fit,2021-11-02T13:58:41.000Z,ピクミンはいいけどバッテリーがポケモンgo初期並に減って消そうか悩んでいる,バッテリーがポケモンgo初期並に減って消そうか,37
t_261051,google_fit,2021-11-27T09:13:30.000Z,googlefit上のワークアウトデータはfitの機能で収集されるんだけど、遅れてmibandのデータで上書きされるの,googlefit上のワークアウトデータはfitの機能で収集されるんだけど、遅れてmibandのデータで上書きされる,38
t_261052,google_fit,2021-12-12T12:56:03.000Z,信号がない田舎道だともう少し時間がかからない印象,信号がない田舎道だともう少し時間がかからない,39
t_261060,google_fit,2021-11-02T14:35:38.000Z,というか、googlefitのアクティビティの記録がオンだから、スマホ持ち歩けば、それだけで歩数稼げるってことかなアプリ起動もしてない,というか、googlefitのアクティビティの記録がオンだから、スマホ持ち歩けば、それだけで歩数稼げるってことかなアプリ起動もしてない,40
t_261067,google_fit,2021-12-04T15:50:21.000Z,スマホやgooglefitとの接続と同期も問題なさそうバッテリーも長持ちで充電完了するのも早い,スマホやgooglefitとの接続と同期も問題,41
t_261073,google_fit,2021-11-02T02:03:03.000Z,アプリ、本体ともに初期化して連携しなおしても同期してくれない,アプリ、本体ともに初期化して連携しなおしても同期してくれない,42
t_261092,google_fit,2021-11-17T22:21:17.000Z,知り合いの歩数が無駄になっている気がする,知り合いの歩数が無駄になっている,43
t_261115,google_fit,2021-11-22T14:22:11.000Z,そのアプリがヘルスケアにもgooglefitにも連携出来なくて結局詰んでる,て,46
t_261133,google_fit,2021-11-01T11:16:14.000Z,googlefitがインストールできなくて家族がプレイできません,googlefitがインストールできなくて家族がプレイできません,48
t_261135,google_fit,2021-11-02T03:39:28.000Z,garminだと7千歩くらいしか歩いてないのに、googlefitだと9000歩になってる,garminだと7千歩くらいしか歩いてないのに、googlefitだと9000歩になってる,49
t_261142,google_fit,2021-11-26T15:49:07.000Z,ピクミンがxz3重たくて敵わなかったんだけど特にチャレンジの時とか、今度の端末でちょっとは軽くなるといいなぁ,ピクミンがxz3重たくて敵わなかった,50
t_261169,google_fit,2021-12-05T11:24:03.000Z,本当は3km弱走っているけど、データが矛盾した状態になっている,データが矛盾した状態になっている,51
t_261170,google_fit,2021-11-01T03:35:23.000Z,候補が全て使用中になってしまう,候補が全て使用中になってしまう,52
t_261177,google_fit,2021-11-07T10:54:05.000Z,これやろうとしたら、googlefit入れないとダメとか入れようとしたらグルグルしていてdl出来ないからアンインストしようかと思ってる,これやろうとしたら、googlefit入れないとダメとか入れようとしたらグルグルしていてdl出来ない,53
t_261206,google_fit,2021-11-03T08:58:05.000Z,fitbitとの差が2000歩ってちょっとヤバくないですか,fitbitとの差が2000歩ってちょっとヤバくないですか,54
t_261215,google_fit,2021-12-04T10:10:41.000Z,huaweiband6はgooglefitとの連携がアレだったり、hmscoreやapkのアプリを入れなきゃいけないのがちょっと面倒,huaweiband6はgooglefitとの連携がアレだったり、hmscoreやapkのアプリを入れなきゃいけない,55
t_261226,google_fit,2021-11-02T22:42:40.000Z,mifitとgooglefitの連携、何故勝手に切れてしまうん,mifitとgooglefitの連携、何故勝手に切れてしまうん,56
t_261262,google_fit,2021-11-10T06:33:49.000Z,ラバーモデルにブラックモデルがないのが,ラバーモデルにブラックモデルがない,58
t_261274,google_fit,2021-11-27T06:50:54.000Z,fitbit自体のアプリ触ってみたい、mibandはgooglefitに繋げないとまともにpcでデータ吐き出せないのでその点はfitbitの方が親切に見えたり,fitbit自体のアプリ触ってみたい、mibandはgooglefitに繋げないとまともにpcでデータ吐き出せない,59
t_261277,google_fit,2021-10-22T01:25:12.000Z,スマホを身につけるところがない、、w首にかけるのは動きが激しすぎて無理だった,動きが激しすぎて無理だった,60
t_261280,google_fit,2021-12-13T13:21:51.000Z,googlefitがまたバグって色々計算が変になってる,googlefitがまたバグって色々計算が変になってる,61
t_261281,google_fit,2021-11-14T05:51:04.000Z,"これに限らず,android12にアップデートして以降,ファイルを書き出す系のものが軒並み動作しなくなっています",ファイルを書き出す系のものが軒並み動作しなくなっています,62
t_261301,google_fit,2021-11-01T03:59:41.000Z,登録できたはいいけどgooglefitが永遠にダウンロードできないw,登録できたはいいけどgooglefitが永遠にダウンロードできない,63
t_262127,google_fit,2021-11-02T08:44:04.000Z,ピクミンのゲーム俺もやりたいのにgooglefitが一生dlできなくて起動出来ない,googlefitが一生dlできなくて起動出来ない,63
t_262424,google_fit,2021-11-01T12:43:34.000Z,ピクミンやりたいのにgooglefitが永遠にインストール終わらない,googlefitが永遠にインストール終わらない,63
t_261302,google_fit,2021-11-26T15:29:15.000Z,不便なのは充電がくっつけてするタイプなので、なれるまで面倒ですね,充電がくっつけてするタイプなので、なれるまで面倒,64
t_261310,google_fit,2021-11-01T13:11:25.000Z,ピクミンダウンロードしたらgooglefitもダウンロードしろってなったwwwめんどいwwwwww,ピクミンダウンロードしたらgooglefitもダウンロードしろってなった,65
t_261317,google_fit,2021-11-28T10:53:30.000Z,そう思って食事制限してはリバウンドし、なかなかダイエットがうまくいきませんでした,そう思って食事制限してはリバウンドし、なかなかダイエットがうまくいきません,66
t_261537,google_fit,2021-10-28T11:34:44.000Z,そう思って食事制限してはリバウンドし、なかなかダイエットがうまくいきませんでした,そう思って食事制限してはリバウンドし、なかなかダイエットがうまくいきません,66
t_263216,google_fit,2021-10-22T00:08:29.000Z,そう思って食事制限してはリバウンドし、なかなかダイエットがうまくいきませんでした,そう思って食事制限してはリバウンドし、なかなかダイエットがうまくいきません,66
t_263992,google_fit,2021-11-02T23:53:26.000Z,そう思って食事制限してはリバウンドし、なかなかダイエットがうまくいきませんでした,そう思って食事制限してはリバウンドし、なかなかダイエットがうまくいきません,66
t_261327,google_fit,2021-11-01T06:22:08.000Z,ピクミン、googlefitのアプリも入れてくれって言われてめんどくなってきたんだけどwww,ピクミン、googlefitのアプリも入れてくれって言われてめんどくなってきた,67
t_261365,google_fit,2021-11-06T05:13:00.000Z,私のoppobandstyleは今朝から自動で心拍数を測ってくれなくなった,自動で心拍数を測ってくれなくなった,69
t_261366,google_fit,2021-11-03T08:58:05.000Z,連携させてるアプリがあるので大本の計測アプリがこれだとかなり困りまする,連携させてるアプリがあるので大本の計測アプリがこれだとかなり困ります,70
t_261411,google_fit,2021-11-30T00:24:44.000Z,・サイト全体の品質の重要な変化を認識するのに、数ヶ月、半年、時には半年以上かかることもある,サイト全体の品質の重要な変化を認識するのに、数ヶ月、半年、時には半年以上かかる,71
t_261431,google_fit,2021-11-24T07:18:04.000Z,ファーウェイのfitwatchのアプリのヘルスケアアプリがgooglefitと連携が取れないので歩数が合わない,ファーウェイのfitwatchのアプリのヘルスケアアプリがgooglefitと連携が取れないので歩数が合わない,73
t_261435,google_fit,2021-11-12T06:01:36.000Z,最近smsの認証コードが届くのが遅かった問題の原因が、ピクミンブルームとgooglefitらしいという話を見掛けたので物は試しでアンインストール,smsの認証コードが届くのが遅かった,74
t_261437,google_fit,2021-11-13T03:22:06.000Z,体重しか表示されなくなりました,体重しか表示されなくなりました,75
t_261443,google_fit,2021-11-27T06:19:45.000Z,googlefitからエクスポートしたデータをなんとかするものを作るしかないな,googlefitからエクスポートしたデータをなんとかするものを作るしかないな,76
t_261455,google_fit,2021-11-27T02:54:54.000Z,ちょっと調べてみたけどiphoneとandroid両方のgooglefitに同一アカウントでログインできるならワンチャン歩数情報共有できないかな,ワンチャン歩数情報共有できないかな,78
t_261478,google_fit,2021-11-13T03:22:06.000Z,うちの体組成計が壊れて,うちの体組成計が壊れて,80
t_261479,google_fit,2021-10-28T12:14:39.000Z,対応予定としていたgooglefitとの連携はもうなくなったのでしょうか,対応予定としていたgooglefitとの連携はもうなくなったのでしょうか,81
t_261497,google_fit,2021-12-09T17:11:05.000Z,で連携出来ないの辛いドラクエウォークとかと繋げれないじゃん,連携出来ないの辛いドラクエウォークとかと繋げれない,84
t_261498,google_fit,2021-11-27T12:37:29.000Z,googlefitのcsv出力、睡眠のところに時間が表示されない,googlefitのcsv出力、睡眠のところに時間が表示されない,85
t_261509,google_fit,2021-12-07T14:44:47.000Z,む、miwatchliteってgooglefitと連携できないのか微妙すぎる,miwatchliteってgooglefitと連携できないのか,86
t_261555,google_fit,2021-11-09T07:26:19.000Z,ただし、連動してるgooglefitのせいかバッテリーの減りがやや早くなるような気がした,バッテリーの減りがやや早くなる,88
t_261568,google_fit,2021-11-01T07:46:22.000Z,がdlできなくて詰んでる,がdlできなくて詰んでる,89
t_261569,google_fit,2021-11-01T01:22:56.000Z,てかgooglefitの歩数カウント適当すぎるからあんまり使いたくないんだよね,てかgooglefitの歩数カウント適当すぎる,90
t_261576,google_fit,2021-11-20T00:52:20.000Z,前に無名メーカーのやつ使ってたことがあったけど、有名なやつに比べてアプリの完成度が低い,アプリの完成度が低い,91
t_261600,google_fit,2021-11-18T12:17:02.000Z,私の動いてない一日の記録を返してほしい,私の動いてない一日の記録を返してほしい,94
t_261634,google_fit,2021-12-10T01:06:13.000Z,恐らく振動センサーだけでなくgpsも利用していて、経路の追跡が正確じゃなくて巻き戻しみたいな現象になっているのかいのう,経路の追跡が正確じゃなくて巻き戻しみたいな現象になっているのか,95
t_260528,google_fit,2021-11-03T01:25:57.000Z,ピクミンブルームを始めたけど、googlefitのインストールが途中で止まって進まないからあきらめた,googlefitのインストールが途中で止まって進まない,96
t_261638,google_fit,2021-11-01T09:05:15.000Z,googlefitのインストールが終わらない,googlefitのインストールが終わらない,96
t_261828,google_fit,2021-11-01T05:41:31.000Z,googlefitがインストール終わんなくて出来ない,googlefitがインストール終わんなくて出来ない,96
t_262665,google_fit,2021-11-01T04:43:10.000Z,googlefitのインストールが保留中から進まない,googlefitのインストールが保留中から進まない,96
t_263156,google_fit,2021-11-02T22:50:23.000Z,みんなもそうみたいだけどマジでgooglefitダウンロードが途中から進まない,googlefitダウンロードが途中から進まない,96
t_263819,google_fit,2021-11-01T03:44:42.000Z,pikminbloomはじめようにも、googlefitのインストールが終わらない,googlefitのインストールが終わらない,96
t_261660,google_fit,2021-11-09T12:05:10.000Z,最近、googlefitの歩数が頻繁に減るようになってしまってて、原因がわからない,googlefitの歩数が頻繁に減る,98
t_261918,google_fit,2021-11-09T22:56:20.000Z,あとgooglefitの歩数もやたら少なく出る,googlefitの歩数もやたら少なく出る,98
t_261707,google_fit,2021-11-01T21:48:53.000Z,ピクミン、アカウント名が変更できないから作り直そうかと別のgoogleアカウントからもつくったんだけど、ポケゴと紐づくアカウントが違うとfitとの連携がうまくない,ポケゴと紐づくアカウントが違うとfitとの連携がうまくない,99
t_261762,google_fit,2021-11-25T09:44:46.000Z,本体再起動してmifitからの連携設定し直してしばらくペアリングのまま歩数稼いで→からのgooglefit反映微妙な時間待ち有り、出来たー,歩数稼いで→からのgooglefit反映微妙な時間待ち,102
t_261769,google_fit,2021-12-11T08:38:57.000Z,ファーウェイがgooglefit連携できないのがかなり痛い,ファーウェイがgooglefit連携できない,103
t_261775,google_fit,2021-11-29T09:54:09.000Z,googlefitのマップの精度が著しく下がってるんだよなぁ,googlefitのマップの精度が著しく下がってる,104
t_261821,google_fit,2021-11-10T23:09:46.000Z,直接連携できないので、間にhealthsyncというアプリを噛ませればいけるらしいのだけど、連携させてgooglefitのアクティビティ切ったらgarminまでゼロになってしまった,直接連携できないので、間にhealthsyncというアプリを噛ませればいけるらしいのだけど、連携させてgooglefitのアクティビティ切ったらgarminまでゼロになってしまった,107
t_261842,google_fit,2021-12-14T16:07:13.000Z,がかかって広告の表示を停止することが出来なくなることもあります,広告の表示を停止することが出来なくなる,111
t_261843,google_fit,2021-11-02T03:55:40.000Z,oppobandstyleのデータを取りまとめてるアプリheytaphealthからgooglefitにデータが上手く連携できなくなった再インストールしてもダメ,oppobandstyleのデータを取りまとめてるアプリheytaphealthからgooglefitにデータが上手く連携できなくなった,112
t_261849,google_fit,2021-12-07T06:33:32.000Z,連携しようとすると、google側から拒絶されて安全性を確認できていないみたいな表示になる,連携しようとすると、google側から拒絶されて安全性を確認できていないみたいな表示になる,113
t_261878,google_fit,2021-11-12T00:38:38.000Z,通知遅延のバグはまだみたい,通知遅延のバグはまだ,114
t_260492,google_fit,2021-11-20T00:52:20.000Z,googlefitとうまく同期されなかった,googlefitとうまく同期されなかった,117
t_260641,google_fit,2021-11-21T14:49:10.000Z,huaweiヘルスケアからgooglefitへの同期の関連付けが出来ない状況が発生しているようです,huaweiヘルスケアからgooglefitへの同期の関連付けが出来ない,117
t_260763,google_fit,2021-11-30T09:10:34.000Z,miwatchlite安売りだったから入手したけど、googlefit同期できないみたいで悲しい,googlefit同期できない,117
t_260769,google_fit,2021-11-14T05:51:04.000Z,googlefitもアクティビティを取得できなくなっちゃったし,googlefitもアクティビティを取得できなくなっちゃった,117
t_260853,google_fit,2021-11-07T00:19:51.000Z,中学生13歳以上なのに、googlefitが動かないせいで,googlefitが動かない,117
t_260889,google_fit,2021-11-01T13:13:38.000Z,mode1gripでgooglefitがちゃんと歩数カウントしてくれないようなんだけど、なんだろ加速度センサがあれなのか,mode1gripでgooglefitがちゃんと歩数カウントしてくれない,117
t_260961,google_fit,2021-12-13T10:01:56.000Z,見た目も含めて多分huawaiwatchfitと似たような性能なんだろうが、ファーウェイさんはgoogleから締め出し食らっててgooglefitとの連携がほぼできなくなってるっぽいのでここはoppoさんを,googlefitとの連携がほぼできなくなってる,117
t_261097,google_fit,2021-11-18T10:52:14.000Z,googlefit歩数取得できてない;;,googlefit歩数取得できてない,117
t_261238,google_fit,2021-11-07T09:41:41.000Z,xiaomiwearからgooglefitには同期できないというというのが通説でしたが試行錯誤した結果、不完全ながら同期する事が出来ました,xiaomiwearからgooglefitには同期できない,117
t_261350,google_fit,2021-11-08T12:24:23.000Z,あんしんフィルターを外して、ピクミンまでは入れられたけど、連動必須なgooglefitがインストール出来ない,連動必須なgooglefitがインストール出来ない,117
t_261418,google_fit,2021-11-25T07:52:16.000Z,昼過ぎの歩数増ぶんがgooglefitに反映されない,歩数増ぶんがgooglefitに反映されない,117
t_261450,google_fit,2021-12-12T13:25:03.000Z,huaweiも今googlefitと同期できないの,huaweiも今googlefitと同期できない,117
t_261476,google_fit,2021-11-07T01:27:47.000Z,検索しても出てこないけど、同期してるgooglefitも開かないから関係してる,検索しても出てこないけど、同期してるgooglefitも開かない,117
t_261489,google_fit,2021-11-17T22:21:17.000Z,iphoneなのでよくわからなんだけど、googlefitとgarminアプリって歩数の同期できないのかなぁ,googlefitとgarminアプリって歩数の同期できない,117
t_261491,google_fit,2021-11-17T22:08:08.000Z,ここ2、3日googlefitのカウントが伸びなくてつまらん,googlefitのカウントが伸びなくてつまらん,117
t_261581,google_fit,2021-11-05T04:48:44.000Z,ピクミン好きな娘のためにピクミンブルーム入れたけど、googlefitがダウンロード出来なくて進まない,googlefitがダウンロード出来なくて進まない,117
t_261644,google_fit,2021-12-05T12:53:29.000Z,googlefitとhuaweiヘルスケアの連携ができないせいで、あすけんもトリマとかは機能不全になったんだが,googlefitとhuaweiヘルスケアの連携ができない,117
t_261718,google_fit,2021-11-22T14:56:23.000Z,新しいのはxiaomiwearっぽいんだけどこちらはgoogleアカウントでログインできないしmiアカウントも作れないので使うことができない,googleアカウントでログインできないしmiアカウントも作れない,117
t_261812,google_fit,2021-12-03T12:22:37.000Z,huawaiwatchfitがgooglefit連携出来ないので、乗り換えるかな,huawaiwatchfitがgooglefit連携出来ない,117
t_261833,google_fit,2021-11-01T23:34:39.000Z,朝から子のスマホでピクミン頑張ってみたけどやっぱりgooglefitがインストールできない,googlefitがインストールできない,117
t_261920,google_fit,2021-11-01T02:20:59.000Z,googlefitかがインストール出来ないせいでpikminbloomかが始められない,googlefitかがインストール出来ない,117
t_261927,google_fit,2021-11-01T03:45:18.000Z,googlefitがダウンロード出来ない,googlefitがダウンロード出来ない,117
t_261931,google_fit,2021-11-11T05:28:29.000Z,miwatch使い始めて半年になるけど、やっぱgooglefit連携できないのがアレなので値段にもよるがpixelwatch出たら乗り換えるかも,googlefit連携できない,117
t_261940,google_fit,2021-11-07T18:48:04.000Z,googlefitに歩数与えても歩数は増えない,googlefitに歩数与えても歩数は増えない,117
t_261966,google_fit,2021-11-01T02:42:37.000Z,ピクミンしよえと思ったけど、googlefitインストールできなくて詰んでる,googlefitインストールできなくて詰んでる,117
t_261992,google_fit,2021-12-10T22:37:12.000Z,huaweiヘルスケアと、googlefitが共有できない,huaweiヘルスケアと、googlefitが共有できない,117
t_262114,google_fit,2021-11-01T09:23:24.000Z,googlefitがインストールできなくてピクミンできない,googlefitがインストールできなくて,117
t_262130,google_fit,2021-11-13T12:50:09.000Z,googlefitapi使った歩数取得のページ参考にしたけど全く取得出来ない,googlefitapi使った歩数取得のページ参考にしたけど全く取得出来ない,117
t_262141,google_fit,2021-11-29T12:12:49.000Z,しかしfitbitはgoogleに買われたのに、googlefitとの連携機能がないというのは想定外,googlefitとの連携機能がない,117
t_262156,google_fit,2021-11-05T07:31:25.000Z,息子もピクミンブルームしたくて入れたんだけど、googlefitが入れられなくて絶望してる,googlefitが入れられなくて,117
t_262192,google_fit,2021-12-14T07:23:18.000Z,huaweiヘルスケアと、googlefitが連携できないって嘆いてる人,huaweiヘルスケアと、googlefitが連携できない,117
t_262284,google_fit,2021-11-24T09:46:46.000Z,現在androidではhuaweiヘルスケアとgooglefitは連携できない,androidではhuaweiヘルスケアとgooglefitは連携できない,117
t_262368,google_fit,2021-10-30T04:31:18.000Z,だー、機種変したらgooglefit起動できてなかった,googlefit起動できてなかった,117
t_262425,google_fit,2021-11-01T04:47:21.000Z,ピクミンブルームはじまりましたねしかし連携必須のgooglefitがインストールできず、ウォーキングスタートできず,連携必須のgooglefitがインストールできず、ウォーキングスタートできず,117
t_262526,google_fit,2021-11-01T01:21:18.000Z,googlefitがインストールできなくて詰んだ,googlefitがインストールできなくて,117
t_262543,google_fit,2021-11-02T10:59:07.000Z,昨日はなかなかgooglefitがインストールできなくて手間取ったし,googlefitがインストールできなくて,117
t_262590,google_fit,2021-11-29T04:17:34.000Z,最近googlefitが距離全く正しく測ってくれない、、なんで、、,最近googlefitが距離全く正しく測ってくれない,117
t_262602,google_fit,2021-11-01T03:27:18.000Z,つか、googlefitがダウンロードできないー,googlefitがダウンロードできない,117
t_262659,google_fit,2021-11-14T14:36:40.000Z,googlefitが起動してなくて、歩数誤差が確認できなかったのが残念,googlefitが起動してなくて、歩数誤差が確認できなかった,117
t_262730,google_fit,2021-11-28T14:13:03.000Z,huaweiのヘルスアプリとgooglefitを連携させるアプリが動かなくなって困ったなーと思いplaystoreのアプリページに行ったら同じ問題を抱えてる人がいて、アプリの中の人がhuaweiのhmscoreをリセットすると直るよってコメント書いてて、その通りにしたら直ってありがてえってなった,huaweiのヘルスアプリとgooglefitを連携させるアプリが動かなくなって,117
t_262841,google_fit,2021-11-12T06:57:42.000Z,ねえ今日はmibandの歩数をgooglefitが拾わない,mibandの歩数をgooglefitが拾わない,117
t_262861,google_fit,2021-11-10T13:01:59.000Z,xiaomiwearアプリってまだ、googlefitと連携できないの,xiaomiwearアプリってまだ、googlefitと連携できない,117
t_262912,google_fit,2021-11-30T03:32:02.000Z,fitbitから直接、googlefitにデータ連携もできない,fitbitから直接、googlefitにデータ連携もできない,117
t_262923,google_fit,2021-11-08T05:03:04.000Z,あれ、googlefitの位置情報へのアクセスが無くなってた,googlefitの位置情報へのアクセスが無くなってた,117
t_262929,google_fit,2021-11-05T23:46:05.000Z,スマートウォッチhuaweiband6、googleプレイストアでのファーウェイの対応アプリの更新が停止して、googlefitとの連携が出来なくなったという口コミがある,googlefitとの連携が出来なくなった,117
t_263021,google_fit,2021-12-08T13:32:46.000Z,最近googlefitとも連携出来なくなったし、買い替えか,googlefitとも連携出来なくなった,117
t_263341,google_fit,2021-10-27T03:40:15.000Z,oppobandstyleの更新したらgooglefitに連携しなくなった,oppobandstyleの更新したらgooglefitに連携しなくなった,117
t_263397,google_fit,2021-11-23T08:53:22.000Z,xiaomiwear、googlefitと連携出来ない謎仕様だからpixel6にしてからピクミン諦めてたんだけど、androidの設定→プライバシー→権限マネージャ→身体活動でxiaomiwearを許可したらスマホ放置中の歩数もちゃんと読み込んでくれて大勝利,xiaomiwear、googlefitと連携出来ない謎仕様,117
t_263516,google_fit,2021-12-14T10:00:56.000Z,huaweiのヘルスケアアプリとgooglefitの同期が出来なくなりメニューからもなくなりました,huaweiのヘルスケアアプリとgooglefitの同期が出来なくなり,117
t_263756,google_fit,2021-11-04T15:40:20.000Z,ピクミンのアプリが気になって入れてみたんだけど、歩数を計測する連携先のgooglefitがなんかまともに機能しないアプリで現状まともに遊ぶのが難しい模様,歩数を計測する連携先のgooglefitがなんかまともに機能しない,117
t_263777,google_fit,2021-11-02T02:03:03.000Z,oppobandstyleがまたgooglefitと同期しなくなった,oppobandstyleがまたgooglefitと同期しなくなった,117
t_264047,google_fit,2021-11-01T23:55:09.000Z,fitbitとgooglefitは公式に連携させる方法がないという衝撃の事実を今更知ったので、同期させるスクリプト書くか,fitbitとgooglefitは公式に連携させる方法がない,117
t_264063,google_fit,2021-11-16T10:33:57.000Z,むすめっちがピクミンブルーム入れたのにgooglefitが入れられなくて頭抱えていたんだけど、13歳未満じゃなくて13歳以下ダメなのかな,googlefitが入れられなくて,117
t_264071,google_fit,2021-11-02T03:06:48.000Z,fitbitはgoogle傘下になったくせにgooglefitスマホの歩数と連携しないの謎,googlefitスマホの歩数と連携しない,117
t_264075,google_fit,2021-11-06T05:13:00.000Z,検索するとoppobandstyleがgooglefitと同期しなくなったなんて不具合の話が見つかる,検索するとoppobandstyleがgooglefitと同期しなくなった,117
t_264091,google_fit,2021-11-18T01:48:34.000Z,スマホのシステム更新が理由で、googlefitが全然計測しなくなってた,googlefitが全然計測しなくなってた,117
t_261934,google_fit,2021-11-24T07:18:04.000Z,連携の関連付けでgoogleが拒否る,連携の関連付けでgoogleが拒否る,119
t_261939,google_fit,2021-12-11T08:57:35.000Z,運動や睡眠のトラッキングも、自動的にiosのヘルスケアアプリにデータが反映するapplewatchに対して、fitbitアプリにしかデータを反映させられないfitbitは一周遅れてる,運動や睡眠のトラッキングも、自動的にiosのヘルスケアアプリにデータが反映するapplewatchに対して、fitbitアプリにしかデータを反映させられないfitbitは一周遅れてる,120
t_261945,google_fit,2021-11-23T07:30:04.000Z,2021年10月11日から使用できなくされた,使用できなくされた,122
t_261971,google_fit,2021-11-02T10:21:56.000Z,galaxywach3とgooglefitは同期できないのかなとりあえずshealth→healthsync→googlefitで様子見,galaxywach3とgooglefitは同期できないのかな,124
t_261982,google_fit,2021-10-27T09:21:42.000Z,横浜mオンラインでアプリにデータ反映されず困ってる方、googlefitの日誌で取り込みたいデータを選択して手入力すると何故かデータ取り込めます,横浜mオンラインでアプリにデータ反映されず,125
t_262041,google_fit,2021-11-15T13:04:37.000Z,そしてgooglefitとの歩数差が大きい、そんな歩いてない,googlefitとの歩数差が大きい,127
t_262042,google_fit,2021-11-11T03:26:49.000Z,ピクミンやりたくてgooglefitがダウンロードしようと何度かチャレンジしたけどダウンロード出来ない,ダウンロード出来ない,128
t_263989,google_fit,2021-11-04T15:40:20.000Z,自分はダウンロードすら完了できない,ダウンロードすら完了できない,128
t_262043,google_fit,2021-11-13T13:18:04.000Z,さすがに車椅子の人の歩数がカウントできないとかそういうのまで問題というつもりはないけど、なんかこれはgooglefitの想定する使い方ではない気がしている,車椅子の人の歩数がカウントできない,129
t_262049,google_fit,2021-11-03T11:33:41.000Z,のではなくgooglefitの歩数を同期してるだけなのかな,のではなくgooglefitの歩数を同期してるだけなのかな,130
t_262077,google_fit,2021-11-18T08:10:16.000Z,googlefitの一定ペースのウォーキングのリズムが一定じゃなさすぎてコケそうになる,googlefitの一定ペースのウォーキングのリズムが一定じゃなさすぎてコケそうになる,131
t_262087,google_fit,2021-11-13T09:15:29.000Z,あすけんはgooglefitと連携するとそのままの歩数が反映されるのにドラクエウォークはされないのはなぜなのか,あすけんはgooglefitと連携するとそのままの歩数が反映されるのにドラクエウォークはされない,132
t_262089,google_fit,2021-11-16T03:43:43.000Z,miwatch買おうと思ってたらgooglefit連携できないのか,miwatch買おうと思ってたらgooglefit連携できないのか,133
t_262095,google_fit,2021-12-04T05:06:25.000Z,移動距離は意味わからんな,移動距離は意味わからんな,134
t_262118,google_fit,2021-11-01T14:05:59.000Z,ピクミン入れようと思ったらgooglefitのインストールを要求されたが、なぜかインストールが進まない,インストールが進まない,136
t_262135,google_fit,2021-11-03T12:39:04.000Z,ピクミンブルーム、息子の端末がgooglefitの年齢制限不具合にひっかかってガチの涙目になってるので早くなんとかして,ピクミンブルーム、息子の端末がgooglefitの年齢制限不具合にひっかかってガチの涙目になってるので早くなんとかして,139
t_262138,google_fit,2021-11-01T05:23:44.000Z,ピクミンブルームやろうとしたらgooglefitがdlできなくて詰んだ,ピクミンブルームやろうとしたらgooglefitがdlできなくて詰んだ,140
t_262147,google_fit,2021-12-11T13:24:56.000Z,そうするとgooglefitのハートポイントがwho推奨の150いかないことが多い,googlefitのハートポイントがwho推奨の150いかない,142
t_260760,google_fit,2021-11-04T11:19:37.000Z,oppoのスマートウォッチ使ってて、heytaphealthとgooglefitを連携させてるのにgooglefitに全然反映されないんだけど,oppoのスマートウォッチ使ってて、heytaphealthとgooglefitを連携させてるのにgooglefitに全然反映されない,144
t_262167,google_fit,2021-11-22T04:34:55.000Z,睡眠トラッキング面白くていいんだけど、スマートウォッチでは記録できてるのにgooglefitのスマホアプリに記録されないな,スマートウォッチでは記録できてるのにgooglefitのスマホアプリに記録されないな,144
t_262219,google_fit,2021-12-11T04:26:32.000Z,mipad5にmifitがインストールできないというか、googleプレイストアの画面に現れません,mipad5にmifitがインストールできないというか、googleプレイストアの画面に現れません,146
t_262252,google_fit,2021-12-05T09:55:08.000Z,これはnikeのアプリの問題じゃなくてapplewatchから同種の運動履歴を短期間に何度も送ったときにgooglefitにちゃんとデータを残せなくなる前のデータが壊れるという問題みたい,googlefitにちゃんとデータを残せなくなる前のデータが壊れる,147
t_262263,google_fit,2021-11-23T06:28:28.000Z,初期設定めんどくさい、睡眠ちゃんと取れてる、散歩+運動取れてる、手首でsuica決済超便利、googlefitと同期する機能がなくてキレてる、血中酸素飽和度トラッキングとbodybatteryは面白い、androidの通知で震えるからすぐ気づく、充電4日くらいでなくなりそう,初期設定めんどくさい,148
t_262272,google_fit,2021-11-09T21:55:48.000Z,買った当初からbluetooth接続がよく切断されるが、それが原因なんだろうか,bluetooth接続がよく切断される,149
t_262273,google_fit,2021-12-15T05:33:23.000Z,googlefitを試しにいれてみてるけど、消えたりバグが多いらしい,googlefitを試しにいれてみてるけど、消えたりバグが多い,150
t_261595,google_fit,2021-11-22T01:58:16.000Z,全然移動が反映されない,全然移動が反映されない,152
t_262291,google_fit,2021-11-16T14:26:32.000Z,相変わらずうちのドラクエは全然カウントしてくれない,全然カウントしてくれない,152
t_262327,google_fit,2021-11-01T07:57:57.000Z,めんどくさいのはandroidの方かも,めんどくさい,154
t_262359,google_fit,2021-11-12T12:13:11.000Z,普段は職場にスマホ持っていけないので歩数滞りがちでしたが、garminconnect→googlefit連携したらピクミンがはかどりました,歩数滞りがち,155
t_262394,google_fit,2021-11-09T22:56:20.000Z,pixellauncher使いづらい,pixellauncher使いづらい,157
t_262416,google_fit,2021-11-04T10:14:54.000Z,googlefitapiは細かいデータが取れるのですが、interfaceが複雑で使いづらいかもです,interfaceが複雑で使いづらい,158
t_262468,google_fit,2021-11-01T08:00:42.000Z,容量無駄に増えるの嫌なら,容量無駄に増える,161
t_262487,google_fit,2021-11-01T03:03:12.000Z,でも今度はgooglefitというアプリをインストールする必要があるんだけど、インストールボタン押してもずっと保留中になってインストール出来ない,インストールボタン押してもずっと保留中になってインストール出来ない,162
t_262516,google_fit,2021-11-10T23:09:46.000Z,garminとgooglefitを連携させたいんだけどうまくいかない,garminとgooglefitを連携させたいんだけどうまくいかない,163
t_264150,google_fit,2021-10-31T03:03:42.000Z,gaminconectからgooglefitへのデータ転送が上手くいかない,gaminconectからgooglefitへのデータ転送が上手くいかない,163
t_262566,google_fit,2021-11-27T06:16:23.000Z,googlefitはmiband連携できるからたまに見てるけどもっとデータとaiで殴る実験的な機能欲しいなぁと思う,データとaiで殴る実験的な機能欲しい,166
t_262629,google_fit,2021-11-01T23:40:43.000Z,garminconnectのデータをgooglefitに転送できないか試してみたけど、runtasticを経由すれば走った距離はgooglefitに転送できたものの、肝心の歩数が転送できなかったので早くニートになりたい,garminconnectのデータをgooglefitに転送できないか試してみたけど、runtasticを経由すれば走った距離はgooglefitに転送できたものの、肝心の歩数が転送できなかった,169
t_262644,google_fit,2021-11-01T04:07:12.000Z,googlefitインストできねぇはよしろ,googlefitインストできねぇ,171
t_262650,google_fit,2021-12-01T07:05:12.000Z,パンツがみえたら即失格,パンツがみえたら即失格,172
t_262657,google_fit,2021-11-22T06:44:59.000Z,会社自体はグーグル傘下になったのに、fittofitとか使わないとgooglefitにデータ送れないのどうにかして欲しいです,fittofitとか使わないとgooglefitにデータ送れないのどうにかして欲しい,173
t_262661,google_fit,2021-10-23T12:16:55.000Z,2万歩しかカウントされていなかった,2万歩しかカウントされていなかった,175
t_262701,google_fit,2021-12-03T04:12:29.000Z,fitbitの腕時計を、fitbitアプリを使わずにgooglefitと連携させてつかいたいのだけど、うまい検索ワードの指定ができず、アプリ間同期みたいな話しか出てこない,うまい検索ワードの指定ができず,177
t_260600,google_fit,2021-11-15T00:16:04.000Z,googlefitがダウンロードできないから歩数がカウントされない,歩数がカウントされない,179
t_260887,google_fit,2021-11-14T02:59:48.000Z,googlefitが14:37〜16:42に運動してるのに歩数が0になってる,歩数が0になってる,179
t_261119,google_fit,2021-10-24T05:25:18.000Z,入った保険の保険料を安くするために入れたgooglefitがまともに歩数をカウントしてくれなくてイライラする,まともに歩数をカウントしてくれなくて,179
t_261831,google_fit,2021-12-04T12:23:09.000Z,知らぬ間にgooglefitが落ちてて、今日の歩数カウントされてない,歩数カウントされてない,179
t_262737,google_fit,2021-11-17T11:57:53.000Z,息子、googlefitなしでもピクミンブルームができるようになって喜んでたけど歩数カウントされないくてまたがっかり,歩数カウントされない,179
t_263719,google_fit,2021-11-05T08:36:51.000Z,さあ歩くぞ️という時はいいのだけど、仕事中なんかはスマホを身につけていないので、歩数がカウントされず悲しい-_-,歩数がカウントされず,179
t_263729,google_fit,2021-12-03T10:26:42.000Z,googlefitって位置情報切ってたら歩数数えてくれないの,歩数数えてくれない,179
t_263822,google_fit,2021-12-04T10:30:07.000Z,googlefit全然歩数カウントしない,歩数カウントしない,179
t_263832,google_fit,2021-11-25T16:30:57.000Z,で歩数が計測されていなかった+雨風に打たれたで割と本気でしょげたのでお休みしてますおつかいとかは行かせてる,で歩数が計測されていなかった,179
t_264109,google_fit,2021-12-13T09:16:02.000Z,ちょくちょく歩数計が記録されなくなるんだけど,歩数計が記録されなくなる,179
t_262746,google_fit,2021-12-07T06:33:32.000Z,soundpeatswatch2のlifeアプリ、googlefitとの連携ができない件,soundpeatswatch2のlifeアプリ、googlefitとの連携ができない,180
t_261100,google_fit,2021-11-13T12:55:43.000Z,あの、気付いてしまったかもしれないんですけど、googlefitって、携帯を手に持ってると歩数がちゃんとカウントされなくないですか,歩数がちゃんとカウントされなくないですか,181
t_262764,google_fit,2021-11-11T13:58:35.000Z,これで歩数カウント正常になるかな,歩数カウント正常になるかな,181
t_262774,google_fit,2021-11-03T01:50:55.000Z,iosのヘルスケア連携と、androidのgooglefit連携が、それぞれの端末で有効化されていて、両方持ち歩いていても、矛盾なく歩数カウントしてくれるような設計になってるだろうか,iosのヘルスケア連携と、androidのgooglefit連携が、それぞれの端末で有効化されていて、両方持ち歩いていても、矛盾なく歩数カウントしてくれるような設計になってるだろうか,182
t_262823,google_fit,2021-11-23T09:39:37.000Z,品川シーサイドから流通センターまで歩いたのにgpsが弱くて歩いた経路がgooglefitに記録されなかった,品川シーサイドから流通センターまで歩いたのにgpsが弱くて歩いた経路がgooglefitに記録されなかった,183
t_262824,google_fit,2021-12-07T08:09:15.000Z,メーカー独自アプリのみとか継続性がなさすぎるんだよ,メーカー独自アプリのみとか継続性がなさすぎる,184
t_262826,google_fit,2021-11-29T08:58:43.000Z,めちゃくちゃ全力疾走しながら歌って、間奏だけ息整えながら歩いて、実質hiitみたいな散歩だったのに、googlefitさんがウォーキングとしか認識してくれず、しかも殆ど歩数自体ノーカンでがびーんってなっている,めちゃくちゃ全力疾走しながら歌って、間奏だけ息整えながら歩いて、実質hiitみたいな散歩だったのに、googlefitさんがウォーキングとしか認識してくれず、しかも殆ど歩数自体ノーカンでがびーんってなっている,185
t_262856,google_fit,2021-11-10T13:47:42.000Z,ちなみに、ヘルスケア製品を出してるメーカーが“スマホ連携”とかのサービスを実施してるけど、突然サービス終了して同期しなくなるので、当てにしてない,突然サービス終了して同期しなくなる,187
t_262859,google_fit,2021-12-12T09:37:45.000Z,健康状態をgooglefitに同期させる用の端末がなんでもいいから1台欲しい,健康状態をgooglefitに同期させる用の端末がなんでもいいから1台欲しい,188
t_262870,google_fit,2021-12-02T04:56:13.000Z,12/1以降googlefitに歩数が記録されなくなってるんだけど、たぶん歩数記録にouraringくらいしか使ってない気がするので、そこの連携がうまくいってないのでは,googlefitに歩数が記録されなくなってるんだけど、たぶん歩数記録にouraringくらいしか使ってない気がするので、そこの連携がうまくいってない,190
t_262890,google_fit,2021-12-14T06:54:35.000Z,だからヘルスケアとか、googlefitなどにまとめたいのですが、なかなか対応してくれないサービスもあって、うまく行かないですね,なかなか対応してくれないサービスもあって、うまく行かない,191
t_262893,google_fit,2021-12-07T02:53:34.000Z,ポケモンgo:gps情報を常に取得でないと、いつでも冒険モードが使えない,いつでも冒険モードが使えない,192
t_262896,google_fit,2021-11-10T06:30:30.000Z,googleはまずfitbitのデータをgooglefitに連携できるようにするべき,googleはまずfitbitのデータをgooglefitに連携できるようにするべき,193
t_262931,google_fit,2021-11-01T14:48:28.000Z,ピクミンインストしたけど、ネットワークエラー解決するまで一時間くらいかかった,ネットワークエラー解決するまで一時間くらいかかった,197
t_262955,google_fit,2021-11-01T01:56:06.000Z,googlefitのインストールが何度やっても途中で止まるんやが、、、,googlefitのインストールが何度やっても途中で止まる,198
t_260739,google_fit,2021-11-17T14:01:51.000Z,ストアのレビューで、歩数が減らされている事例が相次いでいるので,歩数が減らされている,199
t_261756,google_fit,2021-11-23T07:30:04.000Z,歩いても、歩いても毎日歩数を減らされる,歩数を減らされる,199
t_261787,google_fit,2021-11-04T12:48:02.000Z,歩数が減るってナニ,歩数が減る,199
t_262639,google_fit,2021-11-04T12:48:02.000Z,googlefit、何故か歩数が減るしな,歩数が減る,199
t_262981,google_fit,2021-11-12T04:08:04.000Z,あと、夜になってなにがしかの補正で歩数減らされるのも解せない,歩数減らされる,199
t_263332,google_fit,2021-11-06T02:11:59.000Z,また、歩数が減ってる,歩数が減ってる,199
t_263887,google_fit,2021-11-07T11:28:15.000Z,なんでアプリ開いた途端に歩数が減るん,歩数が減るん,199
t_264136,google_fit,2021-11-04T03:31:04.000Z,heytaphealthをインストールして、googlefitと連携してるけど、歩数が増えません,歩数が増えません,199
t_262984,google_fit,2021-11-01T09:20:26.000Z,差がありすぎんか,差がありすぎんか,200
t_263000,google_fit,2021-11-12T06:06:53.000Z,アプリは勝手に落ちる,アプリは勝手に落ちる,201
t_263003,google_fit,2021-12-05T14:02:36.000Z,いきなり歩数リセットされたんだが,いきなり歩数リセットされた,202
t_263008,google_fit,2021-11-16T09:19:35.000Z,googlefitがうまく動かんなー,googlefitがうまく動かんなー,203
t_263043,google_fit,2021-12-07T12:01:47.000Z,インストールしてたはずだったgooglefitが何故か抜け落ちてますた、道理でw,インストールしてたはずだったgooglefitが何故か抜け落ちてますた,205
t_263045,google_fit,2021-11-09T21:55:48.000Z,oppowatch、時間ズレで話題になっていますが、googlefitとheytaphealthとの連携が微妙に上手く行ってないのが気になる,googlefitとheytaphealthとの連携が微妙に上手く行ってない,206
t_263060,google_fit,2021-11-30T05:00:25.000Z,・アラームの設定がやたら深い件なんとかしてくれ,アラームの設定がやたら深い件,207
t_263063,google_fit,2021-10-26T22:42:03.000Z,huaweiのスマートウォッチアプリがgoogleplayストア経由でアップデートされなくなって、最新版のアプリをhuaweiアプリストアのapkで入れてくるとgooglefit連携してこなくなってるし、そろそろhuaweiから離れた方が良さそう,huaweiのスマートウォッチアプリがgoogleplayストア経由でアップデートされなくなって、最新版のアプリをhuaweiアプリストアのapkで入れてくるとgooglefit連携してこなくなってる,208
t_263095,google_fit,2021-11-11T10:36:47.000Z,googlefitをまたブラウザから見れるようにしろgoogle,googlefitをまたブラウザから見れるようにしろ,209
t_263097,google_fit,2021-11-21T14:49:10.000Z,googleアカウントの安全性の低いアプリのアクセスをonにしても同様のメッセージが表示されました、今の所回避策が見つかっていないようです,googleアカウントの安全性の低いアプリのアクセスをonにしても同様のメッセージが表示されました,210
t_263101,google_fit,2021-12-14T06:22:46.000Z,新しく買ったスマートウォッチがgooglefitと連携できないので結局古いのも付けたくて、手首に2本つけるわけにも行かず足とか二の腕に付けれるバンド探してるんだけどなかなかない,新しく買ったスマートウォッチがgooglefitと連携できない,211
t_263118,google_fit,2021-11-04T11:19:37.000Z,測っても情報が繋がらない、それじゃあ意味無いじゃん,測っても情報が繋がらない,212
t_263123,google_fit,2021-12-02T12:49:34.000Z,自転車押して歩いたらgooglefitはカウントしてくれてなかった,自転車押して歩いたらgooglefitはカウントしてくれてなかった,213
t_263140,google_fit,2021-11-01T08:09:11.000Z,ピクミン入れてみたけどgooglefitインストールしてねって言われて拒否したら延々と堂々巡りなった,ピクミン入れてみたけどgooglefitインストールしてねって言われて拒否したら延々と堂々巡りなった,214
t_263151,google_fit,2021-11-18T12:15:16.000Z,1dsdv時に、ステータスバーが表示するのはほぼ2ndsimのみ21stsimを見失い通話不能になることがある3位置情報を許可してもgooglefitの日誌を記録しない,1dsdv時に、ステータスバーが表示するのはほぼ2ndsimのみ21stsimを見失い通話不能になることがある3位置情報を許可してもgooglefitの日誌を記録しない,215
t_263154,google_fit,2021-12-07T02:58:01.000Z,それなら、ingressは何故にして、アプリ使用中のみで、いつでも冒険モードが正常に機能するのでしょうか,それなら、ingressは何故にして、アプリ使用中のみで、いつでも冒険モードが正常に機能するのでしょうか,216
t_263198,google_fit,2021-12-03T10:26:42.000Z,7kmも歩いたのに43歩しか歩いてないことになってる,7kmも歩いたのに43歩しか歩いてないことになってる,218
t_263230,google_fit,2021-11-22T13:56:03.000Z,えっgooglefitバグってエクササイズのタイムが反映されてない,エクササイズのタイムが反映されてない,220
t_263242,google_fit,2021-12-10T16:13:48.000Z,spo2手動とかgooglefit連携にブリッジアプリが必要とか,spo2手動とかgooglefit連携にブリッジアプリが必要,221
t_263248,google_fit,2021-11-30T13:51:05.000Z,なので、googlefit側でappleヘルスケアとの連携をオフにする既にインポート済みのデータは消されないみたい,googlefit側でappleヘルスケアとの連携をオフにする既にインポート済みのデータは消されない,222
t_263262,google_fit,2021-12-11T13:24:56.000Z,冬で寒くて暗いと外に出にくくなる,冬で寒くて暗いと外に出にくくなる,223
t_263326,google_fit,2021-10-26T15:00:25.000Z,googlefitバグってませんか,googlefitバグってませんか,224
t_263329,google_fit,2021-11-06T14:20:55.000Z,とりあえず便利ではあるけど仕組みが意味不明すぎる、、,仕組みが意味不明すぎる,225
t_263333,google_fit,2021-11-14T02:59:48.000Z,スマートウォッチで運動のカウントがバグって、やる気失せるの割とあるから嫌になってきた,スマートウォッチで運動のカウントがバグ,227
t_263342,google_fit,2021-11-10T14:26:07.000Z,fitbitを外部アプリでgooglefitに連携してんけど、そうすると何故かピクミンが倍くらい歩数を数えてしまい、しばらくすると大体正しい歩数に戻るという現象が起きるんだけど、どういうことなの,fitbitを外部アプリでgooglefitに連携してんけど、そうすると何故かピクミンが倍くらい歩数を数えてしまい、しばらくすると大体正しい歩数に戻る,229
t_263374,google_fit,2021-11-27T09:13:30.000Z,そしてアプリの出来がgooglefitに劣ってる気がするのよね,アプリの出来がgooglefitに劣ってる,230
t_263393,google_fit,2021-11-01T03:45:10.000Z,あんどろ、googlefitのインストール必要っぽいんだけど多分今アクセス過多でインストール終わらんくて笑ってる,アクセス過多でインストール終わらん,232
t_263411,google_fit,2021-11-12T06:06:53.000Z,ノンビリ遊べたら良いなと思ってたのにスマホの機能を妨害するようなアプリでは遊べないな,スマホの機能を妨害するようなアプリでは遊べないな,234
t_263427,google_fit,2021-11-07T14:47:07.000Z,ピクミンブルーム、galaxya7だと花びらを使って花を植えようとすると、その日の歩数がそれ以降一切カウントされないという致命的なバグが発生してるので任天堂は早く対応してくれって感じ,歩数がそれ以降一切カウントされない,235
t_263430,google_fit,2021-11-05T06:21:10.000Z,androidだとgooglefitみたいなヘルスケアアプリと連動してしっかり数えてくれるけど、iphoneでもそういう歩数計みたいなアプリと連動できたりしないかな,androidだとgooglefitみたいなヘルスケアアプリと連動してしっかり数えてくれるけど、iphoneでもそういう歩数計みたいなアプリと連動できたりしないかな,236
t_263435,google_fit,2021-12-05T11:24:03.000Z,直後に見たときにはちゃんとデータが入っていたけど、その後、ちょっとウォーキングした後に走ったのを細かく別々に記録した結果、データが壊れた,ちょっとウォーキングした後に走ったのを細かく別々に記録した結果、データが壊れた,237
t_263440,google_fit,2021-11-02T09:51:25.000Z,googlefitが必要なのと電池の減りが少し早くなります,googlefitが必要なのと電池の減りが少し早くなります,238
t_263444,google_fit,2021-11-06T04:14:00.000Z,androidを使っているお子様はgooglefitをダウンロード/ログインできない為、ピクミンブルームをプレイすることができない,androidを使っているお子様はgooglefitをダウンロード/ログインできない,239
t_263844,google_fit,2021-11-01T05:41:27.000Z,ちなみに子スマホ、ピクミンブルームがプレイできませんgooglefitがインストールできないのなんでやねん,子スマホ、ピクミンブルームがプレイできませんgooglefitがインストールできない,239
t_263460,google_fit,2021-11-30T00:24:44.000Z,サイトの再評価にどれくらい時間がかかるか,サイトの再評価にどれくらい時間がかかる,240
t_263461,google_fit,2021-11-07T04:09:34.000Z,android文化圏だとfitbitがgooglefitと連携してくれないのでそっちで計測したのは歩数カウントに含まれないの,android文化圏だとfitbitがgooglefitと連携してくれないのでそっちで計測したのは歩数カウントに含まれない,241
t_263467,google_fit,2021-12-13T06:08:14.000Z,huaweiband4がgooglefitと連携しなくなって困ってる,huaweiband4がgooglefitと連携しなくなって困ってる,242
t_263477,google_fit,2021-12-10T01:06:13.000Z,最近googlefitを利用しているんだけど、歩数がいきなり1000歩以上も減ることがあってぐぬぬ,歩数がいきなり1000歩以上も減る,243
t_263487,google_fit,2021-11-15T00:10:40.000Z,fitbitのデータを転送アプリを挟んでgooglefitに送り、googlefitのデータをエレコムアプリで読み込んでるんだけど、歩数に多少差が出るのは仕方ないとして、ほぼ同じデータから計算してるんだろうに、この消費カロリーの差はなにwww,fitbitのデータを転送アプリを挟んでgooglefitに送り、googlefitのデータをエレコムアプリで読み込んでるんだけど、歩数に多少差が出る,244
t_263547,google_fit,2021-11-04T15:28:27.000Z,歩数は増えるのに途中から苗だけが育たなくなってしまって,歩数は増えるのに途中から苗だけが育たなくなってしまって,246
t_263570,google_fit,2021-11-03T02:50:52.000Z,androidのピクミンブルームの保護者位置情報許可エラーが出て、ファミリーリンクの設定しても駄目で悩んでいたらnintendoファミリーアカウント側での設定が必要でした,androidのピクミンブルームの保護者位置情報許可エラーが出て、ファミリーリンクの設定しても駄目で悩んでいたらnintendoファミリーアカウント側での設定が必要,247
t_263572,google_fit,2021-11-03T04:49:14.000Z,gpsつけ消ししてみたり省電力モード切ってみたり再起動してみたり書いてある方法全体的に試してみたけどgoogleのfitも歩数カウントが死んでる,歩数カウントが死んでる,248
t_263575,google_fit,2021-12-03T02:20:25.000Z,しかしgooglefit対応はまだかねえ,しかしgooglefit対応はまだかねえ,249
t_263576,google_fit,2021-11-05T08:36:51.000Z,fitbitをgooglefitに同期するまではできるんだけど、それがには反映しない,fitbitをgooglefitに同期するまではできるんだけど、それがには反映しない,250
t_263589,google_fit,2021-11-04T05:54:50.000Z,アップデートの後からおかしいですgooglefitを媒介にしているのでスゴく不便です,スゴく不便,251
t_263598,google_fit,2021-12-13T05:43:09.000Z,歩数計アプリとgooglefitの両方で歩数測ってるんだけど、今日はいつにも増して誤差が大きい,歩数計アプリとgooglefitの両方で歩数測ってるんだけど、今日はいつにも増して誤差が大きい,252
t_263625,google_fit,2021-10-21T13:50:38.000Z,あのアプリfitbit製ぐらいしか対応してないから限られてくるなあgooglefit経由で同期してもいいけど、かなりアプリへの反映が不安定で使い物にならなかった,アプリへの反映が不安定で使い物にならなかった,253
t_263626,google_fit,2021-11-11T08:48:56.000Z,0s全体の通知が遅れる問題が報告されています,通知が遅れる,254
t_263632,google_fit,2021-10-25T19:34:06.000Z,テラのド・クォンがsec召喚状を語る:デフィは現在の規制にうまく合わないかもしれない,テラのド・クォンがsec召喚状を語る:デフィは現在の規制にうまく合わない,255
t_263638,google_fit,2021-11-08T11:07:37.000Z,あとは今朝踏んだgooglefitが歩数を取れてない問題,歩数を取れてない問題,256
t_263650,google_fit,2021-11-09T22:56:20.000Z,novaに戻せるかしらん,novaに戻せるかしらん,257
t_263671,google_fit,2021-10-22T06:46:28.000Z,少なくとも過去のpebbleにgooglefitを対応させてくれませんか,少なくとも過去のpebbleにgooglefitを対応させてくれませんか,258
t_263696,google_fit,2021-12-11T04:26:32.000Z,1タブレットでも使えるようにしてほしい,1タブレットでも使えるようにしてほしい,259
t_263737,google_fit,2021-11-05T08:41:49.000Z,画面開かなくても歩数カウントされるよ,画面開かなくても歩数カウントされる,262
t_263776,google_fit,2021-10-25T11:38:02.000Z,nikeのやつがログイン出来なくなったのでgooglefitで,nikeのやつがログイン出来なくなった,264
t_263809,google_fit,2021-10-24T11:32:41.000Z,端末変えてからgooglefitで歩いた経路の地図がうまく出ないんだけど、位置情報へのアクセス許可だけじゃ駄目なのかな,端末変えてからgooglefitで歩いた経路の地図がうまく出ない,266
t_263813,google_fit,2021-11-17T22:08:08.000Z,一番歩いてる12時台が0歩とかになる,一番歩いてる12時台が0歩とかになる,268
t_263834,google_fit,2021-11-01T03:32:00.000Z,起動できません,起動できません,272
t_263865,google_fit,2021-11-04T14:14:45.000Z,、残念なことに途中からネットワークエラーでピクミン達と散歩できず,途中からネットワークエラーでピクミン達と散歩できず,274
t_263866,google_fit,2021-10-24T05:28:10.000Z,googlefitのアプリ起動したときに歩数が減ってくのマジで意味わからん,歩数が減ってくのマジで意味わからん,275
t_263875,google_fit,2021-11-03T11:33:41.000Z,意外と歩数の誤差が小さい,歩数の誤差が小さい,276
t_263879,google_fit,2021-11-02T14:01:32.000Z,ポケgoゴープラポチポチ裏、dqwウォークモード画面ロック表、私のスマホだと3つ起動だと落ちるので、ピクミンブルームはアプリ起動してないけど、位置情報常に許可のためか、歩数稼げた,私のスマホだと3つ起動だと落ちる,277
t_263888,google_fit,2021-11-01T03:47:00.000Z,googlefitのインストールが54%から全然進まない〜,googlefitのインストールが54%から全然進まない,279
t_263895,google_fit,2021-11-01T10:12:56.000Z,動くようになったのでチュートリアルを進めたらgooglefitで計測とか出てきた,動くようになったのでチュートリアルを進めたらgooglefitで計測とか出てきた,280
t_263916,google_fit,2021-11-23T15:05:13.000Z,少しは遠出して他の歩数計アプリで2500歩なのにぴくみんのやつgooglefitでは111歩ってさすがに直してほしいのね,少しは遠出して他の歩数計アプリで2500歩なのにぴくみんのやつgooglefitでは111歩ってさすがに直してほしい,281
t_263939,google_fit,2021-12-07T03:52:15.000Z,googlefitのウィジェットもmaterialyouに対応してほしいω',googlefitのウィジェットもmaterialyouに対応してほしい,282
t_263944,google_fit,2021-11-05T08:28:18.000Z,googlefitインストール出来なくて永遠にピクミンブルームできない,googlefitインストール出来なくて永遠にピクミンブルームできない,283
t_263961,google_fit,2021-11-09T08:29:31.000Z,googlefit止まってるやん,googlefit止まってる,284
t_264005,google_fit,2021-11-20T05:02:01.000Z,はぁ〜heytaphealthまたgooglefitと連携した歩数消えてるさすがにイラついてきた,はぁ〜heytaphealthまたgooglefitと連携した歩数消えてる,287
t_264020,google_fit,2021-11-07T15:24:28.000Z,最終的に出てきたのは13歳以下はgooglefitでの位置情報は使えないという上記案内、しかし何故かgooglefit自体はインストールされている,最終的に出てきたのは13歳以下はgooglefitでの位置情報は使えない,288
t_260555,google_fit,2021-11-03T13:01:39.000Z,ピクミンブルームの歩数とgooglefitの歩数が合わないけど、どういうことなんだろう,ピクミンブルームの歩数とgooglefitの歩数が合わない,289
t_262303,google_fit,2021-11-05T01:28:33.000Z,fitbit、fittofitつかってもピクミンブルームと連携出来なくない,ピクミンブルームと連携出来なくない,289
t_263812,google_fit,2021-12-15T09:36:45.000Z,ピクミンブルームの歩数がカウントされてない,ピクミンブルームの歩数がカウントされてない,289
t_264034,google_fit,2021-11-07T01:27:47.000Z,ピクミンブルーム繋がらなくなった,ピクミンブルーム繋がらなくなった,289
t_264048,google_fit,2021-11-17T00:42:58.000Z,先週金曜だけカウントされてるのも意味がわからん,先週金曜だけカウントされてるのも意味がわからん,291
t_264057,google_fit,2021-11-20T08:13:47.000Z,dqウォークの歩数カウントがほぼ機能していないのは不具合と言って良いレベルかな,dqウォークの歩数カウントがほぼ機能していない,292
t_264059,google_fit,2021-11-11T11:43:05.000Z,これ、適正な速度で歩くと、googlefitの“強めの運動”がクリアできない,適正な速度で歩くと、googlefitの“強めの運動”がクリアできない,293
t_264062,google_fit,2021-11-27T11:15:03.000Z,同じコースなのに時間が変わらない,同じコースなのに時間が変わらない,294
t_264104,google_fit,2021-11-01T02:48:19.000Z,googlefitのインストール出来なくてキャンセルしたら、強制連携なのか最初からやり直しさせられた,googlefitのインストール出来なくてキャンセルしたら、強制連携なのか最初からやり直しさせられた,299
t_264121,google_fit,2021-11-30T00:24:44.000Z,・サイトの全体的な品質と関連性を評価することは非常に難しい,サイトの全体的な品質と関連性を評価することは非常に難しい,301
t_264126,google_fit,2021-11-11T08:48:56.000Z,文字コピーしたらゼロエスだった,文字コピーしたらゼロエスだった,302
t_264143,google_fit,2021-12-10T22:17:09.000Z,カルノタウルスは前肢が著しく縮小しており特に前腕部が異様に短い多分ひじは曲がらないのがチャームポイントなのだ,前腕部が異様に短い,304
t_264156,google_fit,2021-11-22T07:48:17.000Z,googlefitに記録される歩数データが屋内用で使ってるmiband6の歩数に勝手に置き換えられるせいで、どんだけ歩いた日でも100歩程度になってていらいらしてる,googlefitに記録される歩数データが屋内用で使ってるmiband6の歩数に勝手に置き換えられる,306
t_264158,google_fit,2021-11-05T13:52:11.000Z,今のところ生じている問題として、googlefitで脈拍と心拍数を測れないの、非常に不便だから早く対応させて欲しい,googlefitで脈拍と心拍数を測れないの、非常に不便だから早く対応させて欲しい,307
