g_510,coke_on,2023-11-29 06:37:20,あと、残高はトップ画面に表示して欲しい,残高はトップ画面に表示して欲しい,1
g_511,coke_on,2023-11-01 21:38:22,ただ、いざ買おうと立ち寄る自動販売機が対応でないものが多く、少し残念です,自動販売機が対応でないものが多く,2
g_512,coke_on,2023-12-11 21:38:04,見えるように戻して欲しいです,見えるように戻して欲しい,3
g_515,coke_on,2023-11-16 21:22:04,アプリを開くと通知が出てきて操作の邪魔をする自販機によっては接続しにくく値上げでコンビニの方が安くて旨い,アプリを開くと通知が出てきて操作の邪魔をする,4
g_517,coke_on,2023-10-17 23:38:00,ドリンクチケットを使用したが、製品が出てこず、チケットも使用したことになっていた,製品が出てこず、チケットも使用したことになっていた,5
g_789,coke_on,2023-10-13 06:26:27,あと、変わり種で無料チケットには対応してるけど、コークオンペイパスは対応してない自販機も少数あります,コークオンペイパスは対応してない自販機も少数あります,6
g_1114,coke_on,2023-10-28 18:40:39,コークオン対応自販機なのに使えない自販機があります,自販機なのに使えない自販機があります,6
g_1212,coke_on,2023-12-08 14:02:52,便利は便利なんだけど、自販機によって使える支払い方法が限定されてたりするのは分かり難いcokeonのマークがあるのに全く接続できない自販機もあるこのあたりを是正して欲しい,自販機によって使える支払い方法が限定されてたりするのは分かり難いcokeonのマークがあるのに全く接続できない自販機もある,6
g_2350,coke_on,2023-10-28 18:40:39,コークオン対応自販機なのに使えない自販機があります,自販機なのに使えない自販機があります,6
g_520,coke_on,2023-10-26 21:27:34,キャップ裏のコードやバーコードを読み込まないのでせっかくのキャンペーンに参加できず,キャップ裏のコードやバーコードを読み込まない,7
g_524,coke_on,2023-12-10 14:56:50,歩くとスタンプがもらえて励みにもなるし、あともう少しで貰えそうだから歩かなくちゃ,歩かなくちゃ,9
g_526,coke_on,2023-12-01 16:52:18,あと、置いて欲しいです,あと、置いて欲しい,10
g_527,coke_on,2023-11-19 17:01:23,他のポイ活系アプリは問題なく連動されるのに、このアプリだけ数百〜数千歩も少なく表示されます,数百〜数千歩も少なく表示されます,11
g_530,coke_on,2023-10-13 06:26:27,最後に、支払い完了だと思われる購入ボタンが点灯した後商品が出なかった事例一件購入履歴が出なかったのでエラー処理されたかも一分以上待ったが出てこない急いでた為離れたので諦めた事例一件購入履歴になってたがありました,商品が出なかった事例一件購入履歴が出なかったのでエラー処理されたかも一分以上待ったが出てこない,12
g_539,coke_on,2023-11-24 20:10:40,galaxyzfold5早期対応お願いします,galaxyzfold5早期対応お願いします,15
g_544,coke_on,2023-11-21 01:44:12,スタンプ集めは良いとして、改善点としてはエラーが頻繁に起きやすい,エラー,17
g_792,coke_on,2023-10-24 15:11:15,何するでもエラーばかり,エラー,17
g_1042,coke_on,2023-11-10 12:31:20,なんせ不具合が多い,不具合,17
g_1165,coke_on,2023-10-05 23:09:11,100%使いこなしているわけではないと思うけど、少なくとも“ドリンクを買ってスタンプをためる”“キャンペーンに応募する”という点で不具合や使いづらさはないです,不具合,17
g_1313,coke_on,2023-11-06 08:32:52,継続利用して数年経ちますが初めてのエラーです,エラー,17
g_1405,coke_on,2023-10-23 05:30:37,不具合が多すぎる毎日エラーコードが出て一生直らない,不具合,17
g_1573,coke_on,2023-10-23 05:30:37,不具合が多すぎる毎日エラーコードが出て一生直らない,不具合,17
g_549,coke_on,2023-10-15 12:51:08,2023/10/15追記コスタキャンペーンについて、メールで問い合わせると自販機に書いてあるカスタマーに電話との事,2023/10/15追記コスタキャンペーンについて、メールで問い合わせると自販機に書いてあるカスタマーに電話と,19
g_552,coke_on,2023-11-30 15:05:35,とりあえず通信が遅い買ってジュースが出てくるまでもの凄く時間が掛かるとてもじゃないけど並ぶ自販機では使えない人に迷惑をかけるアプリ自分みたいに工事現場で休憩時間などに、職人達が一斉に買いに来るところでは白い目を気にしなければいけないアプリです,通信が遅い買ってジュースが出てくるまでもの凄く時間が掛かる,21
g_557,coke_on,2023-10-23 03:59:21,全ての自販機に対応してくれればいいのに,全ての自販機に対応してくれればいい,23
g_559,coke_on,2023-10-09 19:05:02,キャップの読み取りできない商品つくらんといて電池と時間の無駄,キャップの読み取りできない商品つくらんといて電池と時間の無駄,24
g_562,coke_on,2023-10-22 05:46:19,契約等の問題があるのだろうが、もっと増えればいいかと思う,契約等の問題があるのだろうが、もっと増えればいい,25
g_566,coke_on,2023-11-11 19:36:13,使用者の使い勝手よりも自分たちの制御しやすさを優先している,使用者の使い勝手よりも自分たちの制御しやすさを優先している,26
g_571,coke_on,2023-10-28 21:05:19,自販機によっては青歯の接続が不安定で購入が反映されなかったりも実際出くわしたが,自販機によっては青歯の接続が不安定,27
g_577,coke_on,2023-10-23 07:29:02,誕生日から1週間スタンプ2倍って通知来たんだけどキャッシュレスのスタンプ2倍と被るから何の恩恵も受けないんですけど,キャッシュレスのスタンプ2倍と被るから何の恩恵も受けない,29
g_588,coke_on,2023-11-21 22:53:12,つながりやすい自販機があったり、つながったと思ったらエラーメッセージがでたりする,つながりやすい自販機があったり、つながったと思ったらエラーメッセージがでたりする,33
g_592,coke_on,2023-10-18 13:03:39,立上げに時間がかかるのに、さらにポップアップがでて面倒,立上げに時間がかかるのに、さらにポップアップがでて面倒,35
g_599,coke_on,2023-11-02 09:53:50,自販機の接続がipadだとなかなかうまく行かないです,自販機の接続がipadだとなかなかうまく行かない,36
g_607,coke_on,2023-12-07 17:38:05,idやパスワード以外に記録しなければならないアプリidとpinが必要で機種移行などで事前にしなければならない作業があるので不便を感じる,idやパスワード以外に記録しなければならないアプリidとpinが必要で機種移行などで事前にしなければならない作業がある,38
g_609,coke_on,2023-10-08 05:59:29,便利なアプリですがスタンプ獲得までの反応が遅いので、スタンプを獲得できない事があるので改善して欲しいです,スタンプ獲得までの反応が遅い,39
g_614,coke_on,2023-12-19 10:09:26,bluetoothをオンにしているのに、なかなか繋がらない,bluetoothをオンにしているのに、なかなか繋がらない,40
g_616,coke_on,2023-11-26 17:06:01,ここ最近、自販機とは接続されてる黄色のランプから青のランプになってるのでのに商品一覧が出てこなく使えません,自販機とは接続されてる黄色のランプから青のランプになってるのでのに商品一覧が出てこなく使えません,41
g_617,coke_on,2023-10-01 12:03:01,製品情報習得中で操作できない通知がうざい、オフにしているのに何度も届く,製品情報習得中で操作できない通知がうざい、オフにしているのに何度も届く,42
g_619,coke_on,2023-11-02 16:48:13,キャッシュレス決済が脚光を浴びているのは、現金支払いよりもはるかに早く決済処理ができるからなのであって、現金を投入するより長くペアリングに時間を要するのではサービスの存在価値がない,現金を投入するより長くペアリングに時間を要する,44
g_620,coke_on,2023-12-11 21:43:43,以前はもっと繋がりやすかったので、繋がる繋がらないの閾値的なものを下げたほうが良いのではないでしょうか,繋がる繋がらないの[UNK]的なものを下げたほうが良い,45
g_638,coke_on,2023-10-28 05:59:28,当落結果を省くのはやめてほしい、その場でわかると銘打っているならば,当落結果を省くのはやめてほしい,45
g_621,coke_on,2023-10-23 11:53:19,アプリと自販機が繋がって商品を購入して直ぐ繋がらなくてスタンプが取得出来ない事が時々有る,アプリと自販機が繋がって商品を購入して直ぐ繋がらなくてスタンプが取得出来ない,46
g_622,coke_on,2023-10-30 16:14:22,自販機の前でアプリが落ちたり購入が反映されなかったりして使う気が失せてきました,自販機の前でアプリが落ちたり購入が反映されなかったり,47
g_624,coke_on,2023-12-04 09:58:56,スタンプ統合くらいしてくださいよ,スタンプ統合くらいしてくださいよ,49
g_625,coke_on,2023-10-03 10:25:30,接続後の商品一覧が表示されるスピードの改善を希望します2022/03/02t1-5のエラーが出て接続不能のため、せっかく貯めたドリチケを無駄にしてしまいました,接続後の商品一覧が表示されるスピードの改善を希望します,50
g_626,coke_on,2023-10-28 06:22:08,歩きでもスタンプは、貯まりますしキャンペーン等を駆使して使うとスタンプ2倍とかもあるのでcokeonを使おうか迷ってる人がいたら検討するのも大有りだと思います,歩きでもスタンプは、貯まりますしキャンペーン等を駆使して使うとスタンプ2倍とかもあるのでcokeonを使おうか,51
g_627,coke_on,2023-12-01 20:59:55,急いでいるときには絶対に使えない,急いでいるときには絶対に使えない,52
g_628,coke_on,2023-11-01 13:00:29,コスト高いのかもしれませんが、もっと、というか全台の勢いで増やして欲しい,全台の勢いで増やして欲しい,53
g_632,coke_on,2023-11-04 10:35:42,ケチらず、もう少しマシなシステムを作ったらどう,もう少しマシなシステムを作ったらどう,54
g_634,coke_on,2023-10-15 12:51:08,責任転嫁しかしてない,責任転嫁しかしてない,55
g_636,coke_on,2023-10-24 17:04:29,ウォークのスタンプのハードルがもう少し低いと嬉しいです,ウォークのスタンプのハードルがもう少し低いと嬉しい,57
g_637,coke_on,2023-10-13 07:49:19,たまーにコーヒーを買ってもキャンペーンの応募が出来ない事があるのが玉に瑕ですかね,キャンペーンの応募が出来ない,58
g_1861,coke_on,2023-11-27 12:24:25,キャンペーンに応募できない事がある,キャンペーンに応募できない,58
g_640,coke_on,2023-11-30 18:39:01,iphoneから移行したがfitと連携しても歩数のカウントちゃんとされない,歩数のカウントちゃんとされない,60
g_645,coke_on,2023-12-11 22:09:02,3回に1回はwalletで買えない,walletで買えない,62
g_647,coke_on,2023-10-18 01:38:30,他の同様のキャンペーンは問題無かったのですが、、、何とかしてほしいてす,他の同様のキャンペーンは問題無かったのですが、、、何とかしてほしいて,63
g_649,coke_on,2023-11-29 14:10:38,それから、接続に数秒〜10数秒程かかるので現金を入れる方が早く買えますこれは自己環境のせいかもしれません,接続に数秒〜10数秒程かかる,64
g_651,coke_on,2023-11-07 19:53:06,全然繋がらなくて、クーポン使えない,全然繋がらなくて、クーポン使えない,65
g_1211,coke_on,2023-10-19 05:41:40,全然繋がらなくて、クーポン使えない,全然繋がらなくて、クーポン使えない,65
g_661,coke_on,2023-10-20 14:28:37,救済の問合せをしても返事ない,救済の問合せをしても返事ない,68
g_666,coke_on,2023-10-12 23:57:30,強いて言うなら目標歩数によってスタンプの数を変えて欲しい,目標歩数によってスタンプの数を変えて欲しい,70
g_667,coke_on,2023-12-09 19:00:03,アプリデザインの変更があってから繋がりが悪くなっています,アプリデザインの変更があってから繋がりが悪くなっています,71
g_668,coke_on,2023-11-19 20:34:14,アプリ自体は広告出まくりで徐々に重くなる仕様,広告出まくりで徐々に重くなる,72
g_674,coke_on,2023-12-01 10:28:30,後は、ホットドリンクノ、バリエーションを、増やしてほしいです,ホットドリンクノ、バリエーションを、増やしてほしい,74
g_523,coke_on,2023-11-28 20:28:17,1本サービスクーポンでお得に購入できるのがいいねでも、時々接続ができず使えないときがあるので-1です,接続ができず,76
g_551,coke_on,2023-11-30 12:03:52,アップデート出来ません,アップデート出来ません,76
g_584,coke_on,2023-11-21 12:27:48,日中ですと画面が見づらく、あとからびっくりしましたできたらチケットがあるときはチケットを優先されるとありがたいです,画面が見づらく,76
g_680,coke_on,2023-12-08 10:48:06,社内の自販機で使っているが、最近はかなりの確率で接続が出来ず、非常にイライラさせられます,接続が出来ず,76
g_748,coke_on,2023-10-13 06:26:27,天気が悪いと、gpsの影響かも知れないが、絶望的に接続出来ない日がある,接続出来ない,76
g_767,coke_on,2023-11-06 10:52:30,使えないことが多くて逆に不便,使えない,76
g_815,coke_on,2023-10-28 18:29:37,ログインできない,ログインできない,76
g_838,coke_on,2023-10-23 13:50:47,ログインできなくなった,ログインできなくなった,76
g_884,coke_on,2023-12-07 17:38:05,移行出来ずに損をしている人も、多数いるのではと思う,移行出来ず,76
g_912,coke_on,2023-10-23 08:28:42,一応色々試して、スマホの再起動かけて使うがそうしないと使えないのはちょっと,使えない,76
g_913,coke_on,2023-12-14 11:26:21,つながるのが遅すぎるcokeonpayの決済を確認、変更したいが、画面が開かない,画面が開かない,76
g_971,coke_on,2023-10-25 20:42:18,このアプリは、使えない,使えない,76
g_979,coke_on,2023-11-06 10:39:39,情報を取得出来ませんでしたってばかり表示される,情報を取得出来ません,76
g_1035,coke_on,2023-11-16 09:59:58,たまに接続が出来ない時があるので、そこは改善してほしい,接続が出来ない,76
g_1060,coke_on,2023-12-13 04:21:56,繋がらない事が多く、繋がっても時間が掛かり結局アプリ関係なしで買う,繋がらない,76
g_1071,coke_on,2023-10-24 05:33:01,機種変してまたログインしようとしたけど出来ない,出来ない,76
g_1082,coke_on,2023-12-07 07:35:29,繋がらない、エラーばかり,繋がらない,76
g_1101,coke_on,2023-10-21 09:37:42,イベントも多く無料チケットも貰えるので活用していますたまに利用できなくなるのでマイナス1つ,利用できなくなる,76
g_1174,coke_on,2023-11-16 08:20:57,pixelの接続を修正したと案内が出たが接続できない,接続できない,76
g_1199,coke_on,2023-12-17 12:13:08,使えないアプリ,使えない,76
g_1260,coke_on,2023-11-14 18:12:58,情報を取得できませんの表示がよく出ます,情報を取得できません,76
g_1286,coke_on,2023-10-12 07:38:45,メンテなのかと思い待ってみましたが一向に回復せず、キャッシュを削除したり端末を再起動後に本アプリだけを起動など試しましたが開くことがありません,回復せず,76
g_1322,coke_on,2023-10-09 15:00:57,使えないことが多くて逆に不便,使えない,76
g_1397,coke_on,2023-12-08 10:07:48,画面が戻らない,画面が戻らない,76
g_1408,coke_on,2023-12-14 11:26:21,反応なし,反応なし,76
g_1536,coke_on,2023-10-12 18:01:21,cokeonwallet何回パスワードを変更してもログインできないのはなぜ,ログインできない,76
g_1539,coke_on,2023-10-09 19:05:02,相変わらす繋がらない急ぐとき10分かかる電源切って立ち上げんと買えんわ今リアルゴールドホームランゲームは説明どうりにタップしても反応なし訳のわからない動作するしなこれでクリアできるん,繋がらない,76
g_1629,coke_on,2023-12-19 15:17:52,と出て使用できなくなりました,と出て使用できなくなりました,76
g_1715,coke_on,2023-11-22 16:45:30,10分近く再起動などを含めて接続を試したが繋がらない,繋がらない,76
g_1718,coke_on,2023-11-08 15:20:30,はじめの頃は、なかなか接続されず使えないアプリと思ってましたが、最近は改善されてサクサク使えます,接続されず使えない,76
g_1770,coke_on,2023-10-15 12:51:08,電話したが結局解決せず,解決せず,76
g_1841,coke_on,2023-11-09 15:19:20,09追記最近は情報が取得できませんでしたばかりで進まない,情報が取得できません,76
g_1876,coke_on,2023-11-06 23:53:44,今日改善を期待し数年ぶりにアプリをインストールしたがログインさえ出来ない,ログインさえ出来ない,76
g_1889,coke_on,2023-10-17 10:35:23,解決する気がない,解決する気がない,76
g_2005,coke_on,2023-11-06 10:52:30,理由もわからず使えないことが多々あり、あてにならない,使えない,76
g_2041,coke_on,2023-10-20 14:28:37,つながらない,つながらない,76
g_2051,coke_on,2023-12-07 17:38:05,それにアプリidとpinをメールで送るというのが出来ると謳っているが、送ってはこない,送ってはこない,76
g_2053,coke_on,2023-10-25 03:53:24,使えないなら、他の,使えない,76
g_2070,coke_on,2023-12-14 15:11:45,毎回、毎回、つながらない,つながらない,76
g_2140,coke_on,2023-11-22 16:45:30,使えない事は0と変わらない,使えない,76
g_2148,coke_on,2023-12-13 20:52:27,と出て、使い物になりません,使い物になりません,76
g_2155,coke_on,2023-11-27 12:24:25,接続できませんって出るだけ,接続できませんって出る,76
g_2161,coke_on,2023-10-22 10:45:43,繋がない時が多すぎる,繋がない,76
g_2196,coke_on,2023-10-18 21:09:13,とにかく接続に出来ない時にイライラする,接続に出来ない,76
g_2271,coke_on,2023-11-02 08:50:43,10月30日から理由もなく使用できなくなった,使用できなくなった,76
g_2292,coke_on,2023-12-06 22:53:25,保存出来ない,保存出来ない,76
g_2334,coke_on,2023-12-01 21:51:15,ぜんぜん動きません,動きません,76
g_2399,coke_on,2023-12-18 08:07:58,キャンペーンはほとんど情報が取得できませんでした,情報が取得できません,76
g_534,coke_on,2023-10-11 08:24:14,お世話になっております最近ですがアプリを長期間使用してますがなぜか数ヶ月以内にアプリ内のデータが全クリアみたいになり大変こまったております早急に改善ねがいます,早急に改善ねがいます,78
g_660,coke_on,2023-11-19 09:28:57,これが改善できたら星4かな,改善できたら,78
g_690,coke_on,2023-12-17 16:44:07,もう少し改善してほしい,もう少し改善してほしい,78
g_710,coke_on,2023-10-02 11:23:32,改善をお願いします,改善をお願いします,78
g_713,coke_on,2023-11-10 18:16:31,もうちょっと使いやすくならないかな,もうちょっと使いやすくならないかな,78
g_733,coke_on,2023-11-30 12:03:52,至急改善してください,至急改善してください,78
g_779,coke_on,2023-11-30 16:19:21,改善ポイントと思う,改善ポイント,78
g_801,coke_on,2023-11-08 02:58:02,改善をお願いします,改善をお願いします,78
g_816,coke_on,2023-10-04 06:58:04,もう少し使いやすくして欲しい、,もう少し使いやすくして欲しい,78
g_827,coke_on,2023-11-19 10:03:49,改善して欲しいですね,改善して欲しい,78
g_866,coke_on,2023-10-15 00:13:06,改善してほしいです,改善してほしい,78
g_938,coke_on,2023-11-17 10:41:21,改善願いたい,改善願いたい,78
g_1088,coke_on,2023-10-13 07:53:14,もっと簡単に登録できる様にして欲しい,もっと簡単に登録できる様にして欲しい,78
g_1094,coke_on,2023-11-21 01:44:12,今直ぐ改善して欲しい,今直ぐ改善して欲しい,78
g_1442,coke_on,2023-11-08 02:58:02,改善お願いします,改善お願いします,78
g_1479,coke_on,2023-12-04 11:07:34,それも改善が必要,改善が必要,78
g_1481,coke_on,2023-11-06 10:39:39,改善して欲しい,改善して欲しい,78
g_1624,coke_on,2023-10-23 00:04:02,どうにか改善してほしいです,どうにか改善してほしい,78
g_1654,coke_on,2023-10-02 15:04:32,いつかこれらの機能が改善、追加されたら本当に嬉しいです,いつかこれらの機能が改善、追加されたら本当に嬉しい,78
g_1724,coke_on,2023-12-04 11:07:34,改善して下さい,改善して下さい,78
g_1866,coke_on,2023-12-17 20:24:20,改良望む,改良望む,78
g_1939,coke_on,2023-11-12 13:31:56,改善してください,改善してください,78
g_1970,coke_on,2023-10-14 06:57:19,要改善,要改善,78
g_1985,coke_on,2023-11-19 22:43:45,夜中探し回った立場からすると改善して欲しいところ,夜中探し回った立場からすると改善して欲しい,78
g_2029,coke_on,2023-12-08 11:10:07,改善を求めます,改善を求めます,78
g_2094,coke_on,2023-10-18 21:09:13,色々改善したほうがいいですよ,色々改善したほうがいい,78
g_2138,coke_on,2023-12-02 12:25:11,マジで改善してください,マジで改善してください,78
g_691,coke_on,2023-11-05 12:31:04,またお得にスタンプがゲット出来るイベントをどんどん実施して欲しい,お得にスタンプがゲット出来るイベントをどんどん実施して欲しい,79
g_700,coke_on,2023-10-20 14:28:37,20数カ月ぶりに接続を試みるも反応なし,接続を試みるも反応なし,81
g_702,coke_on,2023-10-26 19:57:13,アプリが何回も再起動を繰り返して、結局止まる,アプリが何回も再起動を繰り返して、結局止まる,82
g_859,coke_on,2023-12-17 12:13:08,アプリが何回も再起動を繰り返して、結局止まる,アプリが何回も再起動を繰り返して、結局止まる,82
g_1454,coke_on,2023-12-17 12:13:08,使えね〜追記一時は回復して使えるようになったのだが、また勝手にアプリが再起動を繰り返してアプリが止まる,アプリが再起動を繰り返してアプリが止まる,82
g_2158,coke_on,2023-12-13 07:41:41,結構な頻度で接続中にアプリが繰り返し停止してますになるのが嫌,接続中にアプリが繰り返し停止してますになる,82
g_703,coke_on,2023-10-24 07:32:53,コカ・コーラゼロが入っていない自販機が多いので不便だ,コカ・コーラゼロが入っていない自販機が多い,83
g_706,coke_on,2023-11-28 18:18:46,23年11/28一旦アプリ終了して位置情報とbluetoothを切って、またアプリを開いたらトップ画面ではなく自販機を探していますという状態になりトップ画面に行けないバグがあります,トップ画面に行けない,84
g_708,coke_on,2023-11-25 10:46:34,bluetoothや位置情報がオンになってないと、いちいち確認の画面が出て操作回数が増える,bluetoothや位置情報がオンになってないと、いちいち確認の画面が出て操作回数が増える,85
g_709,coke_on,2023-11-12 21:23:37,スキャン出来ない,スキャン出来ない,86
g_711,coke_on,2023-10-31 08:00:08,年配の方にもどんどん使用できるように、改善を進めて頂きたいです,年配の方にもどんどん使用できるように、改善を進めて頂きたい,88
g_715,coke_on,2023-10-01 23:07:14,2倍たから他のキャンペーンの分も2倍にしなきゃならないとか考えているのかな,他のキャンペーンの分も2倍にしなきゃならない,91
g_716,coke_on,2023-11-04 15:53:57,カメラのコード読取りが悪く手入力になる自販機の故障ばかり使える場所が無くなりましたコカ・コーラ自販機の故障が多いからコークオン対応だか黄色led消えてるし接続不可能メンテナンスしないですねコカ・コーラ自販機は故障が多いしコカ・コーラ商品を自動販売機で買うには割高ですし他社の自販機が普通に安いですから残念アプリです,カメラのコード読取りが悪く手入力になる自販機の故障ばかり使える場所が無くなりましたコカ・コーラ自販機の故障が多いからコークオン対応だか黄色led消えてるし接続不可能メンテナンスしない,92
g_718,coke_on,2023-11-02 08:50:43,自販機に現金が残ってるから不可とでる,自販機に現金が残ってるから不可とでる,93
g_719,coke_on,2023-11-26 08:18:37,通信エラーも地味に多い感じがします,通信エラー,94
g_721,coke_on,2023-10-28 05:59:28,綾鷹の桃鉄コラボはまだいい方で、とりあえず抽選履歴が、あるからいいがそれすらないのは確認のしようがないので、お決まりの情報の未確認なの,抽選履歴が、あるからいいがそれすらないのは確認のしようがないので、お決まりの情報の未確認,96
g_724,coke_on,2023-11-02 08:20:24,ウォーキングの歩数が反映されないことがしばしば,ウォーキングの歩数が反映されない,97
g_726,coke_on,2023-12-18 08:49:12,とにかく良く切断されます,良く切断されます,99
g_729,coke_on,2023-12-13 19:31:01,最近まともに購入出来ない,まともに購入出来ない,100
g_730,coke_on,2023-11-19 21:43:11,アプリは消したく無いので、早く正常にして欲しいです,早く正常にして欲しい,101
g_731,coke_on,2023-12-17 00:49:43,再起動したら、通常通りになりますが,再起動したら、通常通りになります,102
g_738,coke_on,2023-12-04 22:49:13,googlefitと連携してるのに、反映されなくなった,googlefitと連携してるのに、反映されなくなった,104
g_740,coke_on,2023-12-20 12:12:26,この前のアプデ以降5、6回購入するも一度もスタンプが貰えておらずストレスです,スタンプが貰えておらず,105
g_1043,coke_on,2023-11-22 20:50:16,特に建物内は何度もスタンプが貯まりませんでした,スタンプが貯まりません,105
g_1728,coke_on,2023-10-08 16:51:53,2週間チャレンジで、情報を取得できませんでしたの表示が出て、スタンプが貰えません,情報を取得できませんでしたの表示が出て、スタンプが貰えません,105
g_2080,coke_on,2023-11-02 08:20:24,そのせいでスタンプがもらえず,スタンプがもらえず,105
g_2116,coke_on,2023-10-05 22:01:34,スタンプか反映されない,スタンプか反映されない,105
g_2145,coke_on,2023-11-30 16:19:21,何度かスタンプがつかないことがあり問い合わせを必要とすることが多い,何度かスタンプがつかない,105
g_743,coke_on,2023-10-28 05:59:28,アプリに色々キャンペーンを詰め込んでいるせいなのか、応募抽選で当落を省いてポイントだけが減っていき、挙げ句情報を確認出来ませんでした、で終わることがなんども起きる,応募抽選で当落を省いてポイントだけが減っていき、挙げ句情報を確認出来ません,107
g_744,coke_on,2023-10-17 23:10:46,全然使えなくなった,全然使えなくなった,108
g_751,coke_on,2023-10-14 19:28:40,時間をかけてボトルキャップのコードを読み込み、コードを送るとエラー,ボトルキャップのコードを読み込み、コードを送るとエラー,112
g_752,coke_on,2023-10-20 21:40:18,なかなか接続されない後ろに並ばれて恥ずかしい,なかなか接続されない,113
g_755,coke_on,2023-11-18 14:55:39,自販機の値段が上がってしまったのですたんぷ15個交換から12個交換くらいに減らして欲しいです,自販機の値段が上がってしまったのですたんぷ15個交換から12個交換くらいに減らして欲しい,115
g_756,coke_on,2023-10-05 08:56:21,キャップスキャンの読み取りが以前に比べて認識しずらい,キャップスキャンの読み取りが以前に比べて認識しずらい,116
g_768,coke_on,2023-11-07 18:58:44,イベント通知がたまーに反応しなくなるのが機種変しても続くのがちょっとしたところかなと思います,イベント通知がたまーに反応しなくなる,120
g_770,coke_on,2023-11-05 12:31:04,今まで、歩くのもしんどいなと思っていた自分がスタンプ欲しさに歩いて達成した満足感があって楽しい♪健康の為にも歩く事は大事だし、楽しくスタンプを貯められるのもまた魅力のアプリだと思います,今まで、歩くのもしんどい,121
g_775,coke_on,2023-11-06 23:53:44,アプリでログインしようと、ステップ1で生年月日を設定、コカ・コーラアカウントでログインを押すとブラウザに勝手に移行,コカ・コーラアカウントでログインを押すとブラウザに勝手に移行,123
g_793,coke_on,2023-10-02 15:04:32,ポイントをためて好きなドリンクを購入できるなど利用者として嬉しいサービスもあり、嬉しいのですが、1キャンペーンに参加してアタリハズレをアプリ内のボタンを押しても正しく遷移せず、当選結果が分かりにくい,当選結果が分かりにくい,130
g_797,coke_on,2023-10-31 10:18:17,コークオンpayが利用できません以前は楽天ペイを使えたが今は無理アプリのメニューからコークオンpayを選んでも何も表示されない,コークオンpayが利用できません以前は楽天ペイを使えたが今は無理アプリのメニューからコークオンpayを選んでも何も表示されない,133
g_798,coke_on,2023-10-03 07:33:32,場所によっては使えないので★4つしました後は位置情報とbluetooth消し忘れて電池の消耗が早くなるのが欠点かな,位置情報とbluetooth消し忘れて電池の消耗が早くなる,134
g_800,coke_on,2023-11-08 20:59:36,複数本購入するとき、一本購入後、次の購入画面が出るまでに、スタンプ画面や、その時のキャンペーン画面がでたり、自販機に再接続画面がでたり、時間がかかり過ぎ,複数本購入するとき、一本購入後、次の購入画面が出るまでに、スタンプ画面や、その時のキャンペーン画面がでたり、自販機に再接続画面がでたり,135
g_805,coke_on,2023-10-02 07:39:34,リアルゴールドのコラボ期間でいつもイライラするのが2本連続で購入するとミッションに反映されない仕様,リアルゴールドのコラボ期間でいつもイライラするのが2本連続で購入するとミッションに反映されない,139
g_806,coke_on,2023-10-25 20:42:18,対応できるアプリを開発して下さい,対応できるアプリを開発して下さい,140
g_809,coke_on,2023-12-09 18:16:20,毎日3000步、週21000か20000ぐらいにしてくれたらな,週21000か20000ぐらいにしてくれたらな,141
g_635,coke_on,2023-11-12 10:26:11,チケットだけ消費されてしまい残念でした,チケットだけ消費されてしまい,142
g_776,coke_on,2023-12-06 05:39:19,スタンプが反映されなかったり、チケットを使って購入したら商品が出てこない事もあったりした,チケットを使って購入したら商品が出てこない,142
g_810,coke_on,2023-12-02 19:17:44,チケットで購入したら製品がでなく、チケットだけ失くなった,チケットで購入したら製品がでなく、チケットだけ失くなった,142
g_1478,coke_on,2023-12-14 19:21:49,多少商品が他より高くともチケットのポイント貯まるからここの商品選んでるのに、エラー起きて商品出てきてないのにチケットだけ消費されることがたまに起きる,エラー起きて商品出てきてないのにチケットだけ消費される,142
g_817,coke_on,2023-11-29 10:27:38,起動時に固まったり新着情報チェック,起動時に固まったり新着情報チェック,145
g_818,coke_on,2023-12-09 16:16:05,入れるだけ無駄にアプリ,入れるだけ無駄にアプリ,146
g_820,coke_on,2023-11-19 19:46:30,ポイントを貯めてジュースを買うことができるのはいいのですが、イベントなどでのの抽選が上手く行かないことエラー、不具合が多いです,イベントなどでのの抽選が上手く行かない,147
g_823,coke_on,2023-10-25 15:08:19,2本目無料の画面に移動するとスマホが連続的に振動して、画面操作できない,スマホが連続的に振動して、画面操作できない,148
g_828,coke_on,2023-12-13 10:29:19,がスマホとの接続が遅いので少しイライラします,スマホとの接続が遅い,150
g_830,coke_on,2023-10-05 22:01:34,連続で購入すると2本目以降のスタンプが取得できない,連続で購入すると2本目以降のスタンプが取得できない,151
g_1243,coke_on,2023-10-30 17:55:17,続けて購入しようとしても、何かに応募するの画面が1回1回現れて、続けての2回目の購入にポイントが付かない事が多く、イライラする,続けての2回目の購入にポイントが付かない,151
g_1323,coke_on,2023-12-13 17:32:10,1本購入したらスタンプ貰えるけど、2本目続けて買う時また接続スイッチ入れると知らず、2本目のスタンプ貰えなかった,2本目続けて買う時また接続スイッチ入れると知らず、2本目のスタンプ貰えなかった,151
g_1974,coke_on,2023-11-23 16:12:22,間違って接続しないようにか、かなり近くないと反応しないレスポンスが悪い2本続けて買うと2本目のスタンプが貰えないことがあったりなどいいとこはありません,間違って接続しないようにか、かなり近くないと反応しないレスポンスが悪い2本続けて買うと2本目のスタンプが貰えない,151
g_832,coke_on,2023-10-01 16:36:55,買っただけでポイント還元なのはありがたいけど初期と比べ特典が少なくなった,特典が少なくなった,152
g_518,coke_on,2023-11-19 09:28:57,使いやすくて満足なんですが、たまになかなか接続できない自販機がある,接続できない自販機がある,154
g_543,coke_on,2023-12-06 05:39:19,販売機にキャンペーンの商品が入っていないので、購入したいのに出来ない,販売機にキャンペーンの商品が入っていない,154
g_586,coke_on,2023-12-09 19:00:03,ここ数日、自販機とスマホの繋がりが悪くなりました,自販機とスマホの繋がりが悪くなりました,154
g_618,coke_on,2023-11-01 17:22:35,ときどきなぜか自販機に接続できないときもありますが便利なアプリです,自販機に接続できない,154
g_662,coke_on,2023-11-03 12:34:19,更新したら、接続されるが自動販売機の製品が表示されなくて購入出来なくなったすぐ、ご対応お願いします,自動販売機の製品が表示されなくて購入出来なくなった,154
g_671,coke_on,2023-10-29 19:44:27,自販機買う事は少ないのですが、これからは気にして行きますね,自販機買う事は少ない,154
g_697,coke_on,2023-10-02 16:18:16,最近、自販機接続時の読込みが遅くなった,自販機接続時の読込みが遅くなった,154
g_720,coke_on,2023-12-05 08:10:51,最近自販機と連動できなくて損した気分,自販機と連動できなくて,154
g_741,coke_on,2023-12-02 16:11:04,表示されている場所に行っても、自販機自体が存在しなかったり、休業中の役所内だったり、自宅近くの自販機を探したところ、そんなことが3回連続で続いたため、心が折れました,表示されている場所に行っても、自販機自体が存在しなかったり,154
g_749,coke_on,2023-12-19 01:41:40,よくpaypayを使って飲み物を買っているのですが、自販機の接続を切るを選択しても全然反応が無い,自販機の接続を切るを選択しても全然反応が無い,154
g_787,coke_on,2023-11-24 07:50:17,購入ボタンを押すと同時に自動販売機との接続がリセットされてポイントが貰えない事が1日に複数回ある、アプリではなく販売機の不具合かもしれないが大変不満である,自動販売機との接続がリセットされてポイントが貰えない,154
g_796,coke_on,2023-12-01 21:51:15,自販機にもまったく反応してくれないし、もらったクーポンも使えない,自販機にもまったく反応してくれない,154
g_833,coke_on,2023-10-25 14:32:23,他の自販機を使わなくなりました,他の自販機を使わなくなりました,154
g_834,coke_on,2023-12-17 00:49:43,大分改善されましたが、対応の自販機にタッチしても反応しないこともたまにあります,自販機にタッチしても反応しない,154
g_847,coke_on,2023-10-13 12:39:17,自販機と繋がらない又は、もの凄く時間がかかる,自販機と繋がらない,154
g_852,coke_on,2023-10-17 22:27:04,2週間チャレンジも参加できないので自販機使わなくなった笑,自販機使わなくなった,154
g_872,coke_on,2023-12-16 10:20:48,すぐ自販機との接続が切れて購入出来ない,自販機との接続が切れて購入出来ない,154
g_1002,coke_on,2023-10-22 11:28:30,最低です何回やっても自販機と繋がらない,自販機と繋がらない,154
g_1005,coke_on,2023-10-13 17:51:42,会社の自動販売機が全く繋がらない,会社の自動販売機が全く繋がらない,154
g_1014,coke_on,2023-10-04 12:37:35,自販機と繋がらない時がある,自販機と繋がらない,154
g_1061,coke_on,2023-10-13 08:57:45,最近自販機に接続出来ないので、icカードでしか購入してない,自販機に接続出来ない,154
g_1083,coke_on,2023-10-31 15:21:39,2週間に一回インストールし直さないと自販機に接続できない仕様になってしまって不便さを感じます,自販機に接続できない,154
g_1196,coke_on,2023-10-23 09:09:20,自販機との通信が繋がりにくく不便,自販機との通信が繋がりにくく,154
g_1207,coke_on,2023-11-29 13:31:04,自販機にかざしても反応しないことも多く困ってます,自販機にかざしても反応しない,154
g_1235,coke_on,2023-12-12 13:14:47,どこの自販機に近づけても全く読み込まない,どこの自販機に近づけても全く読み込まない,154
g_1242,coke_on,2023-10-19 01:01:31,ただ、自販機との接続が出来ないことがよくあるのでそれが難点です,自販機との接続が出来ない,154
g_1259,coke_on,2023-12-08 15:29:06,自販機との接続が出来ない時がある,自販機との接続が出来ない,154
g_1326,coke_on,2023-10-30 17:55:17,自動販売機と接続が切れる事が良く有る,自動販売機と接続が切れる,154
g_1338,coke_on,2023-12-02 16:11:04,自販機検索が全く当てにならない,自販機検索が全く当てにならない,154
g_1364,coke_on,2023-10-29 17:38:03,ただ、電波が入りづらい場所だと自販機に接続出来ないのでそこが不便,電波が入りづらい場所だと自販機に接続出来ない,154
g_1376,coke_on,2023-11-21 17:20:03,自販機と繋がりにくい時が、多くなってきたように感じる,自販機と繋がりにくい,154
g_1455,coke_on,2023-10-01 14:15:17,自販機に反応しにくいのが難点,自販機に反応しにくい,154
g_1468,coke_on,2023-12-14 17:30:34,ユーザーをバカにし買えば買うほど損をするアプリです・自販機検索があてにならずなぜか内容に関わらず必須項目の都道府県を記入したにも関わらず、詳しい場所を教えてくれと自分たちで調べずさらなる個人情報を要求ドリチケを使いきり次第アンストします,自販機検索があてにならず,154
g_1502,coke_on,2023-10-19 13:27:36,たまに自販機に並んでる商品がスマホの一覧に出てこなくて買えなかったりします,自販機に並んでる商品がスマホの一覧に出てこなくて買えなかったりします,154
g_1522,coke_on,2023-10-02 12:41:52,いつも買ってた自販機も繋がり悪くなった,自販機も繋がり悪くなった,154
g_1529,coke_on,2023-12-11 22:09:02,2回に1会は自販機と接続できない,自販機と接続できない,154
g_1543,coke_on,2023-11-26 18:08:31,自販機と全然つながらない,自販機と全然つながらない,154
g_1544,coke_on,2023-12-13 21:46:56,たまに繋がりにくい自販機があるので星4つにしました,繋がりにくい自販機がある,154
g_1594,coke_on,2023-12-06 12:54:40,11月に入ってから自販機に接続してから商品が選べなくなり買えなくなった,自販機に接続してから商品が選べなくなり買えなくなった,154
g_1608,coke_on,2023-10-11 09:55:49,時々、自動販売機に繋がらないときがある,自動販売機に繋がらない,154
g_1612,coke_on,2023-12-03 03:53:22,何日も何度やっても自販機に繋がらない,自販機に繋がらない,154
g_1640,coke_on,2023-12-20 17:14:38,自販機の電波状態が悪いのか、それともスマホが勝手に切ってしまうのか分からないがかなり不便に感じる,自販機の電波状態が悪い,154
g_1665,coke_on,2023-10-31 17:23:32,自販機と上手くつながらないことがあるので-,自販機と上手くつながらない,154
g_1726,coke_on,2023-10-09 11:46:53,たまに自販機と繋がりにくいけど以前よりも改善されてきたと思う,自販機と繋がりにくい,154
g_1727,coke_on,2023-12-18 12:25:51,自販機との繋がりが遅いので改善の方、よろしくお願いします,自販機との繋がりが遅い,154
g_1751,coke_on,2023-12-08 10:07:48,購入後に自販機との接続を切れない,自販機との接続を切れない,154
g_1790,coke_on,2023-12-02 20:18:24,それは自販機検索の結果に行っても自販機が無いことしばしば、周りを探し回ること大、見つからない時もある,自販機検索の結果に行っても自販機が無い,154
g_1797,coke_on,2023-10-13 14:27:49,自販機に繋がらないって問題は、解消しました,自販機に繋がらない,154
g_1846,coke_on,2023-11-30 16:19:21,またキャンペーン対象の自販機が分かりにくい,キャンペーン対象の自販機が分かりにくい,154
g_1872,coke_on,2023-11-27 18:47:43,自販機マップデータはどうやって得ているのか些か不明で、全く見付からない自販機もある,全く見付からない自販機もある,154
g_1903,coke_on,2023-10-26 16:54:19,自販機によって感知しにくいのが有る、,自販機によって感知しにくい,154
g_1964,coke_on,2023-10-07 10:53:53,全然自販機と通信出来無いやる気ありますか,全然自販機と通信出来無い,154
g_1981,coke_on,2023-10-19 13:27:36,自販機と繋がりにくい事が多々ありますが、bluetoothを1度切って入れ直すと繋がります,自販機と繋がりにくい,154
g_1998,coke_on,2023-10-20 18:59:55,新機種に変えたら自販機と繋がっても商品一覧が出てこず、購入できなくなりました,自販機と繋がっても商品一覧が出てこず,154
g_1999,coke_on,2023-11-08 21:14:55,しかし、たまに自販機とスマホが繋がりづらくなることがあるので改善お願いします,自販機とスマホが繋がりづらくなる,154
g_2028,coke_on,2023-11-11 16:00:04,ポイントがお得で決済も手軽なので重宝しているだが自販機との通信が遅く後の人を待たせるため諦めたり通信の反応がないため決済に移れず利用を諦めることが多々あるスマホ側の問題か自販機側の問題かbluetoothの規格上の問題かわからないが改善して欲しい,自販機との通信が遅く,154
g_2067,coke_on,2023-10-18 21:09:13,自動販売機にも不具合、故障あるとか使えませんね,自動販売機にも不具合、故障あるとか使えません,154
g_2095,coke_on,2023-11-16 20:12:57,自動販売機とか使えないところがあったり,自動販売機とか使えない,154
g_2101,coke_on,2023-11-29 08:22:35,でもたまに自販機との通信ができなくなり商品を購入することができません,自販機との通信ができなくなり商品を購入することができません,154
g_2106,coke_on,2023-10-30 17:55:17,先週も今週も10時頃は、自動販売機と繋がらない,自動販売機と繋がらない,154
g_2142,coke_on,2023-10-02 12:41:52,最近、どの自販機も繋がり悪い,どの自販機も繋がり悪い,154
g_2143,coke_on,2023-11-24 20:39:40,自販機に接続して購入したのにスタンプが反映されない事がある,自販機に接続して購入したのにスタンプが反映されない,154
g_2162,coke_on,2023-12-17 17:23:18,自販機によっては接続出来ない,自販機によっては接続出来ない,154
g_2194,coke_on,2023-11-30 08:20:19,ただ、通信状況で自販機と通信せずポイントが付かないことがあります,通信状況で自販機と通信せずポイントが付かない,154
g_2209,coke_on,2023-10-23 14:03:19,bluetoothで接続してるようだが、自販機が見つからないのか、通信がうまくいかないのか、全く反応しない時が多いな,自販機が見つからない,154
g_2232,coke_on,2023-11-10 18:20:09,自販機と接続出来ずに毎回諦めてます,自販機と接続出来ず,154
g_2294,coke_on,2023-10-10 07:24:20,たまに自販機に中々反応せず利用出来ない時や未だにcokeon機能ない自販機が近所に多く、またコカ・コーラが置かれてない自販機もあり少し残念です,自販機に中々反応せず利用出来ない,154
g_2298,coke_on,2023-12-08 17:20:21,更新してから自販機に接続出来なくなりました,自販機に接続出来なくなりました,154
g_2414,coke_on,2023-12-02 14:52:36,1年ほど使用したが自販機とアプリが全く繋がらない、接続を待つ時間が惜しいので、スタンプをほとんど諦めている,自販機とアプリが全く繋がらない,154
g_835,coke_on,2023-10-01 14:15:17,自販機とアプリが繋がるのに数十秒掛かることもあり、ややストレス,自販機とアプリが繋がるのに数十秒掛かる,155
g_836,coke_on,2023-11-02 19:18:56,稀にだが、自販機によっては無料チケットだけエラーになり、使えないものもあるのが残念なところだ,自販機によっては無料チケットだけエラーになり、使えないものもある,156
g_841,coke_on,2023-10-24 16:45:44,バーコードのスキャンも出来ない,バーコードのスキャンも出来ない,159
g_843,coke_on,2023-12-13 09:59:50,販売機と接続した後がとても長く、酷い時は接続が切れる,販売機と接続した後がとても長く、酷い時は接続が切れる,161
g_848,coke_on,2023-10-17 08:25:07,・自販機によってpaypay使えない・自販機のドリンク全部cokeonできるようにするべきでは,自販機によってpaypay使えない・自販機のドリンク全部cokeonできるようにするべき,163
g_854,coke_on,2023-11-09 15:19:20,接続出来なくなると、入れ代わり立ち代わり何人がトライしても駄目,接続出来なくなると、入れ代わり立ち代わり何人がトライしても駄目,166
g_855,coke_on,2023-11-23 22:12:25,以前はコークパスを利用してましたが、身近にあった自動販売機が撤去されたので、現在はコークパスは使っていません,身近にあった自動販売機が撤去されたので、現在はコークパスは使っていません,167
g_856,coke_on,2023-11-21 22:53:12,回数券でもスタンプつかない,回数券でもスタンプつかない,168
g_860,coke_on,2023-11-19 10:03:49,最近、カメラスキャンでよくエラーがでている,カメラスキャンでよくエラー,171
g_585,coke_on,2023-11-15 21:42:21,もう数ヵ月、自販機には接続できるが、製品一覧が出てこないので、購入できないことが続いている,製品一覧が出てこない,172
g_714,coke_on,2023-10-13 06:26:27,2023/10/12のメンテナンス後、一度も購入できません,購入できません,172
g_863,coke_on,2023-12-07 19:01:47,自販機と接続しても、商品情報が表示されないので購入できません,商品情報が表示されない,172
g_1159,coke_on,2023-10-17 22:27:04,最近、製品情報が取得されず使えない,製品情報が取得されず使えない,172
g_1206,coke_on,2023-11-24 20:10:40,自販機とスマホ接続しますが購入画面が出ません,購入画面が出ません,172
g_1755,coke_on,2023-12-17 07:50:35,商品情報が表示されないので選択できず購入できない,商品情報が表示されない,172
g_1831,coke_on,2023-12-17 17:23:18,接続できても商品一覧が出ない,商品一覧が出ない,172
g_1915,coke_on,2023-12-14 17:46:33,製品情報が出てこないある日突然使えなくなったポイントたまってるのに,製品情報が出てこない,172
g_1955,coke_on,2023-11-08 17:16:41,商品情報が来ない仕方ないので交通系icカード買うダブルポイント付かない困った,商品情報が来ない,172
g_2033,coke_on,2023-12-07 07:35:29,3分経っても商品情報表示されず,商品情報表示されず,172
g_864,coke_on,2023-11-23 12:58:02,バーコードやキャップ裏スキャンは1発で読み込んでもらえず、大抵情報を読み込めませんでした的な文章が出てくる,バーコードやキャップ裏スキャンは1発で読み込んでもらえず、大抵情報を読み込めませんでした的な文章が出てくる,173
g_875,coke_on,2023-11-04 23:01:59,時々、アプリの反応が遅いときがあり、急いでいるとき困るときがあります,アプリの反応が遅い,178
g_882,coke_on,2023-11-11 22:26:56,みんなにも使って欲しい,みんなにも使って欲しい,180
g_883,coke_on,2023-12-17 12:56:42,接続出来ない機械が多すぎ,接続出来ない機械が多すぎ,181
g_643,coke_on,2023-11-14 18:12:58,抽選とかも参加できません,抽選とかも参加できません,183
g_888,coke_on,2023-11-19 22:43:45,・抽選画面に移らず、情報が取得出来ませんでしたの画面になりポイントだけ消費されている,抽選画面に移らず、情報が取得出来ません,183
g_1550,coke_on,2023-11-23 08:06:04,★5から★4にダウンロード人数が多くなり、サービスやキャンペーンが増えたのはいい事なのだが抽選に当たらなくなったのは悲しい,抽選に当たらなくなった,183
g_1969,coke_on,2023-12-19 01:41:40,抽選も歩数計も見られないのですが何とかならないてすかね,抽選も歩数計も見られない,183
g_2137,coke_on,2023-10-29 02:11:59,毎回エラーになって抽選結果が表示出来ない,抽選結果が表示出来ない,183
g_891,coke_on,2023-10-03 00:18:44,近くにないと全然使わなくなる,近くにないと全然使わなくなる,184
g_895,coke_on,2023-11-06 23:53:44,アプリに戻ってログインしようとすると同じことの繰り返しになる,アプリに戻ってログインしようとすると同じことの繰り返しになる,185
g_900,coke_on,2023-11-17 08:35:04,サッと買えないので使いにくい,サッと買えないので使いにくい,188
g_2026,coke_on,2023-11-21 22:00:25,さっと買えないから使い勝手が悪い,買えないから使い勝手が悪い,188
g_904,coke_on,2023-11-06 10:52:30,bluetoothの不具合のように表示される,bluetoothの不具合のように表示される,190
g_906,coke_on,2023-11-11 19:36:13,たかだかスタンプ一つのためにデータを垂れ流す仕様はどうか,たかだかスタンプ一つのためにデータを垂れ流す仕様はどうか,191
g_907,coke_on,2023-10-24 15:11:15,キャプ裏コード読み取りもエラーばかり,キャプ裏コード読み取りもエラーばかり,192
g_908,coke_on,2023-10-22 09:01:15,商品の表示が小さくて、類似した商品があると判別しづらいので、画面に4商品ぐらいでスクロールにしてもらいたいです,商品の表示が小さくて、類似した商品があると判別しづらいので、画面に4商品ぐらいでスクロールにしてもらいたい,193
g_920,coke_on,2023-10-21 20:22:00,15個集まってチケットをゲットしたらスタンプカードが消えてしまったのは残念,スタンプカードが消えてしまった,198
g_929,coke_on,2023-12-16 21:41:21,自販機に近づけるだけで接続できます大嘘目と鼻の先にある自販機に対してもっと近付いて下さいとか抜かすのが日常茶飯事、酷い時には反応すらしない,自販機に近づけるだけで接続できます大嘘目と鼻の先にある自販機に対してもっと近付いて下さいとか抜かすのが日常茶飯事、酷い時には反応すらしない,200
g_931,coke_on,2023-10-13 06:26:27,ちなみに、5台接続を試して通常は問題ない全てが繋がらない時間帯すら発生しました,問題ない全てが繋がらない時間帯すら発生しました,201
g_934,coke_on,2023-10-10 12:13:20,銀行口座の登録できる種類が少なすぎてキャンペーンにも参加できないし、コークオンウォレットも使えない,銀行口座の登録できる種類が少なすぎてキャンペーンにも参加できないし、コークオンウォレットも使えない,202
g_935,coke_on,2023-10-06 05:36:44,最近登録してあるicカートで購入しても、スタンプが付かない事が頻繁にあるなんとかならんか,登録してあるicカートで購入しても、スタンプが付かない,203
g_936,coke_on,2023-11-03 12:38:58,ただでさえ小銭で買うよりも時間かかるのにより遅いw遅いだけならまだ良いが延々と繋がらない時もある,延々と繋がらない,204
g_942,coke_on,2023-11-15 21:32:57,ちいかわのバーコードを読み取っても、エラーになってしまい抽選もできません,ちいかわのバーコードを読み取っても、エラーになってしまい抽選もできません,206
g_943,coke_on,2023-12-15 21:03:14,自販機のボタンで商品を選んで支払いが出来たらもっと良い,自販機のボタンで商品を選んで支払いが出来たらもっと良い,207
g_1210,coke_on,2023-10-15 00:13:06,あと、自販機と接続して商品を読み込む時間で他の人を待たせてしまうので、bluetooth接続できたら自販機のボタンを押しても買えるようにしてほしいです,bluetooth接続できたら自販機のボタンを押しても買えるようにしてほしい,207
g_948,coke_on,2023-12-18 08:07:58,手間ばかりとられて、楽しみがない,手間ばかりとられて、楽しみがない,209
g_950,coke_on,2023-12-09 16:16:05,チケットはプレゼントだけで、自分で使えたのは一回だけ,チケットはプレゼントだけで、自分で使えたのは一回だけ,210
g_951,coke_on,2023-10-24 10:12:43,令和4年の五百円玉使えない,令和4年の五百円玉使えない,211
g_957,coke_on,2023-12-19 10:09:26,同じコカ・コーラの自販機でもコークオンに非対応の自販機もあるし、同じコカ・コーラなら全てコークオン対応の自販機にしてほしい,同じコカ・コーラの自販機でもコークオンに非対応の自販機もあるし、同じコカ・コーラなら全てコークオン対応の自販機にしてほしい,213
g_963,coke_on,2023-11-02 16:48:13,また、時間がかかってペアリングができるのはまだいいほうで、待てど暮らせどペアリングできない場合もありとても不愉快,待てど暮らせどペアリングできない場合もあり,214
g_964,coke_on,2023-12-06 12:54:40,今月も何回か買おうとしたがダメでした,今月も何回か買おうとしたがダメでした,215
g_965,coke_on,2023-11-14 12:33:59,11月半ばあたりから接続失敗するケースが多発して使い物にならなくなった,接続失敗するケースが多発して使い物にならなくなった,216
g_966,coke_on,2023-10-08 16:51:53,連続記録が途絶えました,連続記録が途絶えました,217
g_967,coke_on,2023-10-13 17:21:28,歩数連携の対象アプリにヘルスコネクトbyandroidを追加してもらえないでしょうか,歩数連携の対象アプリにヘルスコネクトbyandroidを追加してもらえないでしょうか,218
g_603,coke_on,2023-10-28 23:17:49,自分の携帯が悪いのか接続が切れることがしばしば・・・それ以外は便利で使いやすいと思います,接続が切れる,221
g_656,coke_on,2023-11-30 20:13:40,時間がかかるのと、自販機にピッタリくっつけないと、直ぐに、接続が切れてしまいます,接続が切れてしまいます,221
g_972,coke_on,2023-12-03 03:53:22,っていう表示のところにスマホをくっつけても、何回も接続が切れましたもう少し近づいてくださいとひたすら繰り返すのみ,接続が切れました,221
g_1659,coke_on,2023-10-02 08:28:32,接続が途切れやい,接続が途切れやい,221
g_2222,coke_on,2023-11-02 20:48:05,接続もすぐに切れてしまう,接続もすぐに切れてしまう,221
g_975,coke_on,2023-10-29 12:39:23,出てこない状態が随分前から続いている,出てこない状態が随分前から続いている,223
g_981,coke_on,2023-11-10 23:56:35,bluetoothや位置情報の許可通知が邪魔,bluetoothや位置情報の許可通知が邪魔,226
g_986,coke_on,2023-10-26 12:40:53,ブルートゥースの反応が悪い、自販機側の,ブルートゥースの反応が悪い,228
g_988,coke_on,2023-11-04 10:23:36,スマホの画面に商品と値段が表示されるのなら値段を若干下げる事も可能ですね、表示に数mb食われるので10円でも下げて,値段を若干下げる事も可能ですね、表示に数mb食われるので10円でも下げて,229
g_990,coke_on,2023-12-07 08:05:29,ペコペコのペットボトルは小さな子供には少し飲みにくいのです,ペコペコのペットボトルは小さな子供には少し飲みにくい,230
g_991,coke_on,2023-11-30 12:46:20,bluetooth設定、位置情報サービスをオンにしていても自販機に繋がらず、せっかくポイントをためて無料チケットをゲットしても使えません,bluetooth設定、位置情報サービスをオンにしていても自販機に繋がらず,231
g_992,coke_on,2023-10-23 14:03:19,設定変更で、自動接続せずに接続ボタンを押せるようにならんか,自動接続せずに接続ボタンを押せるようにならんか,232
g_994,coke_on,2023-12-07 19:01:47,直す方法が知りたいです,直す方法が知りたい,233
g_995,coke_on,2023-12-09 12:12:01,デザインが変わって使いにくくなった,デザインが変わって使いにくくなった,234
g_996,coke_on,2023-11-21 12:27:48,つい急いでるときに使った際、チケットを使いたかったのに通常の支払いになってしまいました,チケットを使いたかったのに通常の支払いになってしまいました,235
g_998,coke_on,2023-12-14 17:07:41,自宅近くの市役所cokeon対応していないのでポイントが貯まんない,自宅近くの市役所cokeon対応していないのでポイントが貯まんない,236
g_1000,coke_on,2023-12-08 10:07:48,接続を切りますか,接続を切りますか,237
g_1001,coke_on,2023-11-15 18:41:01,たまに購入中に接続が切れてしまい残念な時もありますが、楽しんで利用しています,購入中に接続が切れてしまい,238
g_1099,coke_on,2023-10-05 08:56:21,購入1本ごとに接続が切れるのは是正してほしい,購入1本ごとに接続が切れる,238
g_1008,coke_on,2023-10-22 11:52:23,google連携とかをいれてくれないと不便,google連携とかをいれてくれないと不便,242
g_1010,coke_on,2023-10-31 12:52:49,携帯電話の機種によってコークオンの反応速度が遅い場合がありそうですね,携帯電話の機種によってコークオンの反応速度が遅い,243
g_1021,coke_on,2023-11-02 08:20:24,明らかに歩数クリアしている時に限ってそうなる,歩数クリアしている時に限ってそうなる,245
g_1022,coke_on,2023-10-17 19:19:16,携帯電話故障する前に5つの無料チケットありましたが無くなって最初からになってます,携帯電話故障する前に5つの無料チケットありましたが無くなって最初からになってます,246
g_1024,coke_on,2023-12-10 09:23:28,ただ、かなり近づかないとすぐ切断されるからスタンプを押され無いことがある,かなり近づかないとすぐ切断されるからスタンプを押され無い,247
g_1026,coke_on,2023-10-11 20:11:21,万歩計がわりにもなってます,万歩計がわりにもなってます,248
g_1030,coke_on,2023-10-14 10:16:06,何回かに一回選択画面に行かないことがあります,選択画面に行かない,249
g_1032,coke_on,2023-11-26 08:18:37,アプリで製品選択するのは判りにくいから、商品選ぶのは自販機側で、支払いだけタッチ決済みたいに出来ると良いんですけどね,アプリで製品選択するのは判りにくいから、商品選ぶのは自販機側で、支払いだけタッチ決済みたいに出来ると良い,250
g_1033,coke_on,2023-11-08 02:58:02,追記→バーコードスキャンもエラーで出来ない状況です,追記→バーコードスキャンもエラーで出来ない,251
g_1040,coke_on,2023-10-20 05:47:30,距離が表示されると有難いです,距離が表示されると有難い,253
g_1046,coke_on,2023-10-27 09:28:08,自販機の前で数十秒間かざしても、全くつながらない事が殆どで、結局カードやプリペイドカードで購入してる,自販機の前で数十秒間かざしても、全くつながらない,256
g_1047,coke_on,2023-12-07 07:57:30,自販機で買った後にアプリ内を観ようとした時に、必要の無い通信画面が度々表示されて不快なので−1の星4つ,自販機で買った後にアプリ内を観ようとした時に、必要の無い通信画面が度々表示されて,257
g_1048,coke_on,2023-10-22 11:52:23,データベース引き継ぎがidとパスワードだけじゃ,データベース引き継ぎがidとパスワードだけ,258
g_1050,coke_on,2023-11-30 12:05:56,アレっと思ってアプリを開くとまたアップデートしてくださいの表示が出ます,アプリを開くとまたアップデートしてくださいの表示が出ます,259
g_1051,coke_on,2023-12-07 17:38:05,他の普段使いのアプリならgoogleアカウントやlineアカウントなどに紐づいていて面倒な事前作業がなく機種移行が出来るのにこのアプリだけはそういう補助がないのが際立つ,googleアカウントやlineアカウントなどに紐づいていて面倒な事前作業がなく機種移行が出来るのにこのアプリだけはそういう補助がない,260
g_1058,coke_on,2023-11-19 09:53:32,認証番号入力し、2番目のコードの入力でつまづきます,認証番号入力し、2番目のコードの入力でつまづきます,262
g_1062,coke_on,2023-10-06 17:11:38,スマホとの接続ができないことが多く使えない,スマホとの接続ができない,265
g_1063,coke_on,2023-12-16 22:06:18,チャットで問い合わせても対応してくれない,チャットで問い合わせても対応してくれない,266
g_1065,coke_on,2023-11-08 16:05:40,また、特別なスタンプなども購入の動機となり得るのでお店や地域、商品等のコラボではどんどん新しいスタンプが出たら嬉しいです特によく旅行するので地域のスタンプは常設してほしい,お店や地域、商品等のコラボではどんどん新しいスタンプが出たら嬉しい,267
g_858,coke_on,2023-12-02 14:12:19,スマホとの接続に時間がかかりすぎる,スマホとの接続に時間がかかりすぎる,269
g_1070,coke_on,2023-10-30 08:08:00,基本的に問題ないが、接続に時間がかかる,接続に時間がかかる,269
g_1215,coke_on,2023-10-16 14:45:22,問い合わせも時間が掛かるし数年分のデータが消えてしまった,問い合わせも時間が掛かる,269
g_1555,coke_on,2023-10-04 19:22:51,立ち上げと接続に時間がかかるので、もう少し早く決済出来るように改善してください,立ち上げと接続に時間がかかる,269
g_1805,coke_on,2023-11-12 14:33:57,起動や接続に時間が掛かるのが解消されると嬉しい,起動や接続に時間が掛かる,269
g_1810,coke_on,2023-11-14 07:37:24,最初は接続に時間がかかり過ぎて使いにくかったが、ここ二週間ほど前からよくつながるようになったつながりさえすれば楽しい,接続に時間がかかり過ぎ,269
g_1852,coke_on,2023-11-21 22:00:25,接続するのに時間がかかります,接続するのに時間がかかります,269
g_1888,coke_on,2023-10-21 12:41:41,ただちょっと時間がかかる,ただちょっと時間がかかる,269
g_1948,coke_on,2023-11-19 12:20:09,接続に時間がかかりすぎるので周りに人がいるときは使いづらい,接続に時間がかかりすぎる,269
g_2114,coke_on,2023-11-05 10:50:33,接続に少し時間がかかりますが、まあ我慢できる範囲ないです,接続に少し時間がかかります,269
g_2186,coke_on,2023-12-01 19:03:13,自販機がキャッシュレスで使えるのはいいが、接続に時間がかかりすぎて実用的でない,接続に時間がかかりすぎ,269
g_2300,coke_on,2023-11-15 18:42:12,接続についてかなり時間が、かかるときがあるためつながったと思い、でも再度接続になるため,接続についてかなり時間が、かかる,269
g_2302,coke_on,2023-10-27 15:37:04,ペアリングエラー多すぎ通信に時間かかりすぎ,ペアリングエラー多すぎ通信に時間かかりすぎ,269
g_2353,coke_on,2023-10-01 23:07:14,スタンプが貯まると1本無料なのはプラスで接続に時間がかかるのと時々支払いの処理をミスするのはマイナス、返金されるからいいと言うものではない,接続に時間がかかる,269
g_2378,coke_on,2023-10-31 01:29:59,繋がりに時間がかかる,繋がりに時間がかかる,269
g_1072,coke_on,2023-10-12 23:25:08,利用開始して数ヶ月経つけど、相変わらずweeklywalkの感度が悪い,weeklywalkの感度が悪い,271
g_1076,coke_on,2023-10-26 20:55:21,複数本買おうとしたら途中でキャンペーンの告知が挟まり強制的に接続が切られててポイントもらえませんでした,強制的に接続が切られててポイントもらえません,272
g_1079,coke_on,2023-10-21 20:22:00,一番活用してる機能でこれが無かったら★3かも,一番活用してる機能でこれが無かったら,274
g_1085,coke_on,2023-12-07 13:25:36,遅すぎるいちいち自販機のメニューを引っ張ってきているので、すぐに購入出来ない普通にqrで購入するほうがマシ,遅すぎるいちいち自販機のメニューを引っ張ってきているので、すぐに購入出来ない普通にqrで購入するほうがマシ,277
g_1090,coke_on,2023-10-24 10:21:29,接続が遅い、何回かスルーされる,接続が遅い、何回かスルーされる,279
g_876,coke_on,2023-11-14 16:58:08,対応自販機がもっと増えるといいなと思います,対応自販機がもっと増えるといい,280
g_947,coke_on,2023-11-29 14:47:38,自販機の種類ももう少し増やして頂けたら嬉しいです,自販機の種類ももう少し増やして頂けたら嬉しい,280
g_1092,coke_on,2023-10-06 17:54:55,対象自販機をもう少し増やしてほしいなと思いました,対象自販機をもう少し増やしてほしい,280
g_1427,coke_on,2023-10-23 07:42:14,もっと使える自動販売機を増やして下さい,もっと使える自動販売機を増やして下さい,280
g_2330,coke_on,2023-11-07 03:18:07,個人的には一回で複数本買うこともあるので、購入画面で複数本買えるようにしてもらえると嬉しいです,購入画面で複数本買えるようにしてもらえると嬉しい,280
g_1095,coke_on,2023-10-29 14:15:25,簡単な応募で凄すぎる景品が当たればと思ってます,簡単な応募で凄すぎる景品が当たれば,282
g_1097,coke_on,2023-10-26 10:48:02,以前は楽天モバイルつながらなくて動作不安定でしたが、最強プランになってから安定して使えるしポイントキャンペーンも多くて使いやすいです,楽天モバイルつながらなくて動作不安定,283
g_1098,coke_on,2023-10-15 12:51:08,また、売られてる自販機でも、フラットホワイトしか無いので、選択肢が無い,フラットホワイトしか無い,284
g_1100,coke_on,2023-12-19 15:17:52,急に最近、不正な設定が検出されたため,不正な設定が検出された,286
g_1102,coke_on,2023-10-11 22:53:02,会社の販売機がb1階にあるが電波が入りにくいので携帯で買えない,電波が入りにくい,288
g_1104,coke_on,2023-10-25 15:08:19,せっかく1本目買ったのに2本目が貰えない,2本目が貰えない,289
g_1106,coke_on,2023-10-07 21:12:54,手打ちも入力出来ひんけれど、何なん,手打ちも入力出来ひん,291
g_1107,coke_on,2023-11-01 13:25:12,友達紹介ダウンロードして、買ったらしいが5ポイントたまらなかった,友達紹介ダウンロードして、買ったらしいが5ポイントたまらなかった,292
g_1109,coke_on,2023-12-04 11:07:34,電波が弱くエラーが多く、使い辛い,電波が弱くエラーが多く,293
g_1110,coke_on,2023-10-12 20:15:17,期限が来るとリセットされるので要注意です,期限が来るとリセットされる,294
g_1111,coke_on,2023-10-23 18:46:32,ウォレット機能は自分のメインバンクが対応してないので使えない,ウォレット機能は自分のメインバンクが対応してないので使えない,295
g_1117,coke_on,2023-11-27 11:46:06,ちゃんと表示されない場合の対策を試しましたが改善しません,ちゃんと表示されない,298
g_1118,coke_on,2023-11-14 14:13:35,ここ最近バーコード読み取りキャンペーンでは抽選画面でフリーズして当落をスキップされてしまう,抽選画面でフリーズして当落をスキップされてしまう,299
g_1124,coke_on,2023-11-28 18:18:46,スマホ自体を再起動すればトップ画面に行けましたが、毎回こうだと煩わしいので改善お願いします,スマホ自体を再起動すればトップ画面に行けましたが、毎回こうだと煩わしいので改善お願いします,300
g_1126,coke_on,2023-10-17 10:35:23,以前のマッククーポンが貰えるキャンペーン、キャップ裏のコード入力でコラボキャンペーンのスタンプが貰えないプレゼントに応募できない,キャップ裏のコード入力でコラボキャンペーンのスタンプが貰えないプレゼントに応募できない,301
g_1127,coke_on,2023-10-04 07:58:49,通信状況が悪い所では、ポイントが入らない,通信状況が悪い所では、ポイントが入らない,302
g_1131,coke_on,2023-11-23 21:19:42,不満と言えば目標歩数はどれを選んでも貰えるスタンプ量に違いが無い点と、累計の目標は雪だるま式に増えていくのに対してこちらには恩恵が少ない点,目標歩数はどれを選んでも貰えるスタンプ量に違いが無い,303
g_1133,coke_on,2023-10-10 07:13:57,ポイント付与時に繋がらずに落ちてしまうことが多々ある,ポイント付与時に繋がらずに落ちてしまう,304
g_2125,coke_on,2023-10-10 07:13:57,ポイント付与時に繋がらずに落ちてしまうことが多々ある,ポイント付与時に繋がらずに落ちてしまう,304
g_1137,coke_on,2023-12-16 10:20:48,その時に限ってお札しか持ってなく、お札中止で買えない,お札しか持ってなく、お札中止で買えない,305
g_1138,coke_on,2023-10-13 06:26:27,いっその事不都合が発生しています,不都合が発生しています,306
g_1142,coke_on,2023-10-10 14:25:27,スマホをかざして読み込むまでの時間がもっと早くなってほしい,スマホをかざして読み込むまでの時間がもっと早くなってほしい,307
g_1143,coke_on,2023-10-13 06:26:27,故障や電源落ちてるコークオン対応の自販機を良く見かける,故障や電源落ちてる,308
g_1144,coke_on,2023-12-04 11:07:34,あと反応が遅く自販機渋滞になる,反応が遅く自販機渋滞になる,309
g_1146,coke_on,2023-10-21 20:22:00,趣味のウォーキングを兼ね、色んなコークオン自販機を巡って楽しんでいますが、自販機の場所を検索しても関係者しか入れない建物内にあったり場所がビル2個分ズレていたり、不便を感じる事が多いです,自販機の場所を検索しても関係者しか入れない建物内にあったり場所がビル2個分ズレていたり,310
g_1150,coke_on,2023-11-17 10:41:21,レスポンス悪過ぎる,レスポンス悪過ぎる,311
g_1151,coke_on,2023-12-04 22:49:13,突然歩数が少ししかカウントされなくなった,歩数が少ししかカウントされなくなった,312
g_1153,coke_on,2023-11-07 12:30:10,スマートフォンの機種変更が面倒なので、対応願いたい,スマートフォンの機種変更が面倒,313
g_1155,coke_on,2023-11-04 10:35:42,ソフトのバグが多くて、全体のレベルが低すぎる,ソフトのバグが多くて、全体のレベルが低すぎる,314
g_1160,coke_on,2023-10-12 11:12:37,接続中表示のまま接続しない事が多い,接続中表示のまま接続しない,317
g_1166,coke_on,2023-12-18 08:19:17,特に商品情報の読み込みが遅いのは不満です,商品情報の読み込みが遅い,319
g_1169,coke_on,2023-10-07 23:20:48,15スタンプでドリンクがもらえるのは良いですね、場所によって繋がりにくい時があり、スタンプ諦めて購入が残念です,場所によって繋がりにくい時があり,321
g_1171,coke_on,2023-12-02 20:30:00,スタンプ2倍とか意識するだけで、けっこうたまります,スタンプ2倍とか意識する,322
g_1175,coke_on,2023-12-08 07:35:54,bluetooth接続が異様に遅いし接続断もしばしばもう少しスマートにやり取りしたいです,bluetooth接続が異様に遅い,324
g_1181,coke_on,2023-10-24 10:12:37,時々貯めていたドリンクチケットが期限前に消える,ドリンクチケットが期限前に消える,325
g_1185,coke_on,2023-11-19 20:34:14,問い合わせしようとしても連絡不可でメール返ってくる,問い合わせしようとしても連絡不可でメール返ってくる,326
g_1187,coke_on,2023-10-13 08:57:45,キャンペーンしてても、接続出来なかったら意味なくない,接続出来なかったら意味なくない,328
g_1188,coke_on,2023-12-01 20:59:55,キャンペーン等でドリンクチケット貰えたりするのは嬉しいけど通信状態悪くてチケット呑まれた場合はお問い合わせで日時や選んだ商品やら細かく報告してチケット返却してもらう必要あるので時間ないとダメですね,通信状態悪くてチケット呑まれた場合はお問い合わせで日時や選んだ商品やら細かく報告してチケット返却してもらう必要ある,329
g_1189,coke_on,2023-11-26 18:08:31,使えないならそんな機能つけないで欲しい,使えないならそんな機能つけないで欲しい,330
g_1190,coke_on,2023-10-28 20:07:10,設置地図を頼りに探しても、使えない自販機ばかり,設置地図を頼りに探しても、使えない自販機ばかり,331
g_1194,coke_on,2023-11-27 11:46:06,アプリ連動してるのに、1日の歩数が0で表示されます,1日の歩数が0で表示されます,334
g_1195,coke_on,2023-11-02 07:44:47,iphoneは比較的繋がりやすいみたいですがandroidは繋がらない率高いみたいです,androidは繋がらない率高い,335
g_1201,coke_on,2023-10-25 20:42:18,paypayを使えるようにしたら、1本無料が使えなくなった,paypayを使えるようにしたら、1本無料が使えなくなった,338
g_1205,coke_on,2023-11-23 16:50:00,住んでいる地域は、アプリ対応が中途半端な自販機ばかりで、使用度が低い,アプリ対応が中途半端な自販機ばかりで、使用度が低い,339
g_1209,coke_on,2023-12-14 02:31:47,エラーが出て、ポイントだけが消費されて0ゼロになる,エラーが出て、ポイントだけが消費されて0ゼロになる,342
g_1619,coke_on,2023-10-28 02:34:41,エラーが出て、ポイントだけが消費されて0ゼロになる,エラーが出て、ポイントだけが消費されて0ゼロになる,342
g_1973,coke_on,2023-10-20 13:26:43,ちいかわグッズの3ポイントコースに2回応募しましたがいずれもエラーが起きてポイントだけ消費されてしまいました,エラーが起きてポイントだけ消費されてしまいました,342
g_2347,coke_on,2023-10-18 01:38:30,ちいかわのキャンペーンに参加しましたが、抽選がエラーになって、ポイントだけ消費される事象が起こっています,抽選がエラーになって、ポイントだけ消費される事象が起こっています,342
g_1218,coke_on,2023-11-12 21:21:19,大手企業の作ったアプリとは思えないお粗末な物,大手企業の作ったアプリとは思えないお粗末な物,347
g_1219,coke_on,2023-10-18 19:46:11,初め、ちょっとややこしいと思いましたが、この私、シニア世代でも出来ますよ,初め、ちょっとややこしい,348
g_1220,coke_on,2023-11-25 11:32:08,の表示がずっと続き、自販機離れたら、接続する,自販機離れたら、接続する,349
g_1223,coke_on,2023-11-19 20:34:14,できずに登録済みなので別のをお使いください,できずに登録済みなので別のをお使いください,350
g_1224,coke_on,2023-10-12 11:12:37,接続が不安定なときがあり後ろに並んでいる人に迷惑かけてまで待たないといけない,接続が不安定なときがあり,351
g_1227,coke_on,2023-12-11 12:25:00,繋がるのが遅い、まったく繋がらない場合もある,繋がるのが遅い、まったく繋がらない,353
g_1230,coke_on,2023-11-23 17:05:42,機種の問題なのか自販機の問題なのか分かりませんが、btの接続が安定しないのが本当にクソ今週に入ってから通信エラー出過ぎです,btの接続が安定しない,354
g_1234,coke_on,2023-10-29 00:33:40,支払い方法登録できて、アプリ開いて購入ってのは慣れたら楽しかし商品の種類が少ないから、よく使うってわけじゃないしぶっちゃけスーパーのほうが種類豊富で安いからね,商品の種類が少ない,356
g_786,coke_on,2023-10-01 19:47:59,自販機との接続がちょくちょく切れるので、改善して欲しい,自販機との接続がちょくちょく切れる,358
g_850,coke_on,2023-11-27 16:53:14,自販機と接続するのに時間がかかることが良くある,自販機と接続するのに時間がかかる,358
g_911,coke_on,2023-12-09 15:33:36,自販機への接続に少し時間を要し、気が付けば何人狩野人を待たせてることがよくある,自販機への接続に少し時間を要し,358
g_968,coke_on,2023-11-01 18:34:14,だが、販売機と接続するのに多少時間がかかるのが難点,販売機と接続するのに多少時間がかかる,358
g_1113,coke_on,2023-11-01 01:26:00,自販機との接続が切れやすい,自販機との接続が切れやすい,358
g_1158,coke_on,2023-10-10 17:40:36,購入特典が貯まるのは良いが自販機との接続が上手く行かなかったり時間がかかる時が結構ある,自販機との接続が上手く行かなかったり時間がかかる,358
g_1236,coke_on,2023-12-11 12:28:17,思っていたよりポイントが貯まりやすいが、購入時に時間がかかる、たまにスタンプがもらえない時があるドラクエのスタンプが当たりハズレが有り中々そろわない、ポイントいらないからスタンプだけくれれば良いのに,購入時に時間がかかる,358
g_1300,coke_on,2023-12-15 17:56:18,楽しいアプリですが、自販機との接続が時間かかり過ぎる事があり、そういう時はもう止めようかと思う,自販機との接続が時間かかり過ぎる,358
g_1318,coke_on,2023-10-14 19:28:40,自販機に接続するのに時間がかかる,自販機に接続するのに時間がかかる,358
g_1441,coke_on,2023-10-01 12:31:27,ポイントもたまり、便利ではあるが、購入するのに時間がかかり、並ばれてしまうと、購入を諦めてしまう,購入するのに時間がかかり,358
g_1451,coke_on,2023-11-02 15:15:36,アプリは使いやすいですが、自販機との接続が不安定なのがストレスです,自販機との接続が不安定な,358
g_1758,coke_on,2023-11-27 16:53:14,購入の際にとにかく時間がかかるので、後ろに人が待っていると使用を躊躇ってしまう,購入の際にとにかく時間がかかる,358
g_1875,coke_on,2023-11-16 08:17:07,小銭がいらずに購入できるのはとても良いと思いますが、自販機との接続が上手く行かずに手間取る事が少々あるのでその点がマイナス,自販機との接続が上手く行かずに手間取る,358
g_1943,coke_on,2023-11-30 15:35:20,デメリットとしては、複数買えないや通信かま悪く購入に時間掛かる,複数買えないや通信かま悪く購入に時間掛かる,358
g_2000,coke_on,2023-11-21 16:49:39,スタンプ貯まると1本もらえるのは良いと思います自販機の接続に時間がかかるのが不満点,自販機の接続に時間がかかる,358
g_2091,coke_on,2023-11-27 17:08:48,、自動販売機との接続〜商品払出しまでが凄い時間が掛かる,自動販売機との接続〜商品払出しまでが凄い時間が掛かる,358
g_2223,coke_on,2023-11-25 11:32:08,自販機と接続されてるにもかかわらず、購入後、処理に時間がかかってます,自販機と接続されてるにもかかわらず、購入後、処理に時間がかかってます,358
g_2228,coke_on,2023-12-13 09:24:41,自販機接続が不安定でエラーが多すぎ,自販機接続が不安定,358
g_2306,coke_on,2023-12-10 15:03:12,スタンプやオマケがあって面白いけど、自販機に接続する時に時間がかかるのが難点,自販機に接続する時に時間がかかる,358
g_2427,coke_on,2023-12-17 20:16:02,スタンプを貯めると、ドリンクチケットがもらえるのはうれしいのですが、自販機の接続がなかなか繋がらないので、面倒になります,自販機の接続がなかなか繋がらない,358
g_2431,coke_on,2023-11-30 07:20:14,思っていたよりポイントが貯まりやすいが、購入時に時間がかかるドラクエのスタンプが当たりハズレが有り中々そろわない、ポイントいらないからスタンプだけくれれば良いのに,購入時に時間がかかる,358
g_1239,coke_on,2023-12-09 22:20:58,ゲームはタッチするタイプのは指が反応しないのでなかなかできなくて大変だから嫌だなー,指が反応しない,359
g_1244,coke_on,2023-12-01 21:51:15,動画での説明通りにやっても動かない時に、問い合わせる窓口がほしい,動画での説明通りにやっても動かない時に、問い合わせる窓口がほしい,363
g_1245,coke_on,2023-11-30 12:59:27,とにかく通信品質が良くない,通信品質が良くない,364
g_1246,coke_on,2023-12-11 16:27:14,自販機とスマホを接続して、ジュースを購入して、ポイントをもらおうとしたら、読み込みが悪く、ポイントを2つもらいそこねました,自販機とスマホを接続して、ジュースを購入して、ポイントをもらおうとしたら、読み込みが悪く、ポイントを2つもらいそこねました,365
g_1248,coke_on,2023-10-30 19:55:39,楽しんで、買ってますが、ポイントがイマイチわかりにくいです,ポイントがイマイチわかりにくい,366
g_1251,coke_on,2023-11-01 13:25:12,どこの通知か分かりやすくしてほしい,どこの通知か分かりやすくしてほしい,367
g_1252,coke_on,2023-10-14 19:28:40,再度、同じ事を繰り返してもエラー,再度、同じ事を繰り返してもエラー,368
g_1255,coke_on,2023-10-16 14:45:22,googlefitとの連動が急に出来なくなったので再インストールしたらログイン出来なくなった,googlefitとの連動が急に出来なくなったので再インストールしたらログイン出来なくなった,369
g_842,coke_on,2023-11-05 13:03:39,ただ、自販機によって読み込みが弱いときがあります,自販機によって読み込みが弱い,370
g_1067,coke_on,2023-11-30 19:20:48,ポイントを集めると無料チケットを獲得できますが、対応自販機が少ないと思います,対応自販機が少ない,370
g_1256,coke_on,2023-11-04 10:23:36,あと、対応自販機がほぼ無い状態なので増やして,対応自販機がほぼ無い,370
g_1602,coke_on,2023-10-06 09:44:05,コーラは飲むけど自販機はほとんど使わないことに気づいた,自販機はほとんど使わない,370
g_1641,coke_on,2023-11-09 12:15:22,せっかくの機能なのに対応している自販機がまだまだ少ないです,対応している自販機がまだまだ少ない,370
g_1723,coke_on,2023-10-06 17:54:55,読むのが大変かもしれないので省略すると歩数計はいいけど自販機が少ないので星を4にしたということです,自販機が少ない,370
g_1819,coke_on,2023-12-04 15:10:48,販売機台数が少ないのが残念,販売機台数が少ない,370
g_1983,coke_on,2023-10-11 02:26:41,使用出来る自販機が少ない,使用出来る自販機が少ない,370
g_1258,coke_on,2023-10-17 12:26:43,もう少しサービスがあってもいいと思う,もう少しサービスがあってもいいと思う,371
g_1261,coke_on,2023-10-21 19:38:55,一本購入すれば無料チケットがもらえるとあったので接続して購入したところ、購入直後に突然接続が切れてチケットがもらえませんでした,接続が切れてチケットがもらえません,374
g_1263,coke_on,2023-12-20 04:05:26,ペイを使えるのはいいのですが、都会や観光地と違い、地方の自販機はほとんど、icカードが使える自販機が無い,icカードが使える自販機が無い,375
g_1265,coke_on,2023-10-02 11:23:32,アプリは今後も使い続けますが、最近エラーが多く、2週間チャレンジのゲームのページに移動すると情報が取得できませんでしたと出てきます,エラーが多く、2週間チャレンジのゲームのページに移動すると情報が取得できません,376
g_1512,coke_on,2023-11-08 02:58:02,最近エラーが多く、2週間チャレンジのゲームのページに移動すると情報が取得できませんでしたと出てきます,エラーが多く、2週間チャレンジのゲームのページに移動すると情報が取得できません,376
g_1269,coke_on,2023-12-19 01:41:40,追記設定をいじって何回か起動し直したらいつの間にか直ってました,追記設定をいじって何回か起動し直したらいつの間にか直ってました,377
g_1272,coke_on,2023-11-29 10:27:38,していて、作り込みの甘さが見られます,作り込みの甘さが見られます,378
g_1279,coke_on,2023-10-04 17:55:51,コカコーラの会員アカウントでログインのページが真っ白で表示されないために、貯めていたスタンプ、ドリンク無料券が使えていませんでした,コカコーラの会員アカウントでログインのページが真っ白で表示されない,379
g_1281,coke_on,2023-11-23 21:19:42,何百万歩を達成してもスタンプ一個はちょっとおかしい気もするが,何百万歩を達成してもスタンプ一個はちょっとおかしい,380
g_980,coke_on,2023-12-10 07:52:25,早く直してほしい,早く直してほしい,382
g_1287,coke_on,2023-11-30 12:05:56,直してください,直してください,382
g_2102,coke_on,2023-11-12 13:31:56,今すぐ直してください,今すぐ直してください,382
g_1290,coke_on,2023-10-20 14:28:37,缶の種類を買わせるビンゴも肝心の品物が自販機にない,缶の種類を買わせるビンゴも肝心の品物が自販機にない,383
g_1291,coke_on,2023-11-19 17:01:23,特に今月に入ってからgooglefitとの乖離が顕著です,googlefitとの乖離が顕著,384
g_1293,coke_on,2023-11-07 08:46:26,商品情報取得がもっと早くなれば満点,商品情報取得がもっと早くなれば満点,385
g_1297,coke_on,2023-10-09 00:21:34,特定の自販機で、二重取りされる,特定の自販機で、二重取りされる,386
g_1304,coke_on,2023-10-03 10:25:30,端末との安定的な接続改善を希望します,端末との安定的な接続改善を希望します,388
g_1309,coke_on,2023-11-25 11:32:08,きちんと処理できず、嫌がらせするためのものに成り下がった,きちんと処理できず,389
g_1314,coke_on,2023-12-16 21:41:21,小銭を入れボタンを押すと言う10秒掛からない手順で済む筈の自販機の利用を、10分20分掛かる大作業へと変貌させるという驚きの効果を発揮するゴミアプリ,小銭を入れボタンを押すと言う10秒掛からない手順で済む[UNK]の自販機の利用を、10分20分掛かる,391
g_1316,coke_on,2023-11-12 13:31:56,そしてたたみかけるように入力がおわったらコード入力に間違いがあると,たたみかけるように入力がおわったらコード入力に間違いがある,392
g_1317,coke_on,2023-11-27 18:47:43,一度サーバーが撃沈してた事は有り、その間のポイント等は消失してしまってましだが、それ以外では問題らしい問題は、無し,その間のポイント等は消失,393
g_1240,coke_on,2023-11-09 15:19:20,アプリの問題か自販機の問題かわからないが、ユーザーからすると使えないと言う点では同じ,ユーザーからすると使えない,395
g_1319,coke_on,2023-12-16 10:20:48,使いたい時に使えないことが多い,使いたい時に使えない,395
g_1324,coke_on,2023-11-24 15:07:07,決済時のスライドアクション時に大きな表示でクーポンで購入か支払いで購入と表示して頂きたい,決済時のスライドアクション時に大きな表示でクーポンで購入か支払いで購入と表示して頂きたい,398
g_1325,coke_on,2023-11-30 12:05:07,新しいバージョンのアプリがありますと表示されてアップデートしようとしても、アップデートできず、元の画面に戻ると新しいバージョンのアプリがありますで無限ループ,アップデートできず、元の画面に戻ると新しいバージョンのアプリがありますで無限ループ,399
g_1327,coke_on,2023-11-09 15:19:20,ポイントでスロットを回してもエラーの後ポイントが消えるだけ・・・,ポイントでスロットを回してもエラーの後ポイントが消える,401
g_1329,coke_on,2023-12-14 17:30:34,しかもそのタイミングで表示~のキャンペーンの回数を増やす,表示~のキャンペーンの回数を増やす,402
g_1738,coke_on,2023-12-01 10:28:30,これからも、色々な、キャンペーンを、実施してください,これからも、色々な、キャンペーンを、実施してください,402
g_1336,coke_on,2023-12-19 01:41:40,移動してもアプリを立ち上げ直してもこの状態,移動してもアプリを立ち上げ直してもこの状態,404
g_623,coke_on,2023-11-30 12:03:52,エラーで、使えなくて困ってます,エラーで、使えなくて,405
g_1337,coke_on,2023-12-18 08:49:12,特に月曜の朝は何度もエラーが出て使えないことが多い,エラーが出て使えない,405
g_1339,coke_on,2023-12-12 11:02:42,更新されてから全然繋がらなくなりました利用出来ません,更新されてから全然繋がらなくなりました,407
g_984,coke_on,2023-12-14 02:31:47,ちいかわのキャンペーンに応募できない,ちいかわのキャンペーンに応募できない,408
g_1343,coke_on,2023-10-28 02:34:41,ちいかわのキャンペーンに応募できない,ちいかわのキャンペーンに応募できない,408
g_1345,coke_on,2023-11-02 07:44:47,接続されない1~2日空いただけでも接続不可になってしまう,接続されない1~2日空いただけでも接続不可になってしまう,409
g_1346,coke_on,2023-11-04 10:23:36,突如コカ・コーラ自動販売機qrde決済出現,コカ・コーラ自動販売機qrde決済出現,410
g_1347,coke_on,2023-11-22 16:45:30,繋がらない時は本当に繋がらない,繋がらない時は本当に繋がらない,411
g_1348,coke_on,2023-10-10 14:13:10,漫画等の版権スタンプを集めてたのですが、画像が消えて普通のスタンプにすり替わってしまいました,画像が消えて普通のスタンプにすり替わってしまいました,412
g_1352,coke_on,2023-10-04 17:55:51,色々試してみた結果、chromeアプリではログインページが表示されないようなので無効化を設定して、他のブラウザアプリをインストールしてみたらログインページが表示、無事ログインできました,chromeアプリではログインページが表示されない,413
g_1353,coke_on,2023-11-26 05:17:56,抽選にはなかなか当たらないけど、懲りずに応募してまーす,抽選にはなかなか当たらない,414
g_1358,coke_on,2023-12-14 17:30:34,・大々的なキャンペーンで釣っておいて、購入した途端表示された方限定のキャンペーンが出なくなった,購入した途端表示された方限定のキャンペーンが出なくなった,415
g_1361,coke_on,2023-10-06 17:54:55,5なのですがそれができないので4にしました,5なのですがそれができない,416
g_1910,coke_on,2023-11-30 12:59:27,接続に5分くらいかかったり、場合によっては接続不可となる,接続に5分くらいかかったり、場合によっては接続不可となる,416
g_1366,coke_on,2023-12-13 09:24:41,何回もアプリを立ち上げ直す羽目になり、かなりストレス,アプリを立ち上げ直す羽目になり,418
g_1378,coke_on,2023-12-17 07:50:35,アプリが悪いのか自販機に問題があるのか,自販機に問題がある,421
g_1390,coke_on,2023-10-17 16:31:02,もっとスッキリしたデザインに出来ないものかと思う,スッキリしたデザインに出来ないものか,423
g_1396,coke_on,2023-10-14 06:57:19,なにせ、つながり、通信が遅い,なにせ、つながり、通信が遅い,424
g_1399,coke_on,2023-10-06 09:40:40,エラーが多過ぎて、買えないことが多い,エラーが多過ぎて、買えない,426
g_1404,coke_on,2023-12-20 17:14:38,ロスしたスタンプが目に余り多いので改善して欲しい,ロスしたスタンプが目に余り多い,427
g_1407,coke_on,2023-11-30 16:13:07,がただ一つチケット利用した時すぐ作動しないのと現金投入な電子マネーの゙アイコンをもう少し色を濃くしてもらえませんか,チケット利用した時すぐ作動しないのと現金投入な電子マネーの[UNK]アイコンをもう少し色を濃くしてもらえませんか,429
g_1410,coke_on,2023-12-05 12:26:28,キャンペーンでポイント溜まりやすいのがありがたいただ特定の自販機だけかもしれないが、購入時に通信中のまま反応しなくなることが度々ある,購入時に通信中のまま反応しなくなる,431
g_1412,coke_on,2023-11-19 22:43:45,キャンペーンの不具合が多すぎる,キャンペーンの不具合,432
g_1416,coke_on,2023-12-07 00:57:39,だらけで確認できないし、自販機で購入してるのにモンスターが全く増えない,モンスターが全く増えない,433
g_1419,coke_on,2023-11-19 12:20:09,接続できないときは1分あがいて結局だめだったことも,接続できないときは1分あがいて結局だめだった,434
g_1424,coke_on,2023-10-09 15:08:40,1~2ヶ月前からカウントする歩数が実際の半分以外で最低設定歩数さえ達成出来なくなった,カウントする歩数が実際の半分以外で最低設定歩数さえ達成出来なくなった,436
g_1426,coke_on,2023-12-06 17:19:18,仕事中は携帯がロッカーの中で寝てるので、通勤だけだと目標クリア出来ない事も有ります,通勤だけだと目標クリア出来ない,437
g_1431,coke_on,2023-11-15 07:16:29,自販機との接続、メニューの読込、購入の全ての段階で、とにかく購入に時間がかかり過ぎる30秒以上は必要なので、過疎地の路上設置の自販機でもなければ、次の人を待たせることになるので、小心者には不向きでsる,自販機との接続、メニューの読込、購入の全ての段階で、とにかく購入に時間がかかり過ぎる30秒以上は必要,439
g_1438,coke_on,2023-12-08 15:29:06,チケットを使用すると切れてしまう時がある,チケットを使用すると切れてしまう,440
g_1445,coke_on,2023-11-27 17:08:48,稀に金額だけ引落され、商品が出て来ない時が有る,金額だけ引落され、商品が出て来ない,444
g_1448,coke_on,2023-11-12 21:21:19,キャンペーンする前に安定するアプリを作ってくれ,キャンペーンする前に安定するアプリを作ってくれ,445
g_1449,coke_on,2023-11-15 22:57:03,最近になって、交通系icカードが急に使えなくなり、使用頻度が激減しました,交通系icカードが急に使えなくなり,446
g_1452,coke_on,2023-11-15 17:40:50,良くアプリが落ちる,アプリが落ちる,448
g_1453,coke_on,2023-12-07 17:38:05,これを間違えると今までのスタンプや無料チケットが引き継げないのが残念,これを間違えると今までのスタンプや無料チケットが引き継げない,449
g_1457,coke_on,2023-12-15 11:46:33,バーコードをスキャンした際に本日は獲得済みですという表示がたびたび出ます,バーコードをスキャンした際に本日は獲得済みですという表示がたびたび出ます,452
g_1460,coke_on,2023-12-11 23:17:55,新しくなってダメダメです1回づつ繋ぎ換えないと何本も買えません雨の日はずぶ濡れです使い方も前のバージョンが良かった,繋ぎ換えないと何本も買えません,453
g_686,coke_on,2023-11-23 20:55:43,アプリを立ち上げて自販機に近づくだけで買えるから便利ただコークオンのマップでは自販機が見つけずらいです,コークオンのマップでは自販機が見つけずらい,454
g_802,coke_on,2023-11-26 18:08:31,わざわざコークオンとつながる自販機を探していざ買おうとしても繋がらないから購買意欲が失せる,わざわざコークオンとつながる自販機を探していざ買おうとしても繋がらない,454
g_1462,coke_on,2023-11-16 19:34:44,コークオン対応の自販機が近くにない,コークオン対応の自販機が近くにない,454
g_1775,coke_on,2023-12-07 07:25:04,コークオンのマークがある自販機なのに反応せず買えない急いでいるときなんか頭に来るサブスクなのに数量限定されるそんなには安くならずお得感があまりないかな~,コークオンのマークがある自販機なのに反応せず買えない,454
g_2261,coke_on,2023-10-25 03:53:24,sa・paの自販機だとコークオンアプリが使えない場所が多い,sa・paの自販機だとコークオンアプリが使えない,454
g_1463,coke_on,2023-11-12 13:31:56,ペットボトルのキャップの文字読み取りの感度が悪すぎる,ペットボトルのキャップの文字読み取りの感度が悪すぎる,455
g_1465,coke_on,2023-10-31 01:32:56,コインより遅いキャッシュレスとか意味あんの,コインより遅いキャッシュレス,456
g_1466,coke_on,2023-11-12 14:33:57,自動販売機で買ってもスタンプ付かないときがたびたび,自動販売機で買ってもスタンプ付かない,457
g_1467,coke_on,2023-11-07 08:46:26,なかなか便利なんですが、自動販売機毎に商品情報を取得するので買えるようになるまで微妙に時間がかかります,自動販売機毎に商品情報を取得するので買えるようになるまで微妙に時間がかかります,458
g_1472,coke_on,2023-10-20 14:28:37,自販機の接続はまともに繋がった試しがない,自販機の接続はまともに繋がった試しがない,460
g_1476,coke_on,2023-11-19 12:20:09,ポイントが貯まる点は評価するが接続の課題の方が大きい,接続の課題の方が大きい,461
g_1482,coke_on,2023-10-25 03:53:24,getしたスタンプの履歴残して欲しいな〜,getしたスタンプの履歴残して欲しい,465
g_1490,coke_on,2023-10-23 20:20:28,キャッシュレスで買えるのは良いですが、何本かまとめ買いするときにとても不便に感じてます,何本かまとめ買いするときにとても不便,467
g_1492,coke_on,2023-12-07 08:05:29,小さな子供が飲めるものが少なく、いつでもいろはすかqooになってしまうのが少し悩みどころです,小さな子供が飲めるものが少なく、いつでもいろはすかqooになってしまう,468
g_1105,coke_on,2023-11-26 17:06:01,再起動しても変わりません,再起動しても変わりません,469
g_1495,coke_on,2023-12-10 07:52:25,更新しても変わらない,更新しても変わらない,469
g_1500,coke_on,2023-12-19 11:55:57,繋がりにくい時があり、スタンプがもらえないときがある、補充する人に確認してもかいぜんできなかった,繋がりにくい時があり、スタンプがもらえないときがある、補充する人に確認してもかいぜんできなかった,470
g_1501,coke_on,2023-11-03 12:38:58,土日とか人が多く集まってる場所だと繋がりにくい事が多い,土日とか人が多く集まってる場所だと繋がりにくい,471
g_1505,coke_on,2023-11-10 18:20:09,サポートで調べてやっても改善されません,サポートで調べてやっても改善されません,473
g_1510,coke_on,2023-10-08 10:23:31,スーパーで買う値段とかけ離れているのが気になる,スーパーで買う値段とかけ離れている,475
g_1513,coke_on,2023-11-25 10:46:34,ポイントカード的にささっと終わらせたいだけなのに、煩わしさのせいでイマイチ熱心に起動する気にならない,ポイントカード的にささっと終わらせたい,477
g_1514,coke_on,2023-11-28 20:50:40,キャッシュレスで便利なんですけど、接続がもう少しスムーズになってくれるといいな,接続がもう少しスムーズになってくれるといい,478
g_1517,coke_on,2023-11-25 10:46:34,メイン動作である自販機との接続なんてホーム画面の一番目立つ部分でやらせるべき,自販機との接続なんてホーム画面の一番目立つ部分でやらせるべき,479
g_1518,coke_on,2023-11-26 10:11:19,ヘルプページを開こうとしてもエラーになるので何も出来ない,ヘルプページを開こうとしてもエラーになるので何も出来ない,480
g_1521,coke_on,2023-10-07 10:53:53,値上げして全然缶飲料って価値がないよ逆に安くしなよ売れ無いよこの先最悪なアプリと自販機まず遅い、繋がらない、出なくてカネだけ取られる,値上げして全然缶飲料って価値がないよ逆に安くしなよ売れ無いよこの先最悪なアプリと自販機まず遅い,482
g_1525,coke_on,2023-10-15 00:13:06,アプリを起動するといろいろポップアップが出てきてすぐにやりたいことができないのがもどかしい,アプリを起動するといろいろポップアップが出てきてすぐにやりたいことができない,484
g_1527,coke_on,2023-11-06 23:53:44,ログインページからログインをお試し下さいと赤く表示される,ログインページからログインをお試し下さいと赤く表示される,485
g_1528,coke_on,2023-11-17 14:03:07,2回に1回当たるというスロット、2回まわしても当たらんのだが,2回に1回当たるというスロット、2回まわしても当たらん,486
g_1530,coke_on,2023-11-17 08:35:04,メリットがねぇ,メリットがねぇ,488
g_1537,coke_on,2023-12-18 08:07:58,エラー頻度が全く改善されない,エラー頻度が全く改善されない,490
g_1540,coke_on,2023-10-26 10:58:02,キャンペーン等のポイントが、エラーで消失する事が良く起こる,キャンペーン等のポイントが、エラーで消失する,492
g_1541,coke_on,2023-12-15 17:56:18,あとは、いつも買っている自販機で商品読み込み中が長いのでなんとかなりませんか,商品読み込み中が長い,493
g_1545,coke_on,2023-12-08 11:10:07,過去にはオリンピックと連動したキャンペーンの処理がパンクしてたときはキャンペーンに当たっても読み込みできずに再抽選ではずれるというトラブルはありました,オリンピックと連動したキャンペーンの処理がパンクしてたときはキャンペーンに当たっても読み込みできずに再抽選ではずれる,496
g_1551,coke_on,2023-12-04 14:44:26,その場で当たるパーティーアイテムサンタギフト動画アイテムが欲しくてやってたが12月に入ってqr読み込み抽選中が長く結果はギフトボックスそのギフトボックスを選ぶが開かない状態が続き楽しめくなったアプリ更新されこのキャンペーンのみ楽しめない再インストールも試したが結果は同じギフトボックス開かない,開かない状態が続き楽しめくなったアプリ更新されこのキャンペーンのみ楽しめない再インストールも試したが結果は同じギフトボックス開かない,498
g_1553,coke_on,2023-12-16 21:41:21,自販機の中にでも入れろと言うのか,自販機の中にでも入れろと言うのか,499
g_1556,coke_on,2023-11-19 17:01:23,アプリの再インストールなどを試しても駄目,アプリの再インストールなどを試しても駄目,501
g_1557,coke_on,2023-11-12 21:23:37,しようとするとアプリが強制解除になる,アプリが強制解除になる,502
g_1569,coke_on,2023-11-17 11:37:47,こないだから開くと固まって、使えませんでしたが、スマホを再起動したら開けるようになりました,開くと固まって、使えません,503
g_1570,coke_on,2023-10-17 16:31:02,スキャンしてもポイントが加算されない事がしばしばある,スキャンしてもポイントが加算されない,504
g_1572,coke_on,2023-12-13 12:02:45,私の携帯が原因かもしれないけど、起動、連携が遅すぎて自販機の前でイライラしちゃいます,起動、連携が遅すぎ,505
g_1576,coke_on,2023-12-19 10:20:34,スタンプカード、初回に押してから、1年で無効になるのは、勿体ないです,スタンプカード、初回に押してから、1年で無効になる,507
g_1582,coke_on,2023-10-03 00:18:44,cokeon対応自販機が近くにあるといいよね,cokeon対応自販機が近くにあるといい,508
g_1192,coke_on,2023-10-26 07:01:59,使える販売機がまだ地方に行くとあるので順次変えてほしいです,使える販売機がまだ地方に行くとあるので順次変えてほしい,509
g_1584,coke_on,2023-10-26 07:01:59,使える販売機がまだ地方に行くとあるので順次変えてほしいです,使える販売機がまだ地方に行くとあるので順次変えてほしい,509
g_1585,coke_on,2023-10-06 17:54:55,歩数計はいいと思いますが、対象自販機についてが少し悩みました,対象自販機についてが少し悩みました,510
g_1588,coke_on,2023-11-22 19:25:52,スタンプをためる自販機は画期的考えた人は凄いと思うし実際作ったコカ・コーラ社はもっと凄いと思う,スタンプをためる自販機は画期的考えた人は凄いと思うし実際作ったコカ・コーラ社はもっと凄い,511
g_1590,coke_on,2023-11-16 08:20:57,接続待っただけ時間の無駄になった,接続待っただけ時間の無駄になった,513
g_1595,coke_on,2023-12-15 11:49:51,自分の端末のせいなのか分からないけど、たまに機械があることを認識しても全然接続出来ない場合があるけどほとんどは平気だし、歩いてチケット貰えるのは良いですな♪重宝してます,機械があることを認識しても全然接続出来ない,515
g_1598,coke_on,2023-11-19 22:43:45,基準が良く分からない,基準が良く分からない,516
g_1599,coke_on,2023-10-23 20:20:28,当たらないくじを半強制で回させられるのも不快です,当たらないくじを半強制で回させられる,517
g_1600,coke_on,2023-10-12 07:38:45,黒い画面が少しの時間表示され、落ちます,黒い画面が少しの時間表示され、落ちます,518
g_1607,coke_on,2023-12-09 18:16:20,ただ仕事柄あまり歩けないのでスタンプをもらえる歩数まで毎回たどりつきません,あまり歩けないのでスタンプをもらえる歩数まで毎回たどりつきません,520
g_1610,coke_on,2023-12-18 00:12:03,paypayと連携して使用しておりましたが、自動販売機に近づけても反応しなくなり、一度解除してから再設定をしようと、paypayとの連携をちゃんとpaypayアプリ内で解除したのにも関わらずcokeonの決済方法には残ったまま消すことも設定も出来ない状態で使えません,自動販売機に近づけても反応しなくなり、一度解除してから再設定をしようと、paypayとの連携をちゃんとpaypayアプリ内で解除したのにも関わらずcokeonの決済方法には残ったまま消すことも設定も出来ない状態で使えません,522
g_1613,coke_on,2023-10-30 20:13:22,アプリの自販機設置場所が不正確な場合が有るので直して欲しい,自販機設置場所が不正確な場合が有る,524
g_1615,coke_on,2023-10-03 13:13:34,歩いた歩数でポイントが貯まる機能があるが、たまに勝手に目標歩数を上げてくるのがムカつくので評価は高くしません,勝手に目標歩数を上げてくる,525
g_1621,coke_on,2023-11-15 17:40:50,キャンペーンは情報が取得できないエラーでポイントが減るが参加できているのかすら分からない,情報が取得できないエラーでポイントが減る,527
g_1622,coke_on,2023-12-19 01:41:40,アプリをインストールし直したらデータ消えそうで怖いし,アプリをインストールし直したらデータ消え,528
g_1380,coke_on,2023-10-29 14:15:25,これからも宜しくお願いします,これからも宜しくお願いします,530
g_1627,coke_on,2023-10-19 06:57:56,これからも宜しくお願いします,これからも宜しくお願いします,530
g_1630,coke_on,2023-12-12 07:39:35,感度がわるく自販機を認識しないことが多いアプデ以降さらに悪化してまともに使えない,感度がわるく自販機を認識しない,532
g_1631,coke_on,2023-12-20 12:12:26,接続中に購入してもスタンプ押さずに再接続となる,接続中に購入してもスタンプ押さずに再接続となる,533
g_1634,coke_on,2023-12-17 20:24:20,新verに更新してから接続が遅すぎるせっかく商品購入したのにポイントが入らない事が多々ある,新verに更新してから接続が遅すぎる,534
g_1635,coke_on,2023-11-04 10:23:36,qrが偽物なら紫色に点灯しないとか数字が合わないとかの優れもの,qrが偽物なら紫色に点灯しないとか数字が合わない,535
g_1637,coke_on,2023-12-16 22:06:18,コークオンペイで決済の設定しようとしても画面が白いままで設定ができない,画面が白いままで設定ができない,536
g_1642,coke_on,2023-11-22 16:45:30,スタンプを多くもらえたとしても繋がらない事は使えない事と同じ,スタンプを多くもらえたとしても繋がらない,539
g_1643,coke_on,2023-11-23 20:10:45,最近になって購入しようとすると接続がきれて商品を読み込むのを繰り返す状態になって使用できません改善をお願いします,購入しようとすると接続がきれて商品を読み込むのを繰り返す,540
g_1645,coke_on,2023-10-17 12:26:43,自販機で購入する場合スーパーより高いので購入するか迷う時がある,購入するか迷う時がある,541
g_1646,coke_on,2023-10-15 12:51:08,カスタマーから代理店に進言するみたいな事言ってたが、既に商品を変更してしまった自販機に何が出来るだろうか,既に商品を変更してしまった自販機に何が出来るだろうか,542
g_573,coke_on,2023-10-08 20:02:32,cokeonの自販は少ない,cokeonの自販は少ない,543
g_803,coke_on,2023-10-01 18:26:52,星5にしないのは、cokeonの自販機が少ないところのみです,cokeonの自販機が少ないところのみ,543
g_1647,coke_on,2023-11-25 10:39:02,ただ、cokeonの自販機が周りに少ないのが残念です,cokeonの自販機が周りに少ない,543
g_1905,coke_on,2023-11-21 23:09:34,まだまだコークオン対応の自販機が少ないのが残念なところです,コークオン対応の自販機が少ない,543
g_2210,coke_on,2023-10-22 05:46:19,cokeon対応の自販機がまだまだ少ない,cokeon対応の自販機がまだまだ少ない,543
g_1653,coke_on,2023-12-19 10:20:34,貰ったばかりの誕生日スタンプが消えるのは残念です,貰ったばかりの誕生日スタンプが消える,545
g_1663,coke_on,2023-11-29 13:31:04,バーコードの読み取りやキャンペーンの応募ボタンを押しても何度も元のページに戻る,バーコードの読み取りやキャンペーンの応募ボタンを押しても何度も元のページに戻る,549
g_1668,coke_on,2023-12-07 00:57:39,ドラゴンクエストのイベントがちゃんと作動してないのか、モンスターのいる地図が,ドラゴンクエストのイベントがちゃんと作動してない,551
g_1669,coke_on,2023-10-03 11:10:44,接続した後直ぐ切るな買った後スタンプ無しはダメだろ,接続した後直ぐ切るな買った後スタンプ無しはダメ,552
g_1673,coke_on,2023-12-15 12:04:10,いろんな所へ遊びに行ってコークオンの使える自販機を探して、時々なかったりするので少し残念だったりします,コークオンの使える自販機を探して、時々なかったりする,554
g_1674,coke_on,2023-11-29 06:37:20,ポイントが貯まるのは得なので使っているがそうでなければ評価はもっと低い,評価はもっと低い,555
g_1676,coke_on,2023-10-30 16:14:22,使用前にスマホやアプリを再起動したり色々試しましたが改善せず残念,使用前にスマホやアプリを再起動したり色々試しましたが改善せず,556
g_546,coke_on,2023-10-24 16:45:44,2週間チャレンジが情報を取得出来ません再度アクセスしてくださいと表示されるが今度やっても同じ,2週間チャレンジが情報を取得出来ません,557
g_1680,coke_on,2023-12-15 22:31:29,と思うほど約2年間当たっていないです,約2年間当たっていない,557
g_1681,coke_on,2023-11-09 15:19:20,接続に時間がかかったり、接続後に商品情報が読み込めなかったりとトラブルが多い,接続に時間がかかったり、接続後に商品情報が読み込めなかったり,558
g_746,coke_on,2023-10-28 02:34:41,janコード読み取りを、その日初めてやったにもかかわらず〈本日は獲得済みです〉と表示される,janコード読み取りを、その日初めてやったにもかかわらず〈本日は獲得済みです〉と表示される,559
g_1683,coke_on,2023-12-14 02:31:47,janコード読み取りを、その日初めてやったにもかかわらず〈本日は獲得済みです〉と表示される,janコード読み取りを、その日初めてやったにもかかわらず〈本日は獲得済みです〉と表示される,559
g_1687,coke_on,2023-12-06 22:53:25,週替りクリスマスギフトのアイコン作れるということになってるけど、画像を長押しして保存と書いてある通りにすると必ず固まる,画像を長押しして保存と書いてある通りにすると必ず固まる,561
g_1688,coke_on,2023-12-01 16:52:18,個人的な不満としてはココアをもっと美味しくして欲しいです,ココアをもっと美味しくして欲しい,562
g_1690,coke_on,2023-11-19 09:53:32,初期設定が、難しいです,初期設定が、難しい,563
g_1692,coke_on,2023-10-17 12:26:43,アプリは問題なく使えるけど時々、ポイント応援でエラーが出る,ポイント応援でエラーが出る,564
g_1693,coke_on,2023-10-15 14:40:41,対応自販機の仕様がバラバラで使い方に戸惑う,対応自販機の仕様がバラバラ,565
g_1698,coke_on,2023-11-28 09:06:29,進撃の巨人、蓋にコードついてなくてスキャン登録できなかった,蓋にコードついてなくてスキャン登録できなかった,566
g_1702,coke_on,2023-11-02 20:48:05,指定されたペイ以外での購入がしにくく使いづらい,指定されたペイ以外での購入がしにくく使いづらい,567
g_1705,coke_on,2023-12-02 16:11:04,歩いて無料クーポンがもらえるということで初めましたが、よく考えてみたら、たとえ無料だったとしてもコカ・コーラ社製品で飲みたいと思えるものはないという根本的なことに気づいたため、このままアンインストールします,コカ・コーラ社製品で飲みたいと思えるものはない,568
g_1710,coke_on,2023-12-17 12:13:08,入金した分は返却してほしい,入金した分は返却してほしい,570
g_1712,coke_on,2023-12-18 08:07:58,の表示が出て、ポイントだけが消費されていく,ポイントだけが消費されていく,571
g_1716,coke_on,2023-10-23 07:29:02,せめてスタンプ+n個とかにした方が良くないですか,スタンプ+n個とかにした方が良くないですか,574
g_1717,coke_on,2023-11-19 20:34:14,結構使ってましたが、引き継ぎできない上に問い合わせメールが届かないというスバラシイアプリですwログイン→メアド入力→パスワード変更してください→メアド再入力→承認→電話番号→承認,引き継ぎできない上に問い合わせメールが届かない,575
g_1719,coke_on,2023-10-23 06:38:30,いろんな意味で最高cokeon以外の自販機使わなくなってしまった笑,cokeon以外の自販機使わなくなってしまった,577
g_1720,coke_on,2023-11-30 09:39:49,安くなるのは良いが、通信時間が短すぎて、購入完了する前に時間切れになることが非常に多く、使い勝手が悪い,通信時間が短すぎて、購入完了する前に時間切れになる,578
g_1721,coke_on,2023-12-06 22:53:25,ダメなアプリでした,ダメなアプリ,579
g_1722,coke_on,2023-11-20 15:41:48,何回も、買っても、ポイント付かない、自販機、接続して、ブルーになって、買っても、つかない、,ポイント付かない、自販機、接続して、ブルーになって、買っても、つかない,580
g_1731,coke_on,2023-11-21 08:37:20,前の画面に戻りたいだけなのに閉じてしまったりと、意味不明な仕様が多い,前の画面に戻りたいだけなのに閉じてしまったり,586
g_1732,coke_on,2023-10-31 12:22:35,各内容が使いにくいです,各内容が使いにくい,587
g_2189,coke_on,2023-10-31 12:22:35,各内容が使いにくいです,各内容が使いにくい,587
g_1745,coke_on,2023-11-01 18:34:14,アプリを立ち上げてすぐ接続できるようになるor対象販売機の前に立ったら、自動で接続されるようになると更に良い,アプリを立ち上げてすぐ接続できるようになるor対象販売機の前に立ったら、自動で接続されるようになると更に良い,590
g_1749,coke_on,2023-12-15 14:46:21,職場で自販機にて頻繁に購入していましたが、アブリとの連携が上手く出来ず諦めてましたが、勿体ないと思いなおし、四苦八苦しながら連携したところ、すぐポイント溜まりびっくり,アブリとの連携が上手く出来ず,591
g_1750,coke_on,2023-10-15 19:19:35,地下に設置された販売機だとなかなかアクセスしてくれませんが、地上の販売機だと快適に使えます,地下に設置された販売機だとなかなかアクセスしてくれません,592
g_1757,coke_on,2023-11-21 22:53:12,クーポンで購入するとスタンプつかない,クーポンで購入するとスタンプつかない,595
g_1759,coke_on,2023-11-15 21:32:57,ファミマの無料クーポンが当たる抽選も、フリーズして抽選できなかったし、最近エラーが増えてきた,ファミマの無料クーポンが当たる抽選も、フリーズして抽選できなかった,597
g_840,coke_on,2023-10-20 03:33:18,コスタコーヒー限定チケットを持ってますので、使いたいですが、自販機からコスタコーヒーがすべて消えたしまいました,自販機からコスタコーヒーがすべて消えたしまいました,598
g_1765,coke_on,2023-10-15 12:51:08,2点目、コスタキャンペーンで、コスタのドリンクチケット貰えるキャンペーンやってるのに、職場の自販機から、コスタ商品が全て撤去された,職場の自販機から、コスタ商品が全て撤去された,598
g_1769,coke_on,2023-11-19 22:43:45,・バーコードスキャンで情報が取得出来ませんと何度も発生する,バーコードスキャンで情報が取得出来ませんと何度も発生する,599
g_1773,coke_on,2023-12-12 18:47:42,健康寿命延ばす為の、新たなるチャレンジが欲しい,健康寿命延ばす為の、新たなるチャレンジが欲しい,602
g_1777,coke_on,2023-11-28 18:18:46,今後も似たようなゲームがあったならば同じくミッション内容にある2本購入どころかこのアプリやコカ・コーラの自販機自体の利用頻度も減らすつもりです,今後も似たようなゲームがあったならば同じくミッション内容にある2本購入どころかこのアプリやコカ・コーラの自販機自体の利用頻度も減らすつもり,604
g_914,coke_on,2023-11-01 01:26:00,対応自販機でも繋がりそうな素振りだけでサッパリ繋がらない個体もあり、相性や自販機の管理状況次第でイライラすることも,対応自販機でも繋がりそうな素振りだけでサッパリ繋がらない個体もあり,605
g_956,coke_on,2023-10-14 11:05:18,なかなか繋がらない自販機がありますコークオンpayも使えない所もあり残念ですいろんな種類のスタンプを貯めるのは楽しいです,なかなか繋がらない自販機がありますコークオンpayも使えない所もあり,605
g_1779,coke_on,2023-11-23 12:35:55,無料チケットがもらえるので、普通に買うよりは断然お得ですか、つながる自販機ではない事も多く、繋がらない不具合で後ろに迷惑をかけたり、自販機に並んでいても、実際にコークオンで購入できないものもある,つながる自販機ではない事も多く、繋がらない不具合で後ろに迷惑をかけたり、自販機に並んでいても、実際にコークオンで購入できないものもある,605
g_973,coke_on,2023-11-30 13:25:51,そのせいかエラーなのか分からないが、購入スタンプが貰えない事がかなりあった,購入スタンプが貰えない,606
g_1783,coke_on,2023-10-15 15:32:42,15個スタンプをためたり、最初1本買うと2本目無料や久しぶりにアプリを開いたときに無料チケットで買えるのは良いけど、たまに、買ってもスタンプが貯まらなかったりするのが嫌ですお金払ってやったのにあと、15個スタンプためて無料チケットを使わないと次のスタンプが貯まらないので気をつけてください,買ってもスタンプが貯まらなかったりする,606
g_1784,coke_on,2023-10-08 03:53:32,もっとサクサク自販機と通信してくれると嬉しいな,サクサク自販機と通信してくれると嬉しい,607
g_1444,coke_on,2023-12-17 16:44:07,スタンプ獲得でチケット獲得はありがたいけれど、自販機のトラブルが頻発してスタンプが獲得できないことがよくある,自販機のトラブルが頻発してスタンプが獲得できない,608
g_1786,coke_on,2023-12-06 02:32:56,ただ自動販売機が接続が不安定でたまにスタンプが獲得出来ない事が有るのと自分の生活圏内にパッと思い出しても30台位ありますが、1台もコカ・コーラゼロが入っていない,自動販売機が接続が不安定でたまにスタンプが獲得出来ない,608
g_1787,coke_on,2023-12-17 05:49:27,更新してからドリンクチケットが見られなくなった,ドリンクチケットが見られなくなった,609
g_1791,coke_on,2023-10-26 15:05:07,認識せずにスタンプが貰えない事が多い,認識せずにスタンプが貰えない,611
g_1792,coke_on,2023-12-13 17:32:10,コカ・コーラ自販機なのに、使える自販機なのにアプリ使えないのがイライラする,コカ・コーラ自販機なのに、使える自販機なのにアプリ使えない,612
g_1793,coke_on,2023-11-25 11:32:08,bluetooth接続するも3m程度離れただけで自販機と接続が解除されたりと、ダイドーのスマイルスタンドのアプリのほうが遥かに優秀,bluetooth接続するも3m程度離れただけで自販機と接続が解除されたり,613
g_1795,coke_on,2023-12-11 22:09:02,5回に1回は買えないが引かれるし戻らない,買えないが引かれるし戻らない,614
g_771,coke_on,2023-12-20 12:03:10,接続されて商品をお買い上げくださいと出でいるのに買った後スタンプが貰えない,接続されて商品をお買い上げくださいと出でいるのに買った後スタンプが貰えない,616
g_1798,coke_on,2023-10-30 17:55:17,購入して下さいの表示で購入しても接続が切れて、ポイントがつかない事が多い,購入して下さいの表示で購入しても接続が切れて、ポイントがつかない,616
g_1801,coke_on,2023-11-01 13:25:12,残念だ通知がずっと消えない,通知がずっと消えない,617
g_1807,coke_on,2023-10-17 16:31:02,スタンプがたまりチケットを貰ってもスタンプはそのまま表示されているので新たなスタンプが何個あるのかしばらくわからない,新たなスタンプが何個あるのかしばらくわからない,619
g_1811,coke_on,2023-11-25 11:32:08,の画面に戻り、得られるはずのスタンプが捺印されないバグが頻繁に発生している,得られるはずのスタンプが[UNK]されない,621
g_1818,coke_on,2023-12-19 01:41:40,仕方が無いのでそのままbluetoothを切ると自販機に勝手に接続しようとしておかしくなるバグが出てまともに動かない,bluetoothを切ると自販機に勝手に接続しようとしておかしくなるバグが出てまともに動かない,622
g_1820,coke_on,2023-10-06 09:44:05,bluetoothがスマホをかなり近づけないと接続から外れるので使いづらい,bluetoothがスマホをかなり近づけないと接続から外れる,624
g_1822,coke_on,2023-10-18 13:18:03,当たらないアプリ利用が低くなり始めた*́艸`,当たらないアプリ利用が低くなり始めた,625
g_1824,coke_on,2023-10-30 16:39:36,cokeonの自販機に繋がりが悪く購入してもnoポイントご何回もあったり交信に時間が掛かり購入を諦めたりもした,cokeonの自販機に繋がりが悪く購入してもnoポイントご何回もあったり交信に時間が掛かり,626
g_1826,coke_on,2023-10-20 18:59:55,paypayとも連携していてキャッシュレスで自販機使えるサービスは良いと思いますが、アプリが不安定すぎて時間かけた上で使えないことが多々あります,アプリが不安定すぎて時間かけた上で使えない,627
g_1828,coke_on,2023-11-02 08:50:43,カードを削除して、新しいかーど登録しても不可、もう買えないのでチケットもつかえないもうお手上げです,カードを削除して、新しいかーど登録しても不可、もう買えないのでチケットもつかえない,628
g_1834,coke_on,2023-11-22 12:14:59,便利なんですが、かなりの確率で自販機に接続出来ず、シャットダウン→再起動させてからでないと繋がらないのが不便です,自販機に接続出来ず、シャットダウン→再起動させてからでないと繋がらない,630
g_1837,coke_on,2023-10-01 23:07:14,誕生日キャンペーン特典のスタンプ2倍というのをやっていたが他のキャンペーンと併用不可なのに期間もろ被りで機能せず、あれは、キャンペーン期間中スタンプ2倍ではなく誕生日スタンプ1個配布でいいのでは,他のキャンペーンと併用不可なのに期間もろ被りで機能せず,631
g_1838,coke_on,2023-12-11 22:09:02,問い合せも出来ない,問い合せも出来ない,632
g_1845,coke_on,2023-10-01 09:54:46,回線繋がっていない時、androidデスクトップに切り替える事が出来ない本アプリが必ず最前面に来る,回線繋がっていない時、androidデスクトップに切り替える事が出来ない,634
g_1853,coke_on,2023-10-20 13:26:43,改善していただき、消費されたポイントを返していただけないでしょうか,消費されたポイントを返していただけないでしょうか,637
g_1858,coke_on,2023-11-16 08:20:57,あと知り合いはandroidで今でも接続悪いみたいなので、もうosの相性の問題だと思ってる,接続悪いみたいなので、もうosの相性の問題,639
g_1859,coke_on,2023-10-18 21:09:13,5時から12時月曜日のスタンプ2倍の通知が月曜日の19時に今頃来ましたが通知するの遅過ぎません,通知するの遅過ぎません,640
g_1860,coke_on,2023-12-07 19:01:47,xperiaからgooglepixelに機種変してから、使えなくなりました,xperiaからgooglepixelに機種変してから、使えなくなりました,641
g_1862,coke_on,2023-10-16 09:41:27,起動も決済も遅い,起動も決済も遅い,643
g_1421,coke_on,2023-10-02 11:23:32,何度か試すと戻る事もありますが、かなりの確率で情報が取得できないと出ます,何度か試すと戻る事もありますが、かなりの確率で情報が取得できないと出ます,644
g_1864,coke_on,2023-11-08 02:58:02,何度か試すと戻る事もありますが、かなりの確率で情報が取得できないと出ます,何度か試すと戻る事もありますが、かなりの確率で情報が取得できないと出ます,644
g_1871,coke_on,2023-11-27 18:47:43,半年程使用して特に不安定な点は見られません,不安定な点は見られません,646
g_871,coke_on,2023-12-17 12:13:08,googlepixel7aでは使えないよ,googlepixel7aでは使えない,648
g_1873,coke_on,2023-10-26 19:57:13,googlepixel7aでは使えないよ,googlepixel7aでは使えない,648
g_1879,coke_on,2023-11-07 19:53:06,レビューしても改善する様子が全くない,改善する様子が全くない,651
g_1885,coke_on,2023-12-19 12:11:47,センサー前に当てていて、商品購入時に若干ずれただけで繋げていますの画面になってしまう,センサー前に当てていて、商品購入時に若干ずれただけで繋げていますの画面になってしまう,652
g_725,coke_on,2023-10-28 18:40:39,無いようにして欲しい,無いようにして欲しい,653
g_1886,coke_on,2023-10-28 18:40:39,無いようにして欲しい,無いようにして欲しい,653
g_1887,coke_on,2023-12-20 17:14:38,連続して購入する際に一度bluetoothが切れてしまったり、再度繋がったと思ったら勝手に切れたりする,連続して購入する際に一度bluetoothが切れてしまったり、再度繋がったと思ったら勝手に切れたりする,654
g_1899,coke_on,2023-11-19 22:43:45,コラボはファンからすれば抽選の画面、落選の画面ですら見ていたいので、非常にガッカリする,コラボはファンからすれば抽選の画面、落選の画面ですら見ていたい,657
g_1900,coke_on,2023-11-30 18:39:01,検証せずに出してるっぽいバグだらけアプリ,検証せずに出してるっぽいバグだらけアプリ,658
g_1901,coke_on,2023-10-11 02:26:41,自販機の検索と合わせて、その自販機の販売してる種類と値段も知りたい,自販機の検索と合わせて、その自販機の販売してる種類と値段も知りたい,659
g_1902,coke_on,2023-11-26 08:18:37,小銭持ってなくて、飲みたいときに飲めないって最悪ですよね,小銭持ってなくて、飲みたいときに飲めない,660
g_1912,coke_on,2023-11-10 23:56:35,許可したくないものもあるのだから、設定からオフにさせてほしい,設定からオフにさせてほしい,664
g_1916,coke_on,2023-12-15 10:31:39,また、アプリで購入すると商品が出るまで時間がかかるため、後ろに人が並んでいるとハラハラします,アプリで購入すると商品が出るまで時間がかかる,666
g_1917,coke_on,2023-12-02 17:24:03,お得度はまちがいない・・・が自販機前でのテンポの遅さと引換自販機に依存しないキャンペーンも多くあるのでお得ではあるのですが・・・場合によってはあえて現金で買う勇気も必要,自販機前でのテンポの遅さと引換自販機に依存しないキャンペーンも多くある,667
g_1919,coke_on,2023-11-28 18:18:46,今回のチャレンジミッションの20秒以内に30本タッチするゲームは画面タップの感度設定を弄っても対象物への反応が悪く、その上残り時間が短くなった途端流れる速度が上がるのがとても意地悪く感じました,20秒以内に30本タッチするゲームは画面タップの感度設定を[UNK]ても対象物への反応が悪く、その上残り時間が短くなった途端流れる速度が上がる,668
g_1920,coke_on,2023-11-04 10:23:36,指示通りに画面から選ぶと支払いに進むが、自販機のボタンを押すと接続が切断される,自販機のボタンを押すと接続が切断される,669
g_1922,coke_on,2023-12-14 02:31:47,他のイベントでも、まだ抽選してないのに〈本日は抽選済みです〉と表示される,他のイベントでも、まだ抽選してないのに〈本日は抽選済みです〉と表示される,670
g_1925,coke_on,2023-10-08 20:02:32,もう1本プレゼントとかポイント切れるってなっても近くに、この自販がないから今まで何本もムダにした,もう1本プレゼントとかポイント切れるってなっても近くに、この自販がない,671
g_1927,coke_on,2023-11-10 18:28:26,bluetooth接続がイマイチスマホで決済しない場合は少し離れても切断されるしスマホ決済するとcokeonが通信する前にsuicaで決済されちゃってスタンプがつかなかったりする,bluetooth接続がイマイチスマホで決済しない場合は少し離れても切断されるしスマホ決済するとcokeonが通信する前にsuicaで決済されちゃってスタンプがつかなかったりする,672
g_1928,coke_on,2023-11-26 17:30:46,ただ、死ぬほど使いづらい,死ぬほど使いづらい,673
g_1709,coke_on,2023-10-19 05:41:40,いつも一発で繋がったことがない,一発で繋がったことがない,674
g_1929,coke_on,2023-11-07 19:53:06,いつも一発で繋がったことがない,一発で繋がったことがない,674
g_1930,coke_on,2023-12-11 21:43:43,11月30日辺りのアプリのリニューアル後より、自販機と劇的に繋がりにくくなった,自販機と劇的に繋がりにくくなった,675
g_1932,coke_on,2023-10-19 07:49:01,ブルートゥースのせいではなく販売機が反応しづらいのが難点,ブルートゥースのせいではなく販売機が反応しづらい,676
g_1933,coke_on,2023-11-01 05:40:11,それら全てが登録出来て、メインカードとして自販機利用時にチョイス出来る様になれば、或いは、おサイフケータイアプリと連携して頂ければ尚良と思います,それら全てが登録出来て、メインカードとして自販機利用時にチョイス出来る様になれば,677
g_1934,coke_on,2023-10-03 09:06:13,cokeonpayの決済に成功しても時間が掛かり過ぎかつ失敗する率もかなり高く、後ろに並んでいる人がいるような混雑した場所会社の朝の時間などでは確実に使えない,cokeonpayの決済に成功しても時間が掛かり過ぎ,678
g_1935,coke_on,2023-12-10 14:24:17,スマホが古い時にはアプリの動きが遅く重くて買えない時も有ったが新機種にしたらかなり速くなりほぼ解決した,アプリの動きが遅く重くて買えない,679
g_1936,coke_on,2023-10-14 19:28:40,ただ、ドリンクチケットのエラーは無いので星2つ,ドリンクチケットのエラーは無い,680
g_1940,coke_on,2023-11-02 16:48:13,自販機とのペアリングに1秒以上かかるのは決済サービスとしてありえない,自販機とのペアリングに1秒以上かかる,682
g_1942,coke_on,2023-11-01 15:12:05,sharpのものは問題なく、googleのものはほぼ死亡、差がありすぎますねコカ・コーラ社の飲料は美味しいですから、自販機で買うのはもうやめた方が良いのではないか、と感じました,sharpのものは問題なく、googleのものはほぼ死亡、差がありすぎます,683
g_1945,coke_on,2023-11-25 10:46:34,自販機の前でモタモタしなければならない部分が多すぎる,自販機の前でモタモタしなければならない部分が多すぎる,685
g_1951,coke_on,2023-12-13 11:10:07,何回やっても自販機と通信しないゼロ距離にいるのに通信不良は無いだろwまじでゴミこれに注ぎ込んだもの全部返せ,自販機と通信しないゼロ距離にいるのに通信不良は無い,687
g_1957,coke_on,2023-12-10 07:52:25,最近、エラーばかりでスキャンしても反映されない,エラーばかりでスキャンしても反映されない,690
g_1959,coke_on,2023-12-07 17:38:05,ただの購入者のデータを欲しいだけの登録だというのがわかる,ただの購入者のデータを欲しいだけの登録,691
g_1960,coke_on,2023-10-10 18:58:30,自販機との通信に時間がアホほどかかる,自販機との通信に時間がアホほどかかる,692
g_1967,coke_on,2023-10-23 20:20:28,決済アプリとしては秀逸なので、選択させてもらえると嬉しいです,選択させてもらえると嬉しい,694
g_1971,coke_on,2023-11-23 12:58:02,コラボのミニゲームも結果が分からないままトップページに戻ったり、見たいページをタップすると該当ページとトップページをひたすら行ったり来たりしてたりと、使いづらいと思うことが多い,コラボのミニゲームも結果が分からないままトップページに戻ったり、見たいページをタップすると該当ページとトップページをひたすら行ったり来たりしてたり,697
g_1972,coke_on,2023-12-18 09:11:24,確率がおかしいと思います,確率がおかしい,698
g_1975,coke_on,2023-11-29 14:10:38,が、ストレージ容量が足りなくなると、時々エラーで買えなくなるので、完全にお財布要らずとはなりません,ストレージ容量が足りなくなると、時々エラーで買えなくなる,701
g_1976,coke_on,2023-11-22 19:25:52,ただ自販機とスマホの距離が関係してるのかたまにスタンプが取得できない時がある,自販機とスマホの距離が関係してるのかたまにスタンプが取得できない,702
g_555,coke_on,2023-10-17 08:25:07,・接続遅い,接続遅い,703
g_675,coke_on,2023-10-27 09:28:08,とにかくつながりにくい,つながりにくい,703
g_758,coke_on,2023-12-19 10:09:26,繋がりの悪さはいっこうに改善されない,繋がりの悪さ,703
g_795,coke_on,2023-12-13 10:08:49,リニューアルしてから接続が悪くなって使いにくい残念です,接続が悪くなって,703
g_870,coke_on,2023-11-29 06:37:20,面倒くさい,面倒くさい,703
g_897,coke_on,2023-10-27 06:49:16,たまに繋がりにくい,繋がりにくい,703
g_1053,coke_on,2023-11-30 16:13:07,薄くて分かりづらいときがあるので,薄くて分かりづらい,703
g_1078,coke_on,2023-10-11 19:16:12,とにかく接続が悪い,接続が悪い,703
g_1367,coke_on,2023-10-24 15:11:15,通信も遅いから雨に濡れる,通信も遅い,703
g_1486,coke_on,2023-11-26 17:30:46,死ぬほど使いづらいが、たまーにしか使わない自販機で1本無料になるのがありがたい,使いづらい,703
g_1589,coke_on,2023-11-06 23:53:44,数年前、アプリを使ったが余りに使いにくく使用をやめていた,使いにくく,703
g_1655,coke_on,2023-11-21 08:37:20,使いづらい,使いづらい,703
g_1672,coke_on,2023-10-21 14:30:33,通信速度が遅い,通信速度が遅い,703
g_1713,coke_on,2023-10-30 12:47:28,たまに接続不良で使いにくい時もあるけど,接続不良,703
g_1736,coke_on,2023-12-08 10:07:48,不便,不便,703
g_1771,coke_on,2023-11-22 20:50:16,繋がりにくい,繋がりにくい,703
g_1977,coke_on,2023-12-13 12:35:42,最近自販機に繋げようとすると、接続が遅い,接続が遅い,703
g_2018,coke_on,2023-12-15 14:09:36,便利ではない,便利ではない,703
g_2074,coke_on,2023-10-19 07:49:01,繋がりにくい,繋がりにくい,703
g_2234,coke_on,2023-10-23 14:03:19,cokeonアプリを使ってるが、どうにも遅い,遅い,703
g_2323,coke_on,2023-10-21 21:47:46,最悪繋がりにくい,繋がりにくい,703
g_2329,coke_on,2023-11-01 16:38:26,年寄りには少し使い方が難しかったですが,使い方が難しかった,703
g_2364,coke_on,2023-11-23 16:12:22,使いにくいです,使いにくい,703
g_2368,coke_on,2023-10-23 08:28:42,繋がりづらく使えない時がある,繋がりづらく,703
g_2372,coke_on,2023-12-13 17:32:10,更新したら、使いづらい,使いづらい,703
g_2412,coke_on,2023-12-15 17:56:18,2023/12接続エラーや、購入通信中のエラーが少なくなってストレスが緩和しました,接続エラー,703
g_1979,coke_on,2023-10-09 00:11:03,自動販売機の反応の悪さはありますが、許容範囲内です,自動販売機の反応の悪さ,704
g_1993,coke_on,2023-10-06 09:40:40,時間を浪費させられて迷惑,時間を浪費させられて,708
g_1186,coke_on,2023-11-19 19:23:26,アプリ作るのそんなに難しいの,アプリ作るのそんなに難しい,709
g_1994,coke_on,2023-10-17 16:31:02,アプリの画面がゴチャゴチャしていてやりたい事を選ぶのにひと苦労する,アプリの画面がゴチャゴチャしていてやりたい事を選ぶのにひと苦労,709
g_1997,coke_on,2023-11-08 20:59:36,もっと工夫して連続購入の時間短縮を検討願う,連続購入の時間短縮を検討願う,710
g_2001,coke_on,2023-11-19 12:20:09,paypayくらいの手軽さにはならないのか,paypayくらいの手軽さにはならないのか,714
g_2004,coke_on,2023-12-11 22:09:02,チケットも出ないが取られる,チケットも出ない,715
g_2006,coke_on,2023-10-13 06:26:27,コークオンパス、コークオンペイに対応した自販機はかなり増えてます,コークオンパス、コークオンペイに対応した自販機はかなり増えてます,717
g_2009,coke_on,2023-10-06 17:54:55,ですがコークオン対象じゃないとできないので周りにコークオン対象自販機がないと意味がないんです,周りにコークオン対象自販機がないと意味がない,718
g_2010,coke_on,2023-11-12 13:31:56,あまりに認識されないから手書きにしたら小文字入力できない,認識されないから手書きにしたら小文字入力できない,719
g_2012,coke_on,2023-11-19 19:23:26,裏で抽選されてるとは思うけど、バーコードで貯めるやつまた抽選するとエラーになってポイント消えんねんけど,バーコードで貯めるやつまた抽選するとエラーになってポイント消えん,720
g_898,coke_on,2023-12-06 05:39:19,最近、エラーが多すぎる,エラーが多すぎる,722
g_927,coke_on,2023-11-15 17:40:50,本当にエラー多すぎる,エラー多すぎる,722
g_1191,coke_on,2023-12-02 12:25:11,他の方も書いてますが、本来は毎日購入してるし使ってるから大好きなアプリですが、エラーが多すぎてイヤになります,エラーが多すぎ,722
g_1686,coke_on,2023-12-04 10:32:16,細かな不具合が多いけど、自販機を頻繁に利用する人にはお得です,細かな不具合が多い,722
g_1954,coke_on,2023-11-14 07:05:31,エラーが多すぎる,エラーが多すぎる,722
g_2020,coke_on,2023-12-13 17:32:10,あとエラーも多すぎ,エラーも多すぎ,722
g_2040,coke_on,2023-10-04 07:58:49,エラーが多すぎる,エラーが多すぎる,722
g_2276,coke_on,2023-12-18 08:07:58,とにかくエラーが多すぎる,エラーが多すぎる,722
g_2021,coke_on,2023-11-27 16:53:14,キャップのスキャンやqrコードに対応した商品をもっと増やして欲しい,キャップのスキャンやqrコードに対応した商品をもっと増やして欲しい,723
g_2022,coke_on,2023-12-17 12:13:08,販売機の前で時間を費やすの、ほんとに時間の無駄,販売機の前で時間を費やす,724
g_538,coke_on,2023-12-11 21:38:04,今日気づいたけれど、歩数の累計が見えなくなったの何で,歩数の累計が見えなくなった,729
g_2035,coke_on,2023-10-08 19:32:34,急に歩数がカウントされなくなった,歩数がカウントされなくなった,729
g_2393,coke_on,2023-11-07 19:53:06,追記まあまあ繋がりやすくなったが、相変わらず歩数をカウントしていない期間が度々あり、スタンプが思い通りにたまらない,歩数をカウントしていない,729
g_2037,coke_on,2023-11-17 10:41:21,自販機には押し易い立派なボタンが備わっているのに、わざわざスマホにやらせる理由が無い,自販機には押し易い立派なボタンが備わっているのに、わざわざスマホにやらせる,730
g_2038,coke_on,2023-10-31 01:29:59,もっとスムーズなアプリになることを願う,もっとスムーズなアプリになることを願う,731
g_2039,coke_on,2023-10-18 21:09:13,電子決済も接続悪いしナメてる,電子決済も接続悪いしナメてる,732
g_2043,coke_on,2023-10-21 20:22:00,過去のカードを見返す機能を強く希望します,過去のカードを見返す機能を強く希望します,735
g_759,coke_on,2023-12-15 22:31:29,キャンペーン期間中毎日ドリンクを購入しても当たらない,キャンペーン期間中毎日ドリンクを購入しても当たらない,736
g_2047,coke_on,2023-10-20 07:09:25,ドリンクチケットが当たって受け取りを押しても反映しませんが、どうしてでしょうか,ドリンクチケットが当たって受け取りを押しても反映しません,736
g_2060,coke_on,2023-10-13 16:24:48,リアルゴ-ルドのゲームが年寄りには難しい,ルドのゲームが年寄りには難しい,739
g_2064,coke_on,2023-12-14 17:07:41,cokeon対応していない自販機でもポイントが貯まるようにして欲しいです,cokeon対応していない自販機でもポイントが貯まるようにして欲しい,740
g_2065,coke_on,2023-10-23 20:09:31,ただ、アプリを立ち上げてすぐに使おうとした時と、絶対に表示される何かが毎回重なって、それを見たいわけじゃないのに絶対にそれを触ってしまって、無駄な取り消し作業が発生するのが毎回すごくストレス,無駄な取り消し作業が発生する,741
g_2066,coke_on,2023-10-29 12:39:23,商品を認識しているが出てこない,商品を認識しているが出てこない,742
g_2068,coke_on,2023-11-30 12:05:56,さっきアプリを開くとアップデートしてくださいと表示が出てgoogleplayに飛んで更新しようとするとアプリを開くのボタンしか出ません,アプリを開くとアップデートしてくださいと表示が出てgoogleplayに飛んで更新しようとするとアプリを開くのボタンしか出ません,744
g_2077,coke_on,2023-11-30 18:39:01,今日の歩数も出たかと思ったら次開いた時0になってたりしてマトモに動いてない,次開いた時0になってたりしてマトモに動いてない,747
g_2082,coke_on,2023-11-16 08:20:57,11追記→最近はiphoneで使ってるけど特に大きなトラブルはないが、買いたいタイミングで起動して広告表示は邪魔なので、購入後スタンプの前に表示とかにしてほしい,買いたいタイミングで起動して広告表示は邪魔なので、購入後スタンプの前に表示とかにしてほしい,749
g_2086,coke_on,2023-11-27 11:46:06,カウントはちゃんとしてるようですが、当日の歩数が分からないので星3です,当日の歩数が分からない,750
g_2088,coke_on,2023-10-19 19:39:22,接続してから商品が出てきて接続が終了するまでに時間がかかるので、後ろで待っている人がいるとお金を入れて買うようにしています,接続してから商品が出てきて接続が終了するまでに時間がかかる,751
g_2092,coke_on,2023-11-26 10:11:19,突然エラーが出るようになりチケット画面を開こうとしてもアプリが落ちる,チケット画面を開こうとしてもアプリが落ちる,753
g_2093,coke_on,2023-11-21 22:00:25,直接ic決済できる自販機なら買うのに5秒もかからない,直接ic決済できる自販機なら買うのに5秒もかからない,754
g_2100,coke_on,2023-11-10 12:31:20,繋がってもスタンプが来ない事が多い,繋がってもスタンプが来ない,757
g_2103,coke_on,2023-12-06 22:53:25,自販機で購入するときも通信時間が長くて後ろに並んでる人に気を使う,自販機で購入するときも通信時間が長くて,760
g_2105,coke_on,2023-12-04 09:58:56,自販機3台と繋がらず、試行錯誤の結果、再起動して繋がったが、途中、会員ログインと追加設定をしたためか、過去のスタンプが消えていた,自販機3台と繋がらず、試行錯誤の結果、再起動して繋がったが、途中、会員ログインと追加設定をしたためか、過去のスタンプが消えていた,761
g_2109,coke_on,2023-10-12 23:57:30,5000歩以外を選ぶメリットがない,5000歩以外を選ぶメリットがない,763
g_2111,coke_on,2023-11-01 18:34:14,またスマホ自体の歩数とマッチしていないので、スマホと歩数を連動させるか自分で反映できるようにして欲しい,スマホ自体の歩数とマッチしていないので、スマホと歩数を連動させるか自分で反映できるようにして欲しい,764
g_589,coke_on,2023-11-19 22:43:45,自販機の位置を探せるが、実際になかったりマップに載ってないのにあったりする,自販機の位置を探せるが、実際になかったりマップに載ってないのにあったりする,765
g_2112,coke_on,2023-10-28 22:02:20,マイ自販機はどこのヤツかわからないので、マップとかで見れるようにしてほしい,マイ自販機はどこのヤツかわからないので、マップとかで見れるようにしてほしい,765
g_2113,coke_on,2023-10-05 07:19:47,全然繋がらないし、paypay決済した後で接続が切れて金だけ盗まれた,全然繋がらないし、paypay決済した後で接続が切れて,766
g_2304,coke_on,2023-11-14 07:05:31,payに接続できないから、もらったチケットも使えない,payに接続できないから、もらったチケットも使えない,766
g_2360,coke_on,2023-10-05 07:19:47,全然繋がらないし、paypay決済した後で接続が切れて金だけ盗まれた,全然繋がらないし、paypay決済した後で接続が切れて,766
g_2118,coke_on,2023-10-28 20:07:10,ラインの広告ばっかりで、近々アプリを削除するよ,ラインの広告ばっかりで、近々アプリを削除する,769
g_2120,coke_on,2023-12-13 19:31:01,通知と重なるせいなのかわからないけど、いつまでも繋がらず、icなど使用して購入するハメになり二度手間になる,いつまでも繋がらず、icなど使用して購入するハメになり二度手間になる,770
g_2127,coke_on,2023-10-06 08:14:35,バーコードのイベントが無くなって、ショック;゚д゚,バーコードのイベントが無くなって,772
g_2128,coke_on,2023-12-10 15:29:34,内容はいいけど、急に接続できなくなってしまう,急に接続できなくなってしまう,773
g_2130,coke_on,2023-10-23 00:04:02,janコードを読み取らせても本日は獲得済みですと表示されて一向にポイントが貯まらずちいかわに応募できません,janコードを読み取らせても本日は獲得済みですと表示されて一向にポイントが貯まらずちいかわに応募できません,774
g_2133,coke_on,2023-10-12 07:38:45,スタンプやチケットなどのデータは無駄になり、ただの容量を食うゴミになってしまいました,スタンプやチケットなどのデータは無駄になり、ただの容量を食うゴミになってしまいました,775
g_902,coke_on,2023-10-30 04:28:31,楽しいですが、時々cokeon反応しないのでそれさえなければokー,cokeon反応しない,776
g_2134,coke_on,2023-12-02 19:17:44,なかなかcokeonpayに接続ならない,cokeonpayに接続ならない,776
g_2139,coke_on,2023-12-01 20:59:55,通信状態関係なく接続出来ないことが多く、端末再起動すれば改善されるけど時間ないときにやりたくない,通信状態関係なく接続出来ない,779
g_2141,coke_on,2023-12-10 15:03:12,あとは色々ありすぎて特典もらうのが面倒くさい,##さい,781
g_2149,coke_on,2023-10-05 22:07:00,ゲームが何もクリアできない,ゲームが何もクリアできない,787
g_2151,coke_on,2023-11-09 00:32:33,チケットを使って画面スワイプで選んだはずなのに別の決算から引かれるし違い商品が出てくるしめんどくさい割に最悪対応も悪いし使えない,チケットを使って画面スワイプで選んだはずなのに別の決算から引かれるし違い商品が出てくるしめんどくさい,788
g_2152,coke_on,2023-11-17 10:41:21,先客に、アプリ開いて接続して商品選んで、とやられると、早うせえよ,アプリ開いて接続して商品選んで、とやられると、早うせえ,789
g_2157,coke_on,2023-10-19 00:13:11,また花火大会イベント等も復活してほしい,花火大会イベント等も復活してほしい,791
g_2159,coke_on,2023-11-30 20:13:40,あと、チャージし忘れていて使えない時があるので、手っ取り早く、paypay後払いが使えると助かります,チャージし忘れていて使えない時がある,793
g_2164,coke_on,2023-12-02 20:18:24,設置場所の情報を乗せてほしい,設置場所の情報を乗せてほしい,797
g_2165,coke_on,2023-11-10 18:16:31,★は一つしか付けられません,一つしか付けられません,798
g_2167,coke_on,2023-11-29 13:31:04,問い合わせをしてもキャッシュを消す、1度アンインストールする、と案内されますが改善しません,問い合わせをしてもキャッシュを消す,799
g_2168,coke_on,2023-11-01 07:13:37,自販機の中全部コークオンで買えるわけではないのですね残念です,自販機の中全部コークオンで買えるわけではない,800
g_2172,coke_on,2023-10-15 12:51:08,2023/10/07再評価1点目、アプリでqrコードを読み込んで、ポイントを貯めようとすると、ポイントが貯まらないのと、ルーレット等もやってないのに、やったことになり、ハズレとなってる,ポイントが貯まらない,801
g_2175,coke_on,2023-11-30 12:05:20,アップデートする以外タップ出来ずアップデートするをタップしてマーケットに飛ばされるけどアップデートが来てない,タップ出来ずアップデートするをタップしてマーケットに飛ばされる,802
g_2179,coke_on,2023-10-18 08:33:18,夏にサーバーがパンクするのか、後でまた鯉と謂われることがある現金投入と謂う手段も提示してくれないと、これを思い出せないユーザーもいる,夏にサーバーがパンクする,804
g_2191,coke_on,2023-12-07 17:38:05,それと生年月日などを入力するのに、それらはデータ復活にはなんのキーにもならない,データ復活にはなんのキーにもならない,807
g_2195,coke_on,2023-12-13 20:52:27,ドラクエウォークで当たったクーポンコードを入れても、長時間操作がなかったためタイムアウトされました,ドラクエウォークで当たったクーポンコードを入れても、長時間操作がなかったためタイムアウトされました,809
g_2197,coke_on,2023-10-09 08:14:47,スタンプ3倍の日があれば最高,スタンプ3倍の日があれば最高,811
g_2198,coke_on,2023-11-08 16:05:40,スマートウォッチが手元に無いので少し効率は悪いですが、キャンペーンなどを利用すると思った以上にスタンプが溜まってお得感があります,スマートウォッチが手元に無い,812
g_2199,coke_on,2023-12-07 17:38:05,普段使いは特に不便は感じない,普段使いは特に不便,813
g_2208,coke_on,2023-11-01 15:12:05,携帯の機種によってはほぼ繋がらず、使っていて得をしたという実感はあまりありません,携帯の機種によってはほぼ繋がらず,814
g_2211,coke_on,2023-10-02 15:04:32,2飲みたいものが自販機によって取り扱いがない場合があるので、検索できるようになると便利現状だと、購入したことのある自販機でお気に入り登録した場合のみ,飲みたいものが自販機によって取り扱いがない場合がある,817
g_2214,coke_on,2023-11-23 14:55:07,二週間チャレンジで時間内に本数を当てるのは難しくなって、出来ない,時間内に本数を当てるのは難しくなって、出来ない,818
g_2219,coke_on,2023-11-11 19:36:13,データセーバー設定を変えないと表示が出続けるので使いづらい,データセーバー設定を変えないと表示が出続ける,819
g_2231,coke_on,2023-12-07 08:05:29,贔屓にしてるからこそ、ドリンクの種類にも少しバリエーションが広まると嬉しいです,[UNK]にしてるからこそ、ドリンクの種類にも少しバリエーションが広まると嬉しい,823
g_2236,coke_on,2023-10-19 05:41:40,と言っている割には全く歩数をカウントしていない期間が一ヶ月あったりする,歩数をカウントしていない期間が一ヶ月あったりする,826
g_2390,coke_on,2023-11-07 19:53:06,と言っている割には全く歩数をカウントしていない期間が一ヶ月あったりする,歩数をカウントしていない期間が一ヶ月あったりする,826
g_2237,coke_on,2023-11-25 10:46:34,ダイドーのアプリに比べると煩わしい部分が多い,ダイドーのアプリに比べると煩わしい部分が多い,827
g_2242,coke_on,2023-12-09 20:38:38,2倍デーなどでpointは溜まりやすいけど、スーパーやドラッグストアより50円以上高いので、夏場の余程じゃないと買うのをためらう,買うのをためらう,828
g_2245,coke_on,2023-12-15 03:30:03,アプリ自体は、ウォーキングに使えたり、自販機でドリンクをお得にゲット出来たり便利ですが、バッテリーを消費し過ぎです,バッテリーを消費し過ぎ,829
g_2248,coke_on,2023-10-27 21:41:23,ご注意をココに記載されてるメールに送信すると変な所から返信がすぐ消す,ご注意をココに記載されてるメールに送信すると変な所から返信がすぐ消す,831
g_2249,coke_on,2023-10-24 13:37:24,散歩コースに自販機は数台あるが電子決済できる機器は1台だけ,電子決済できる機器は1台だけ,832
g_2251,coke_on,2023-10-29 16:05:21,キャッシュレス2倍のキャンペーンが終わるとたまるスピード遅くなるからどうしようかな,キャッシュレス2倍のキャンペーンが終わるとたまるスピード遅くなる,833
g_2255,coke_on,2023-10-23 00:32:51,端末が悪いのか自販機が悪いのか解りませんがブルートゥースの断絶を繰り返して使い物になならないことが多々発生する,ブルートゥースの断絶を繰り返して使い物になならない,834
g_2256,coke_on,2023-11-02 16:48:13,id対応自販機のほうが100倍有意義な決済体験ができる,id対応自販機のほうが100倍,835
g_2258,coke_on,2023-11-14 12:33:59,どんなきつい言葉を使っても足りないくらいひどい,どんなきつい言葉を使っても足りない,836
g_1519,coke_on,2023-10-29 10:47:41,キャップ裏コードが読み込まない手入力してももう一度入力しろと言われ進めない,キャップ裏コードが読み込まない手入力してももう一度入力しろと言われ進めない,837
g_2259,coke_on,2023-12-13 09:03:33,キャップ裏コードが読み込まない手入力してももう一度入力しろと言われ進めない追記アップデート以降、起動できなくなりました,キャップ裏コードが読み込まない手入力してももう一度入力しろと言われ進めない追記アップデート以降、起動できなくなりました,837
g_2262,coke_on,2023-12-11 09:32:34,累計1000万歩を目指してみようを達成してから更新されない,累計1000万歩を目指してみようを達成してから更新されない,839
g_2265,coke_on,2023-12-13 09:59:50,cmやイベントのお知らせよりも、まずは素早く購入出来る様にして欲しい,cmやイベントのお知らせよりも、まずは素早く購入出来る様にして欲しい,841
g_2267,coke_on,2023-11-01 17:31:05,もう少し、自販機の感度が良いといいのですが,自販機の感度が良いといい,842
g_2272,coke_on,2023-11-07 08:46:26,後ろに並ばれると焦ります,後ろに並ばれる,844
g_2275,coke_on,2023-11-06 23:53:44,しかし設定するを押すと2022年,設定するを押すと2022年,845
g_2277,coke_on,2023-11-29 06:37:20,ただでさえ使い勝手の悪いアプリで買おうとしたら残高不足と出るのは気分が悪い,使い勝手の悪いアプリで買おうとしたら残高不足と出る,847
g_2280,coke_on,2023-10-18 21:09:13,周りも買えないって怒ってましたし違う自販機の方がオススメかな,周りも買えない,848
g_2282,coke_on,2023-10-17 10:35:23,それもマニュアルな文章しか帰ってこない,マニュアルな文章しか帰ってこない,849
g_2283,coke_on,2023-10-15 12:51:08,コスタのみしか使えないクーポンが、11月末日で切れるのに商品が無いのは詐欺ではないのか,コスタのみしか使えないクーポンが、11月末日で切れるのに商品が無い,850
g_2285,coke_on,2023-12-11 16:27:14,時々、自販機のリーダーが、読み込まなくて、ポイントを2つもらえませんでした,自販機のリーダーが、読み込まなくて、ポイントを2つもらえません,851
g_2287,coke_on,2023-11-30 16:19:21,建物内にある自販機は重なってしまうためどれか分からない,建物内にある自販機は重なってしまう,852
g_2288,coke_on,2023-10-17 21:09:32,期限切れ近くのチケットがあると接続が悪くなる,期限切れ近くのチケットがあると接続が悪くなる,853
g_2290,coke_on,2023-10-19 08:01:55,反応が悪いしないことがしばしばある,反応が悪いしない,854
g_1168,coke_on,2023-11-12 21:21:19,アプリを起動しても開かないし常にエラーせっかく頑張った歩数のカウントも測定されないし自販機や店で購入したバーコードのポイントも何故かノーカウント,アプリを起動しても開かない,860
g_1332,coke_on,2023-10-24 07:09:50,アプリと自販機が繋がらない,アプリと自販機が繋がらない,860
g_1506,coke_on,2023-11-16 20:12:57,最近アプリの起動ができなくて困っている,アプリの起動ができなくて,860
g_2160,coke_on,2023-11-30 12:05:56,その繰り返しで、アプリが開けません,アプリが開けません,860
g_2177,coke_on,2023-12-13 04:21:56,アプリの意味がない,アプリの意味がない,860
g_2247,coke_on,2023-12-17 12:56:42,自動販売機に表示がありながら、アプリを繋ごうとしても、付近に自動販売機が有りません、だと❢❢信用出来ない,自動販売機に表示がありながら、アプリを繋ごうとしても、付近に自動販売機が有りません,860
g_2303,coke_on,2023-10-12 07:38:45,先週くらいから突然アプリが開けなくなりました,アプリが開けなくなりました,860
g_2305,coke_on,2023-10-18 16:20:37,機種変した時に引き継ぎが出来なかったのが悔しい,機種変した時に引き継ぎが出来なかった,862
g_2309,coke_on,2023-10-19 07:49:01,当たりの少ない懸賞ならやめてほしい,当たりの少ない懸賞ならやめてほしい,864
g_2310,coke_on,2023-10-10 14:13:10,折角集めても意味がないのでキャンペーンはやるだけ無駄だと思います,折角集めても意味がない,865
g_2313,coke_on,2023-10-30 17:55:17,又、月曜日は、ポイント2倍だからか、10時頃は繋がらない,10時頃は繋がらない,866
g_2314,coke_on,2023-10-12 18:01:21,毎回ここでしか問い合わせできないのか,毎回ここでしか問い合わせできないのか,867
g_2315,coke_on,2023-11-01 13:00:29,地方のボトラーズ会社だとダメなんですかね,地方のボトラーズ会社だとダメなんですか,868
g_2316,coke_on,2023-11-29 06:37:20,しょっちゅう接続が途切れたとかで買えないことがある、返金はされるがアプリの安定性は高めてほしい,しょっちゅう接続が途切れたとかで買えないことがある、返金はされるがアプリの安定性は高めてほしい,869
g_2317,coke_on,2023-10-17 10:35:23,そして、問い合わせしても3〜4日以降にやっと返信が来る,問い合わせしても3〜4日以降にやっと返信が来る,870
g_1231,coke_on,2023-10-05 21:33:41,もう少し簡単にしてください,もう少し簡単にしてください,871
g_2147,coke_on,2023-10-24 10:12:43,何とかしてください,何とかしてください,871
g_2321,coke_on,2023-11-10 23:03:23,次やる時はもっと分かり安くしてください,分かり安くしてください,871
g_2325,coke_on,2023-11-30 13:25:51,自販機接続を解除しても勝手に何度でも繋がるのが非常に面倒,自販機接続を解除しても勝手に何度でも繋がる,873
g_2327,coke_on,2023-10-05 21:33:41,今回のリアルゴールドのチャレンジが難しすぎます,リアルゴールドのチャレンジが難しすぎます,874
g_2263,coke_on,2023-10-17 10:35:23,キャンペーン毎にエラーが発生する,キャンペーン毎にエラーが発生する,878
g_2337,coke_on,2023-12-08 11:10:07,キャンペーンのときにエラーが多いです,キャンペーンのときにエラーが多い,878
g_1006,coke_on,2023-10-26 12:40:50,ミニゲームのジョージア小型缶がタップしても反応が鈍く、殆ど反応しないのでクリアー出来ないのですが,反応が鈍く、殆ど反応しない,879
g_1652,coke_on,2023-11-30 13:25:51,反応が遅いのが気になる,反応が遅い,879
g_2340,coke_on,2023-11-11 16:24:21,設置場所のせいなのか、反応が非常に遅いことがあり、あきらめた事が数回ある,反応が非常に遅い,879
g_2397,coke_on,2023-12-18 08:19:17,唯一不満な点としては挙動が全体的に遅いため、買いたいときに一旦立ち止まるような感覚になります,挙動が全体的に遅い,879
g_2341,coke_on,2023-11-27 18:47:43,商品データの遣り取りがあるので、リアルタイムにデータを取れる筈だが地権者とのアレコレとかややこしい事もあるので、結構頑張ってるんじゃないかな,地権者とのアレコレとかややこしい事もある,880
g_1225,coke_on,2023-10-07 21:12:54,コード読み取れないので、お手本の動画見せてほしい,コード読み取れない,881
g_2346,coke_on,2023-12-10 11:52:23,コード読み取りできません,コード読み取りできません,881
g_2348,coke_on,2023-11-19 21:43:11,アプリを使用してないけど、バッテリー使用料を見るとアイドル状態になっていて、電池の減りが早いです,バッテリー使用料を見るとアイドル状態になっていて、電池の減りが早い,883
g_2352,coke_on,2023-11-26 17:06:01,商品も売切れではないです,商品も売切れではない,885
g_2359,coke_on,2023-11-17 10:55:11,歩数が切れてしまう,歩数が切れてしまう,887
g_2361,coke_on,2023-12-15 22:31:29,昨年くらいから異様にキャンペーン関連の無料チケットが全く当たらなくなりました,キャンペーン関連の無料チケットが全く当たらなくなりました,889
g_754,coke_on,2023-10-19 07:50:39,最近、バーコードやqrコード、キャップ裏コードが巧く読み取れません,バーコードやqrコード、キャップ裏コードが巧く読み取れません,892
g_2370,coke_on,2023-11-19 21:43:11,最近、バーコードやqrコード、キャップ裏コードが巧く読み取れません,バーコードやqrコード、キャップ裏コードが巧く読み取れません,892
g_2373,coke_on,2023-10-10 17:40:36,また自販機によってアプリでの購入が不可なものもあるなど使い勝手は必ずしも良くない,自販機によってアプリでの購入が不可なものもある,894
g_2374,coke_on,2023-11-06 08:32:52,動作不良でキャッシュ削除をしたらline連携・登録していたキャッシュレス決済も削除されてしまい登録情報が消えてしまいました,動作不良でキャッシュ削除をしたらline連携・登録していたキャッシュレス決済も削除されてしまい登録情報が消えてしまいました,895
g_2379,coke_on,2023-10-30 16:49:13,複数の電子マネーがインストールされていると選べない,複数の電子マネーがインストールされていると選べない,897
g_2380,coke_on,2023-10-19 07:08:37,データが引き継がれると書いてあったので再ログインしたらスタンプとか全部消えた,再ログインしたらスタンプとか全部消えた,898
g_2381,coke_on,2023-11-17 10:55:11,対策方法をしているが、なかなか繋がらない,対策方法をしているが、なかなか繋がらない,899
g_2382,coke_on,2023-11-10 23:03:23,ただ今やっているキャンペーンのキャップを読み取るやつ全然読み取れないし、手入力も何が書いて有るか分かりづらい,手入力も何が書いて有るか分かりづらい,900
g_2383,coke_on,2023-10-10 18:58:30,4、5倍の時間がかかる,4、5倍の時間がかかる,901
g_2384,coke_on,2023-12-11 09:32:34,2000万歩到達しても変化がない,2000万歩到達しても変化がない,902
g_2385,coke_on,2023-10-17 10:57:05,恐ろしいことに新規登録が出来ない,新規登録が出来ない,903
g_2386,coke_on,2023-10-02 07:39:34,更新ボタンを押して画面を読み込む動作を朝の通勤で急いでいる時に3分くらいかけないといけないのはかなり厳しい,更新ボタンを押して画面を読み込む動作を朝の通勤で急いでいる時に3分くらいかけないといけない,904
g_2387,coke_on,2023-11-19 17:01:23,サポートに問い合わせてもこちらの環境に問題があるかのように言われ解決しません,サポートに問い合わせてもこちらの環境に問題がある,905
g_2388,coke_on,2023-10-28 18:29:37,脱水で死ぬ,脱水で死ぬ,906
g_1854,coke_on,2023-11-23 16:50:00,また、ドリンクチケットの利用法が、今一つ理解しにくく、ドリンクチケット購入したつもりが、通常購入になる場合が多々ある,ドリンクチケットの利用法が、今一つ理解しにくく、ドリンクチケット購入したつもりが、通常購入になる場合が多々ある,908
g_2391,coke_on,2023-12-04 11:42:22,意外とドリンクチケットが早くたまり有難いです利用しているとしてないじゃえらい違うと思います,意外とドリンクチケットが早くたまり有難いです利用しているとしてないじゃえらい,908
g_2392,coke_on,2023-11-07 09:26:18,購入出来なかった商品が直ぐに返金されたので★1から★3にしました,購入出来なかった商品が直ぐに返金された,909
g_2408,coke_on,2023-12-05 11:50:09,今後としては、コーラ置いてるファミレスとか牛丼チェーン店とかとコラボしてくれると嬉しいかも*́꒳`*,コーラ置いてるファミレスとか牛丼チェーン店とかとコラボしてくれると嬉しい,913
g_2409,coke_on,2023-12-18 08:19:17,多くの自動販売機がほぼキャッシュレス決済できない中、コカコーラのみ利用できる安心感があります,多くの自動販売機がほぼキャッシュレス決済できない,914
g_2413,coke_on,2023-10-12 20:30:48,アプリを起動しなくても歩数計がカウントしてくださいます,アプリを起動しなくても歩数計がカウントしてくださいます,916
g_2433,coke_on,2023-11-20 10:35:03,非常に良いとは思いますが、良くリブートして、やりたいことが、なかなかできない,やりたいことが、なかなかできない,920
g_2435,coke_on,2023-11-01 13:00:29,殆ど対応していない,殆ど対応していない,921
