g_3095,line_music,2023-12-07 16:57:46,もう消えろ,もう消えろ,1
g_3099,line_music,2023-11-15 18:44:37,何度も曲が勝手に止まる,何度も曲が勝手に止まる,3
g_3100,line_music,2023-11-18 09:25:05,おすすめリストはいらないので非表示にできるようにとか、その他通知をもっと細かく分けてフォローしているアーティストの新曲通知だけほしいのに、フォローユーザーのどうでもいい情報まで一緒に来るから紛らわしいとかそのへん改善してください,おすすめリストはいらないので非表示にできるようにとか、その他通知をもっと細かく分けてフォローしているアーティストの新曲通知だけほしい,4
g_3102,line_music,2023-11-15 18:40:44,プレイリストが全て消えたのですが、何の不具合ですか,プレイリストが全て消えた,5
g_3103,line_music,2023-12-19 00:16:56,これで私の端末の問題だったら申し訳ないですアプリ側の不具合なのであれば早めに改善していただきたいです,アプリ側の不具合,6
g_3104,line_music,2023-12-08 18:44:43,といった楽曲の情報がないので、先入観のない曲や動画の触りだけのスクロールで選ぶ、感覚的なプレイリスト作りがしやすい,といった楽曲の情報がない,7
g_3105,line_music,2023-11-03 14:00:42,またストアの用語の意味も重複しており何を指しているのか分かりづらい,ストアの用語の意味も重複しており何を指しているのか分かりづらい,8
g_3106,line_music,2023-11-15 19:26:37,どうにか対処してもらえないでしょうか、,どうにか対処してもらえないでしょうか,9
g_3109,line_music,2023-11-03 14:00:42,音楽の検索や再生が非常に使いづらく、使っていてストレス,音楽の検索や再生が非常に使いづらく,10
g_3111,line_music,2023-11-15 19:19:38,"使用が変わってなのか気に入らない部分もあるが1ヶ月間曲を設定すると次の1ヶ月まで待たなきゃいけないから、それはしんどい異論反論あると思うけど,使って損はないと思う",使用が変わってなのか気に入らない部分もあるが1ヶ月間曲を設定すると次の1ヶ月まで待たなきゃいけない,12
g_3116,line_music,2023-11-15 19:48:19,一時的に開けないことがたまにあって、そこを直して欲しいです,一時的に開けない,13
g_3120,line_music,2023-11-13 20:52:20,機能を嫌がっている人は反映されないようにしてほしい,機能を嫌がっている人は反映されないようにしてほしい,15
g_3121,line_music,2023-11-26 17:43:55,聞いていてもアプリがすぐ落ちてまともに音楽が聞けない,アプリがすぐ落ちてまともに音楽が聞けない,16
g_3122,line_music,2023-10-22 21:59:35,シャッフルプレイをしていると、一曲一曲再生が止まるようになってしまいました,シャッフルプレイをしていると、一曲一曲再生が止まる,17
g_3126,line_music,2023-10-12 19:11:31,何年も使い続けてて我慢してきたけどもう限界,何年も使い続けてて我慢してきたけどもう限界,19
g_3127,line_music,2023-12-02 15:27:19,曲か、途中で終わってしまい、数日前までは、最後まで聴けません、何故ですか,最後まで聴けません,20
g_3134,line_music,2023-11-15 18:44:37,歌詞が間違ってる,歌詞が間違ってる,22
g_3135,line_music,2023-10-24 02:27:45,全ての操作が手探り総当たりで非常に分かりづらい,全ての操作が手探り総当たりで非常に分かりづらい,23
g_3137,line_music,2023-11-15 18:44:37,有料会員なのに1部の曲課金しないといけないのが許せない,有料会員なのに1部の曲課金しないといけない,24
g_3138,line_music,2023-11-04 03:32:23,間違いまくり,間違いまくり,25
g_3139,line_music,2023-11-15 23:58:10,チケット月額払ってても無料に戻してもbgm設定が出来ません,bgm設定が出来ません,26
g_3140,line_music,2023-10-09 22:14:16,前々からバグのようなものは多く起きていたが最近は、聞きたい曲があって検索してもすべて検索結果はありませんと出てきます,聞きたい曲があって検索してもすべて検索結果はありませんと出てきます,27
g_3141,line_music,2023-11-15 18:40:44,かなりの曲数があったので、1から作るとなると手間がかかりすぎるので何とかならないもんですか,1から作るとなると手間がかかりすぎる,28
g_3144,line_music,2023-11-12 18:35:23,しかも、サビから始まるのもあれば、最初から始まるのもあるので、どっちかに決めて欲しい,サビから始まるのもあれば、最初から始まるのもあるので、どっちかに決めて欲しい,29
g_3146,line_music,2023-11-20 22:39:53,再生キャンペーンで課金したのにエラーで再生できません,再生キャンペーンで課金したのにエラーで再生できません,30
g_3147,line_music,2023-11-20 08:56:59,殆どのサービスに不満は無いのですがフレンズチョイスの機能をどうにかしていただきたいです,フレンズチョイスの機能をどうにかしていただきたい,31
g_3148,line_music,2023-11-20 18:31:47,再生キャンペーンチャレンジしてるんですが3日経ってもtop50に反映されないのでちと不安だったけど20曲以上の再生を改めてしたらちゃんと出た,top50に反映されない,32
g_3149,line_music,2023-10-22 21:59:35,曲数をダウンロードしすぎてアプリが重くなってしまったのでしょうか,曲数をダウンロードしすぎてアプリが重くなってしまった,33
g_3150,line_music,2023-11-29 17:30:56,昔購入した安室奈美恵やゼブラヘッドの曲も聞けない,昔購入した安室奈美恵やゼブラヘッドの曲も聞けない,34
g_3151,line_music,2023-12-15 07:51:50,毎月更新されるたびにラインスタンプを設定し直さなくてはならないのが無茶苦茶面倒くさい,毎月更新されるたびにラインスタンプを設定し直さなくてはならない,35
g_3152,line_music,2023-11-15 23:58:10,アプリ自体消してインストールし治してもなおらない,アプリ自体消してインストールし治してもなおらない,36
g_3153,line_music,2023-11-11 02:00:11,たまにならともかく、有線ヘッドホン、bluetooth、他の画面操作時や、スマホの画面を閉じただけでも聴けなくなります,有線ヘッドホン、bluetooth、他の画面操作時や、スマホの画面を閉じただけでも聴けなくなります,37
g_3154,line_music,2023-11-02 21:19:06,lineが使えなく成りました、間違って消してしまい無効に成った,lineが使えなく成りました,38
g_3156,line_music,2023-11-15 19:40:50,急にページが読み込めませんと表示され、音楽が聴けなくなりました,ページが読み込めませんと表示され、音楽が聴けなくなりました,39
g_3157,line_music,2023-11-15 18:44:37,エラーで音源が読み込めないと表示される,エラーで音源が読み込めないと表示される,40
g_3161,line_music,2023-10-06 20:38:22,自分の使い方だとちょうど良いプランの為、継続で使えている人もいる中での突然の解約は非常に残念です,突然の解約,41
g_3162,line_music,2023-10-09 16:31:30,すでに設定方法があれば教えて下さい,すでに設定方法があれば教えて下さい,42
g_3165,line_music,2023-10-24 02:27:45,不要な機能はこんなにもわかりやすく存在してるのにそれを消す方法は驚くほど小さなところに幽閉されている,不要な機能はこんなにもわかりやすく存在してるのにそれを消す,44
g_3166,line_music,2023-11-29 21:21:01,なんで特定のアーティストの曲だけをまとめてるのに、全く関係ない人の曲おすすめしてくるの,特定のアーティストの曲だけをまとめてるのに、全く関係ない人の曲おすすめしてくる,45
g_3167,line_music,2023-10-17 18:05:19,解約方法がややこしい,解約方法がややこしい,46
g_3168,line_music,2023-10-07 11:25:20,検索しようとしたら広告が表示されて検索内容が見えないため、一度アプリを閉じて検索してますが、検索の邪魔をしてまで広告を提示したいですか,広告が表示されて検索内容が見えない,47
g_3169,line_music,2023-11-15 18:53:00,携帯の再起動すればと思って演っても変わらず、ずっと一時的にページを読み込めませんになってて、聴けない状態,一時的にページを読み込めませんになってて、聴けない,48
g_3171,line_music,2023-11-15 18:53:00,とりあえず、今すぐ対応してください,今すぐ対応してください,49
g_3172,line_music,2023-11-03 16:42:10,せめて、無料とかくんじゃなくて月額いくらというのもかいてほしい,せめて、無料とかくんじゃなくて月額いくらというのもかいてほしい,50
g_3174,line_music,2023-10-09 16:31:30,結論から言うとプレイリスト内のおすすめ表示が邪魔なので、無くせとまでは言わないけど、せめて個人設定でオン・オフの切り替えができるようにしてほしいです,プレイリスト内のおすすめ表示が邪魔,52
g_3175,line_music,2023-11-20 08:56:59,誰がどの曲を聴いたか分からないとはいえマニアックな曲を聴くことが多いので、lineの友達に表示されてしまうと自分だと分かってしまうのでとても不快です,誰がどの曲を聴いたか分からないとはいえマニアックな曲を聴くことが多い,53
g_3176,line_music,2023-11-29 17:30:56,低レベルなアプリです,低レベルなアプリ,54
g_3179,line_music,2023-10-07 11:25:20,改善した場合のみ約束を果たしたものとし、改善がないものは無視してると判断します,改善した場合のみ約束を果たしたものとし、改善がないものは無視してると判断します,55
g_3180,line_music,2023-12-20 18:30:24,1時間に5~6回再生が止まってます,1時間に5~6回再生が止まってます,56
g_3187,line_music,2023-12-02 21:39:37,通信環境がいい場合でも、ダウンロード済みの楽曲でも関係なくこの現象が多発してます,通信環境がいい場合でも、ダウンロード済みの楽曲でも関係なくこの現象が多発してます,57
g_3189,line_music,2023-11-15 19:15:24,最近使えなくなったlineの方でも聞けなくなったしlinemusicの方でも聞けなくなった,使えなくなったlineの方でも聞けなくなったしlinemusicの方でも聞けなくなった,58
g_3191,line_music,2023-12-15 02:24:57,ただ一つ不満な点があるとしたら、とにかく落ちやすいということです,とにかく落ちやすい,60
g_3195,line_music,2023-11-03 16:42:10,自分が好きな曲をbgmにできるのはいいんだけど、1ヶ月無料のところを押すと無料じゃなくてお金をとられるのは少し納得がいかない,1ヶ月無料のところを押すと無料じゃなくてお金をとられる,61
g_3196,line_music,2023-11-28 14:11:30,同じ曲でも保存するプレイリストが別になると重複してdlされるので無駄な容量がとられる,同じ曲でも保存するプレイリストが別になると重複してdlされる,62
g_3201,line_music,2023-12-02 21:39:37,再生中にもかかわらず再生している楽曲が途切れ途切れになったり、プレイリスト内で曲が終了して次の曲に切り替わって再生時間は進んでいるのに音が聞こえなかったり、数秒遅れたところから再生がはじまったり、途切れ途切れになったりする,再生中にもかかわらず再生している楽曲が途切れ途切れになったり、プレイリスト内で曲が終了して次の曲に切り替わって再生時間は進んでいるのに音が聞こえなかったり、数秒遅れたところから再生がはじまったり、途切れ途切れになったりする,63
g_3202,line_music,2023-10-17 18:05:19,解約出来ない,解約出来ない,64
g_3203,line_music,2023-10-05 19:51:24,linemusicチケットでかなり金取ってるくせに購入楽曲配信終了した曲聴けなくしてるしそのせいで以前楽曲購入し購入楽曲を保存してるほとんどのプレイリストの編集等に影響が出てこっちは問題の曲を全て削除して新たに同じタイトルの曲を探してプレイリストに保存し直さないといけない手間ね,購入楽曲配信終了した曲聴けなくしてる,65
g_3204,line_music,2023-10-30 19:43:08,有料で使えば不自由しないと思います,有料で使えば不自由しない,66
g_3206,line_music,2023-10-12 19:11:31,しかも、新曲でてもほかのサブスクでは反映されてるのlinemusicではまだ出てないことも何度もあった,新曲でてもほかのサブスクでは反映されてるのlinemusicではまだ出てない,67
g_3208,line_music,2023-11-29 17:30:56,最近、権利元のリクエストにより再生できませんていうのが増えた,権利元のリクエストにより再生できません,68
g_3209,line_music,2023-11-26 09:30:03,イヤホンを差し込むと、アプリを起動していないのに曲が勝手に再生されるようになりました,アプリを起動していないのに曲が勝手に再生されるようになりました,69
g_3210,line_music,2023-12-09 21:40:36,アプリを閉じてても音楽を聞けるのはとても良いのですが、試し聞きのようなサビの部分しか聞けないというのが大きく、★2にさせていただきました,試し聞きのようなサビの部分しか聞けない,70
g_3212,line_music,2023-11-15 19:21:48,今日アプリ開いたら、使えなくなった,アプリ開いたら、使えなくなった,71
g_3190,line_music,2023-11-15 18:48:13,突然エラーになり音楽が聴けなくなった,エラーになり音楽が聴けなくなった,72
g_3213,line_music,2023-11-15 19:42:32,エラーで音楽が読み込まない,エラーで音楽が読み込まない,72
g_3304,line_music,2023-10-25 23:46:40,エラーが発生したため再生を停止しましたと来て最悪今もその曲が聞けないしなにやっても解決しない,エラーが発生したため再生を停止しましたと来て最悪今もその曲が聞けない,72
g_3214,line_music,2023-10-22 21:59:35,対応よろしくお願いします,対応よろしくお願いします,73
g_3215,line_music,2023-11-15 18:42:39,急にエラーが出てなにも聴けなくなりました,エラーが出てなにも聴けなくなりました,74
g_3217,line_music,2023-11-15 19:03:57,エラーが発生となって、一切聞けなくなった,エラーが発生となって、一切聞けなくなった,74
g_3297,line_music,2023-11-15 18:53:00,他は大丈夫かと思われたが、全て聴けなくなった,全て聴けなくなった,74
g_3405,line_music,2023-11-15 19:28:13,あとエラー発生してて聴けへん民がそこらにめっちゃいるねん,エラー発生してて聴けへん,74
g_3411,line_music,2023-11-17 00:00:22,何時も楽しく使用させて頂いておりこのアプリ内での課金や定期購入には何時もgoogleplayを使用していたのですがそれが使用出来なくなっていて非常に不便です,使用出来なくなっていて非常に不便,74
g_3419,line_music,2023-11-15 19:30:45,急に、さっきからエラーと出て使えない,エラーと出て使えない,74
g_3220,line_music,2023-10-07 12:51:10,早くlineミュージック繋げてください,早くlineミュージック繋げてください,76
g_3223,line_music,2023-11-22 23:04:27,林原めぐみやポルノグラフィティなどの曲がカラオケ機能の対象外なので、カラオケ機能を追加してほしいです,林原めぐみやポルノグラフィティなどの曲がカラオケ機能の対象外なので、カラオケ機能を追加してほしい,77
g_3224,line_music,2023-11-13 19:05:44,操作感はいいが、機能が少なく音質が悪い,機能が少なく音質が悪い,78
g_3229,line_music,2023-10-19 20:40:07,今まで不便なくアプリを使っていましたが、今日音楽を聴こうとアプリを開くとダウンロードした楽曲が全て消えていました,アプリを開くとダウンロードした楽曲が全て消えていました,80
g_3232,line_music,2023-11-15 19:08:10,プロフィールを設定してくださいとの表示もありますがプロフィールタップしても反応ありません,プロフィールタップしても反応ありません,81
g_3233,line_music,2023-11-08 17:51:24,ログアウトしてみたり、再インストールしても直りません,ログアウトしてみたり、再インストールしても直りません,82
g_3234,line_music,2023-10-05 19:51:24,更には書作権の関連で曲が聞けなくなったかと思いきや同じ曲同じアルバムを再度出してはまた著作権の関連で聞けなくなるの繰り返し何がしたいの,書作権の関連で曲が聞けなくなった,83
g_3237,line_music,2023-11-04 21:37:16,なので、広告が減ればまた使うかな,広告が減ればまた使うかな,85
g_3238,line_music,2023-11-15 23:58:10,一時的なエラーという文言がずっと出ます,一時的なエラーという文言がずっと出ます,86
g_3239,line_music,2023-11-02 19:50:27,途中で止めたいときタスクを切ってもバックグラウンドで再生され続けるのが個人的には不便なのですが、これを求めてる利用者もいるんだろうなとは思います,途中で止めたいときタスクを切ってもバックグラウンドで再生され続ける,87
g_3241,line_music,2023-11-23 11:36:26,有料会員なのですが、作成してダウンロードしたプレイリストをかけていると、曲が変わった時に再生されているにも関わらず音が聞こえない不具合があまりにも多すぎます,音が聞こえない,88
g_3353,line_music,2023-10-12 16:16:13,昨日から急に音が出なくなりました,音が出なくなりました,88
g_3242,line_music,2023-11-18 03:24:05,支払っても何日しても使えないし、支払って4日位してショップに行って店員が色々やったらやっと使えるようになった,支払っても何日しても使えない,89
g_3243,line_music,2023-11-15 19:50:17,そして再生もできず、プレイリストも何もかもアクセス不能,再生もできず、プレイリストも何もかもアクセス不能,90
g_3245,line_music,2023-12-02 15:27:19,もう一度登録し直さなければならないのですか,もう一度登録し直さなければならないのですか,92
g_3248,line_music,2023-12-19 00:16:56,最近再生中で途中で止まり、アプリを開いて再生しようとすると最初からになってます,再生中で途中で止まり、アプリを開いて再生しようとすると最初からになってます,93
g_3249,line_music,2023-11-15 18:44:37,曲と歌詞の流れがズレてる,曲と歌詞の流れがズレてる,94
g_3252,line_music,2023-10-04 22:43:14,プレイリストが100個を超えると機能に制約が出る,プレイリストが100個を超えると機能に制約が出る,95
g_3236,line_music,2023-10-08 17:13:37,バックグラウンド再生しても途中でアプリが落ちます,バックグラウンド再生しても途中でアプリが落ちます,96
g_3253,line_music,2023-10-19 19:15:39,急にアプリが落ちたり、回線が途切れる事があり使用に耐えません,急にアプリが落ちたり、回線が途切れる,96
g_3254,line_music,2023-11-04 07:49:02,歌詞を見るボタンをタップしても表示されない,歌詞を見るボタンをタップしても表示されない,97
g_3255,line_music,2023-12-06 23:28:14,機種変してログインしたら毎回linemusicのウェブサイトに飛ばされてしまいます,機種変してログインしたら毎回linemusicのウェブサイトに飛ばされてしまいます,98
g_3256,line_music,2023-10-07 11:25:20,約束できないとか言ってるけど、改善は一切ありません,約束できない,99
g_3257,line_music,2023-10-14 16:02:37,なんやかんや難しいあれこれをしてやっと定期購入を解約するカタチで退会できた,なんやかんや難しいあれこれをしてやっと定期購入を解約するカタチで退会できた,100
g_3259,line_music,2023-10-19 19:15:39,だらしねぇ,だらしねぇ,101
g_3262,line_music,2023-11-20 22:39:53,と表示され全く再生数どころか再生できない,再生数どころか再生できない,103
g_3264,line_music,2023-10-24 02:27:45,しかし、音楽を聴きに来た人間がこんな悍ましい脱出ゲームをやらされてマトモな精神を保てるだろうか,しかし、音楽を聴きに来た人間がこんな[UNK]ましい脱出ゲームをやらされてマトモな精神を保てるだろうか,104
g_3268,line_music,2023-12-02 21:39:37,プレイリスト再生という、最低限かつ重要な機能に欠陥があり非常に残念です,プレイリスト再生という、最低限かつ重要な機能に欠陥があり,105
g_3269,line_music,2023-10-09 16:31:30,プレイリストで流したい曲下にある曲を選びたい時、下へスクロールしたときに選びたい曲を通過して興味のないおすすめの曲まで行ってしまうのがストレスです,プレイリストで流したい曲下にある曲を選びたい時、下へスクロールしたときに選びたい曲を通過して興味のないおすすめの曲まで行ってしまう,106
g_3270,line_music,2023-10-15 22:09:15,音楽の再生には満足してますが、呼出音に設定している音楽がうるさすぎて耳が痛くなるとクレームを受けます,呼出音に設定している音楽がうるさすぎ,107
g_3271,line_music,2023-10-19 20:40:07,アプリを入れ直してもwi-fiをつなぎ直しても直ることはなく、私自身かなりの楽曲をダウンロードして聴いていたのでとてもショックです,アプリを入れ直してもwi-fiをつなぎ直しても直ることはなく,108
g_3272,line_music,2023-10-30 19:43:08,今度料金体制が変わるみたいで、取り敢えず使えなくなるものがあり、その他使わないので、削除,料金体制が変わるみたいで、取り敢えず使えなくなるものがあり,109
g_3228,line_music,2023-11-15 19:17:42,一時的にページを開けません,ページを開けません,110
g_3274,line_music,2023-11-15 19:11:04,朝は使えていたのに、仕事終わり夜使おうとしたら一時的にページを読み込めませんもう一度お試しくださいと表示され何度もアプリを起動しなおしたが全く改善されず、挙句の果てに再インストールしたが全く改善しないどうにかしろ,ページを読み込めません,110
g_3354,line_music,2023-11-15 19:04:31,更新きて更新しても一時的にページを読み込めませんで出てきます,ページを読み込めませんで出てきます,110
g_3390,line_music,2023-11-15 19:08:10,一時的にページを読めません,ページを読めません,110
g_3276,line_music,2023-11-28 14:11:30,同じ曲ならdlした曲のキャッシュデータは共有してほしい,同じ曲ならdlした曲のキャッシュデータは共有してほしい,111
g_3277,line_music,2023-11-03 14:00:42,何より無料期間が終わると利用していなくても問答無用で月額料金が獲られてしまう癖に、解約手続きは難解,無料期間が終わると利用していなくても問答無用で月額料金が獲られてしまう,112
g_3278,line_music,2023-11-03 14:00:42,無料期間の試用すらオススメできない,無料期間の試用すらオススメできない,113
g_3280,line_music,2023-11-17 00:00:22,しかし他の方法での決済を一切考えてはいないのでgoogleplayを使用出来る様にして下さい,googleplayを使用出来る様にして下さい,114
g_3283,line_music,2023-11-15 18:49:18,どうにかしてほしい,どうにかしてほしい,116
g_3284,line_music,2023-10-21 19:59:05,デスクトップ版も出して欲しい,デスクトップ版も出して欲しい,117
g_3286,line_music,2023-12-04 21:40:30,定期購入がストアから何故かなくなりました,定期購入がストアから何故かなくなりました,119
g_3291,line_music,2023-10-05 16:43:52,植木等の曲、増やして欲しい,植木等の曲、増やして欲しい,120
g_3294,line_music,2023-10-22 21:59:35,スマートフォンが重くなっているかも知れないと思い、端末を再起動してキャッシュを削除したものの、変わらず再生がすぐ止まります,スマートフォンが重くなっているかも知れないと思い、端末を再起動してキャッシュを削除したものの、変わらず再生がすぐ止まります,122
g_3296,line_music,2023-10-07 11:25:20,犬神サーカス団の瓶づめの胎児のタイトルが瓶詰めの胎児になってるので改善をお願いします,犬神サーカス団の瓶づめの胎児のタイトルが瓶詰めの胎児になってるので改善をお願いします,123
g_3298,line_music,2023-10-14 16:02:37,ラインナップは気に入ってたしダウンロードすればwifiなしでもいつでも聴けたので、アプリを閉じても聴けたのでとても良かったけど、月額料金高すぎるので解約しました,月額料金高すぎる,125
g_3301,line_music,2023-12-19 23:07:45,lineのプロフィールに音楽をフルサイズで設定できないです,lineのプロフィールに音楽をフルサイズで設定できない,126
g_3302,line_music,2023-10-12 19:11:31,好きな曲が聞けない状況に陥ることが何度もあった有名なグループでも,好きな曲が聞けない,127
g_3098,line_music,2023-12-01 07:01:43,不便なんだけど,不便,130
g_3285,line_music,2023-12-19 23:07:45,以前より使いづらいです,使いづらい,130
g_3305,line_music,2023-11-15 19:28:13,使いにくいくっそやりづらい,使いにくい,130
g_3306,line_music,2023-11-04 03:32:23,予告なく楽曲が消えるわ、同姓同名ではあれどまったく違う声のアーティストに紐付けするわ,予告なく楽曲が消える,131
g_3308,line_music,2023-10-09 22:14:16,どんなに有名ですでにlinemusicで配信してるアーティストも全て検索結果無しと表示されます,検索結果無しと表示されます,132
g_3312,line_music,2023-10-24 02:27:45,現在も音楽を再生しながら書き込んでいるのだが、何故か同じ曲を繰り返してばかりで先に進まない,同じ曲を繰り返してばかりで先に進まない,133
g_3313,line_music,2023-10-19 19:15:39,シャッフル再生は完全にランダムではなくシリーズ再生になることが多く不快です,シャッフル再生は完全にランダムではなくシリーズ再生になる,134
g_3317,line_music,2023-11-03 14:00:42,アプリから解約すると解約できませんと断ってくる癖に金取るときは非常にスムーズである,アプリから解約すると解約できません,135
g_3318,line_music,2023-11-20 22:39:53,すべて最新にアップデートもしておりログインしなおしたりアプリアンスト→インストしなおしても全く直らない,ログインしなおしたりアプリアンスト→インストしなおしても全く直らない,136
g_3320,line_music,2023-10-20 09:40:11,有料なら歌詞情報がありませんではなく表示できるようにして欲しい,歌詞情報がありませんではなく表示できるようにして欲しい,137
g_3321,line_music,2023-11-15 19:28:13,聴けへんくなっとるやんけこら,聴けへんくなっとる,138
g_3326,line_music,2023-11-04 07:49:02,他の端末では表示されているのに、android13だと表示されないんですか,android13だと表示されないんですか,140
g_3282,line_music,2023-10-08 17:13:37,更新しても設定しても治らないのでアンインストールしました,更新しても設定しても治らない,141
g_3327,line_music,2023-11-15 19:08:10,もう一度お試し下さいの表示がされ更新しても改善されません,もう一度お試し下さいの表示がされ更新しても改善されません,141
g_3337,line_music,2023-11-15 19:15:24,更新したのに聞けない,更新したのに聞けない,141
g_3376,line_music,2023-10-21 15:24:11,無料体験がおわりけいぞくしてかきんされるはずが定期更新されてないのでなんとかしてください,定期更新されてない,141
g_3328,line_music,2023-10-07 17:14:18,googleplay残高での支払いができなくて困ってます,googleplay残高での支払いができなくて,142
g_3329,line_music,2023-11-12 18:35:23,音楽は聞けて、アルバムとか見れていいけど、30秒しか見れないから物足りない感じです,30秒しか見れない,143
g_3163,line_music,2023-11-20 22:39:53,キャンペーンのために課金したのにこれじゃ意味なくて返金してほしい至急対応してください,キャンペーンのために課金したのにこれじゃ意味なくて返金してほしい,144
g_3330,line_music,2023-11-15 19:04:31,これなおるんですかねなおらなければ今日課金したのに返金してほしいです,課金したのに返金してほしい,144
g_3331,line_music,2023-10-09 16:31:30,個人的にはわりとサービスに満足していましたが、最近のアップデートでおすすめ表示が追加された件についてお願いがあります,最近のアップデートでおすすめ表示が追加された件についてお願いがあります,145
g_3333,line_music,2023-11-15 18:49:18,画面真っ暗のまま,画面真っ暗のまま,146
g_3334,line_music,2023-11-15 19:30:45,アンインストしてインストしてもエラー,アンインストしてインストしてもエラー,147
g_3336,line_music,2023-11-11 12:31:46,プレイリスト自体を並び替えできるようにして欲しい,プレイリスト自体を並び替えできるようにして欲しい,148
g_3339,line_music,2023-11-17 00:00:22,又、私はクレジットカードや決済機能のアプリを使用していないのでとても辛いです,クレジットカードや決済機能のアプリを使用していない,150
g_3341,line_music,2023-11-15 19:18:06,聴きたい曲が聞けるのはいいことなんだけど、急に音が止まるし、エラー発生してなかなか開けなくなるのが多くなってきて不満が増えてきました,急に音が止まるし、エラー発生してなかなか開けなくなる,151
g_3343,line_music,2023-11-13 20:52:20,フレンズチョイスという機能、本人が嫌でも勝手に使われるというのがひどいです,フレンズチョイスという機能、本人が嫌でも勝手に使われる,152
g_3345,line_music,2023-10-15 22:09:15,音量調整できるようにしてほしいです,音量調整できるようにしてほしい,153
g_3346,line_music,2023-10-06 18:32:03,bgmに設定してから数分は時間を開けないとlineで再生ができないけどそこまで気にはならないかな,bgmに設定してから数分は時間を開けないとlineで再生ができない,154
g_3348,line_music,2023-11-15 18:40:44,もう元に戻らないのでしょうか,元に戻らないのでしょうか,155
g_3350,line_music,2023-11-15 19:08:10,有償契約にも関わらずトラブルが多いですね,有償契約にも関わらずトラブルが多い,156
g_3352,line_music,2023-12-09 21:40:36,最後まで聞けるようにしていただきたいです,最後まで聞けるようにしていただきたい,157
g_3355,line_music,2023-10-03 20:43:35,それと、シングルで出してる曲は、バージョン違いのみなどにせず、全バージョン違いでアップしてください,シングルで出してる曲は、バージョン違いのみなどにせず、全バージョン違いでアップしてください,160
g_3356,line_music,2023-11-15 19:18:06,はやく改善して下さい,はやく改善して下さい,161
g_3357,line_music,2023-11-15 18:44:50,プロフ欄もみれない状態です,プロフ欄もみれない,162
g_3358,line_music,2023-12-12 11:30:15,カラオケとか要らん機能よりも検索が一言一句合ってないとヒットされないシステムをどうにかしてほしいです,カラオケとか要らん機能よりも検索が一言一句合ってないとヒットされない,163
g_3360,line_music,2023-11-04 03:32:23,仕事の精度が低すぎる,仕事の精度が低すぎる,165
g_3362,line_music,2023-11-15 18:44:37,結論、運営は適当にしか仕事してない,運営は適当にしか仕事してない,166
g_3293,line_music,2023-11-15 19:26:37,アプリの仕組み的には使いやすくていつも愛用させてもらっていましたが、急に音楽が読み込めなくなって更新を押しても治らないし、アインストールしても治らなくて困ってます,急に音楽が読み込めなくなって更新を押しても治らないし、アインストールしても治らなくて,167
g_3363,line_music,2023-11-15 18:53:27,lineミュージック開いたら、更新して下さいって表示されたから、アップデートしたのに更新のままで見れないし、音楽も聴けない,lineミュージック開いたら、更新して下さいって表示されたから、アップデートしたのに更新のままで見れないし、音楽も聴けない,167
g_3173,line_music,2023-10-12 19:11:31,kpopを主に聞くんですけど、急に聞けなくなる曲が結構な頻度であり、数ヶ月以上改善されないことも,急に聞けなくなる,168
g_3366,line_music,2023-11-15 18:49:18,昨日まで聴けていたが急に聴けなくなりアンストしてインストしたが,急に聴けなくなり,168
g_3396,line_music,2023-12-04 21:40:30,今まで何年も使っていて、朝使えたのに急に夜使えなくなりました,急に夜使えなくなりました,168
g_3367,line_music,2023-11-03 14:00:42,なにより似たようなコメントが溢れているにも関わらず修正しないあたり故意かと思われる,なにより似たようなコメントが溢れているにも関わらず修正しない,169
g_3119,line_music,2023-11-15 18:53:00,曲を聴いてたら突然再生出来ませんになってた,曲を聴いてたら突然再生出来ませんになってた,171
g_3369,line_music,2023-11-15 18:44:50,今日linemusic更新したら音楽聞けなくなってますよ,linemusic更新したら音楽聞けなくなってます,171
g_3371,line_music,2023-11-20 08:56:59,個人で自分の聴いた曲が表示されないように設定できない理由が分かりません,個人で自分の聴いた曲が表示されないように設定できない,172
g_3372,line_music,2023-12-20 18:30:24,曲数が多いので利用してますが頻繁に再生が止まります曲を流しながら別の動作をさせると止まってるので改善して頂きたいです,頻繁に再生が止まります曲を流しながら別の動作をさせると止まってる,173
g_3133,line_music,2023-11-15 18:44:37,ダウンロード曲のアーティスト検索が出来なくて不便,ダウンロード曲のアーティスト検索が出来なくて,174
g_3261,line_music,2023-12-12 03:22:24,ある曲はずの曲が検索欄に出てこないのが残念です,ある曲はずの曲が検索欄に出てこない,174
g_3373,line_music,2023-11-24 21:39:36,アルバムをダウンロードしても反映されなくなった,アルバムをダウンロードしても反映されなくなった,174
g_3303,line_music,2023-11-26 22:47:50,アプリを落としても音が鳴り止まない,アプリを落としても音が鳴り止まない,175
g_3374,line_music,2023-10-07 20:52:59,アプリを落としても音が鳴り止まない,アプリを落としても音が鳴り止まない,175
g_3368,line_music,2023-12-04 21:40:30,何やっても使えず、、、,使えず,177
g_3377,line_music,2023-12-07 16:57:46,しかも、前は一ヶ月に一回曲を設定できたのに、できなくなってる,できなくなってる,177
g_3378,line_music,2023-10-24 02:27:45,なんせ許せないのがこの意味不明な機能を消す手段がないもしくは何処かに隠れてるという事実である,意味不明な機能を消す手段がない,178
g_3110,line_music,2023-11-15 19:33:09,lineミュージック不具合が今起きてます,lineミュージック不具合,179
g_3381,line_music,2023-12-01 07:01:43,lineミュージック何故無理だったのに、プレミアム会員にした,lineミュージック何故無理,179
g_3387,line_music,2023-10-14 16:02:37,退会できない,退会できない,181
g_3389,line_music,2023-11-04 21:37:16,音質としては、非常に良いのだが、広告が多すぎて結局、spotifyを使ったら方がいいと、思っている,広告が多すぎて結局、spotifyを使ったら方がいい,183
g_3391,line_music,2023-12-02 21:39:37,その都度アプリを開いて何度か曲の最初へ巻き戻したらやっと再生できたりするがバックグラウンドで流し聞きがまともにできない,バックグラウンドで流し聞きがまともにできない,185
g_3392,line_music,2023-11-03 12:41:57,誤タップで警告ダイアログも表示されずに着うたが消えてつかえなくなった,誤タップで警告ダイアログも表示されずに着うたが消えてつかえなくなった,186
g_3393,line_music,2023-11-23 11:36:26,また、1度戻して再生し直すと、音量が小さく再生され、本体の音量をひとつ弄ると音が戻るのですが、とても不便です,1度戻して再生し直すと、音量が小さく再生され、本体の音量をひとつ[UNK]と音が戻る,187
g_3395,line_music,2023-11-15 19:17:42,というメッセージが出てせつぞくできません,せつぞくできません,189
g_3398,line_music,2023-11-11 02:00:11,毎回利用するとアプリが勝手に閉じてしまい、リスニング中の楽曲が止まります,アプリが勝手に閉じてしまい、リスニング中の楽曲が止まります,191
g_3399,line_music,2023-11-08 17:51:24,前日まで問題なくフルサイズ再生だったのに、急に30秒再生になりました,急に30秒再生になりました,192
g_3400,line_music,2023-10-24 02:27:45,システムが理解不能,システムが理解不能,193
g_3125,line_music,2023-12-19 00:16:56,改善ありがとうございます,改善ありがとうございます,194
g_3244,line_music,2023-11-15 18:48:13,早めの対応を願います,早めの対応を願います,194
g_3324,line_music,2023-10-09 16:31:30,どうか改善お願いします,改善お願いします,194
g_3359,line_music,2023-12-06 23:28:14,早く問題解決してほしいです,早く問題解決してほしい,194
g_3386,line_music,2023-11-15 19:33:09,早めの復旧をお願いします,早めの復旧をお願いします,194
g_3388,line_music,2023-11-11 02:00:11,有料なのですから、利用者を不快にさせる馬鹿げた現象を直ちに改善してもらいたいものです,馬鹿げた現象を直ちに改善してもらいたい,194
g_3394,line_music,2023-11-23 11:36:26,上記2点、早急に改善をお願いします,早急に改善をお願いします,194
g_3404,line_music,2023-11-15 19:40:50,早急にご対応お願いしたいです,早急にご対応お願いしたい,194
g_3406,line_music,2023-10-24 02:27:45,これに関しては100%八つ当たりなのだが、すいません、言いたいだけでしたでループされるのは非常に腹が立つ,ループされる,196
g_3409,line_music,2023-11-20 08:56:59,正直フレンズチョイスの機能もいらないです,フレンズチョイスの機能もいらない,197
g_3410,line_music,2023-10-24 02:27:45,再生リストという機能が不愉快で堪らないが操作困難で消せるのか消せないのかも不明,再生リストという機能が不愉快で堪らないが操作困難で消せるのか消せないのかも不明,198
g_3414,line_music,2023-12-02 21:39:37,スタンプ使えるとかlineと連動して着信音にできるとかはlineミュージックならではの魅力なのかもしれないが、そんなオマケ機能よりも音楽配信・再生サービスアプリ本来の機能をちゃんと使えるものにするべきでは,オマケ機能よりも音楽配信・再生サービスアプリ本来の機能をちゃんと使えるものにするべき,200
g_3416,line_music,2023-12-12 11:30:15,あとギャップレス再生の機能が備わってないのが残念です,ギャップレス再生の機能が備わってない,201
g_3420,line_music,2023-12-08 11:03:39,曲の途中で強制終了されることが多い,曲の途中で強制終了される,203
g_3423,line_music,2023-10-05 07:20:58,最近ほぼ毎日、再生途中で音楽が途切れます,再生途中で音楽が途切れます,204
g_3424,line_music,2023-12-13 03:19:23,聴きたい曲、pvに使いのに数が少ない,聴きたい曲、pvに使いのに数が少ない,205
g_3425,line_music,2023-11-15 19:50:17,何でか、たまにデータが消える,データが消える,206
g_3426,line_music,2023-11-15 18:55:50,lineミュージックが急に再生不能になりました,lineミュージックが急に再生不能になりました,207
