g_2439,google_fit,2023-10-07 11:59:08,かってに動作しなくなる,動作しなくなる,1
g_2582,google_fit,2023-11-09 06:22:21,意味が無い,意味が無い,1
g_2600,google_fit,2023-10-04 12:01:40,急に連携できなくなるのやめてほしー,連携できなくなる,1
g_2605,google_fit,2023-12-14 19:35:17,本日、機能しない,機能しない,1
g_2652,google_fit,2023-10-23 21:55:54,ぜんぜん使えない,使えない,1
g_2655,google_fit,2023-10-24 19:37:45,少し前までは、動いたところに判定があったけど最近、判定がないのはなんかのバグですか,判定がない,1
g_2696,google_fit,2023-10-29 21:52:47,意味不明,意味不明,1
g_2758,google_fit,2023-11-05 20:10:36,役にたたない使い物にならない駄目,役にたたない,1
g_2810,google_fit,2023-12-16 07:47:36,stepcounterでは計測されているのですが、連携が全くできなくなっています,連携が全くできなくなっています,1
g_2815,google_fit,2023-11-29 08:45:11,日曜日からまったく動きません,動きません,1
g_2891,google_fit,2023-10-28 09:50:40,使えない,使えない,1
g_2440,google_fit,2023-10-21 22:27:22,長いこと使っているが歩数が急に減ったりするのが大変迷惑,歩数が急に減ったりする,2
g_2804,google_fit,2023-10-10 00:05:17,なんで、歩数計の数値が途中で急激に減るんだ,歩数計の数値が途中で急激に減るん,2
g_2446,google_fit,2023-11-17 15:12:13,アップデートでまた壊れる可能性が高く,壊れる可能性が高く,4
g_2447,google_fit,2023-11-05 22:31:43,歩数のカウントが頻繁に止まります,歩数のカウントが頻繁に止まります,5
g_2449,google_fit,2023-12-15 14:16:16,歩数が1000歩程度少なくカウントされる,歩数が1000歩程度少なくカウントされる,7
g_2450,google_fit,2023-10-13 22:21:39,10km走って3000歩,10km走って3000歩,8
g_2452,google_fit,2023-11-18 11:16:37,5km歩いたのに歩数計が0のまま,5km歩いたのに歩数計が0,9
g_2455,google_fit,2023-11-27 12:14:31,萎える,萎える,10
g_2448,google_fit,2023-11-03 10:00:54,どうにかしてほしいです,どうにかしてほしい,11
g_2456,google_fit,2023-10-25 17:25:25,何とかしてほしい,何とかしてほしい,11
g_2457,google_fit,2023-11-23 20:50:51,使い物にならない,使い物にならない,12
g_2525,google_fit,2023-12-04 09:13:48,使い物にならないので☆1に変更,使い物にならない,12
g_2581,google_fit,2023-10-05 05:04:06,使い物になりません,使い物になりません,12
g_2694,google_fit,2023-10-11 15:03:56,使い物にならない,使い物にならない,12
g_2806,google_fit,2023-11-22 11:51:04,後、今日少しは歩いたはずなのにカウントされてません,カウントされてません,12
g_2814,google_fit,2023-10-28 10:25:42,android14にアップデートしてからカウントが表示されない,カウントが表示されない,12
g_2460,google_fit,2023-12-16 08:44:32,体温測定以外はpixel7aではもともとタッチの感度が悪いためほとんど使えないかも,タッチの感度が悪い,13
g_2461,google_fit,2023-10-05 08:39:15,とてもよいアプリですが、500メートル位の小道を往復するようなウォーキングの場合は距離は全くあてになりません,500メートル位の小道を往復するようなウォーキングの場合は距離は全くあてになりません,14
g_2462,google_fit,2023-10-23 21:55:54,不具合大杉,不具合,15
g_2579,google_fit,2023-11-11 18:59:12,アップデートも軽微な修正ばかりで、こんな重大な不具合は対応してくれないのね,重大な不具合,15
g_2644,google_fit,2023-12-02 16:13:41,不具合ではないか,不具合,15
g_2465,google_fit,2023-11-22 14:25:13,項目に車椅子があるので、もう少しまともに機能するかと期待したんですが,項目に車椅子がある,17
g_2466,google_fit,2023-11-29 20:01:47,はやく何とかしてくれ,はやく何とかしてくれ,18
g_2467,google_fit,2023-11-10 19:28:18,本日11/10、アップロードを行いましたが、カウントの減少に変わりはありません,カウントの減少,19
g_2471,google_fit,2023-10-28 10:25:42,googleの純正アプリなのだからこういうことは無しにしてほしい,googleの純正アプリなのだからこういうことは無しにしてほしい,21
g_2472,google_fit,2023-10-12 21:39:42,早急に対応してください,早急に対応してください,22
g_2473,google_fit,2023-12-17 19:46:25,素早い修正お願い致します,素早い修正お願い致します,23
g_2474,google_fit,2023-11-27 18:44:35,27日も2000台で止まりました,2000台で止まりました,24
g_2475,google_fit,2023-10-04 12:03:42,他のアプリ使った方がまし反応しないところ多すぎ,他のアプリ使った方がまし反応しない,25
g_2477,google_fit,2023-11-13 17:11:32,いろんな歩数を利用するポイ活アプリと連携してると、上限を超えているとは言ってこないが、スマートホン上のデータ連携やセンサー類の奪い合いに動作上の限界があるのか時々再連携やuiが応答していませんという通知を見る羽目になる,スマートホン上のデータ連携やセンサー類の奪い合いに動作上の限界があるのか時々再連携やuiが応答していません,26
g_2481,google_fit,2023-12-13 12:46:17,子どものアカウントでも使用できるようにしてほしいです,子どものアカウントでも使用できるようにしてほしい,28
g_2484,google_fit,2023-10-09 23:41:31,血圧のデータなど入力ミスしたデータを消せる様にして欲しいです,血圧のデータなど入力ミスしたデータを消せる様にして欲しい,31
g_2486,google_fit,2023-12-19 11:10:26,2023/12/19、端末を再起動したら動き出した,端末を再起動したら動き出した,32
g_2487,google_fit,2023-11-02 19:14:42,5000歩以上歩いても一桁とかアップデート改悪ですね,5000歩以上歩いても一桁とかアップデート改悪,33
g_2488,google_fit,2023-11-28 18:36:27,月別歩数グラフがあれば歩数の月別で棒グラフされたものがあるとよいかなとカレンダータイプでは月別で歩数を比較しにくい,月別歩数グラフがあれば歩数の月別で棒グラフされたものがあるとよいかなとカレンダータイプでは月別で歩数を比較しにくい,34
g_2491,google_fit,2023-11-23 12:36:33,機能的には年配の方の健康管理に歩数やカロリーを計測するのですが、余計なものをなくして見やすくしないと触るのも面倒です,余計なものをなくして見やすくしないと触るのも面倒,35
g_2492,google_fit,2023-12-10 13:57:10,機種変更する前は、毎日の運動の記録日誌がつけられていたのに、機種変更したら日誌に登録されなくなった,日誌に登録されなくなった,36
g_2497,google_fit,2023-10-18 09:37:36,smartwatchの歩数がgooglefitに反映されない,smartwatchの歩数がgooglefitに反映されない,39
g_2498,google_fit,2023-10-21 22:27:22,さっさと修正してほしい,さっさと修正してほしい,40
g_2502,google_fit,2023-12-11 01:03:43,アプリ入れ直しても記録のオンオフしなおしても正しく歩数が表示されんの何とかして,アプリ入れ直しても記録のオンオフしなおしても正しく歩数が表示されん,41
g_2503,google_fit,2023-11-24 19:28:01,まともに使える時がない,まともに使える時がない,42
g_2647,google_fit,2023-12-20 09:41:38,まともに使える時がない,まともに使える時がない,42
g_2505,google_fit,2023-10-19 07:10:36,それが原因で、充電の消費がハンパない、昨日1日入れて,充電の消費がハンパない,43
g_2506,google_fit,2023-11-09 20:14:57,歩数計の誤差がデカすぎる#゚д゚2万歩スマホの歩数計が表示してるのにfitだと1万3千歩くらいしか表示されないんだけど、性能悪過ぎ,歩数計の誤差がデカすぎる,44
g_2507,google_fit,2023-10-30 10:58:38,ナイキアプリとの連携が偶に出来ず、ハードポイントが加算されない事がある,ナイキアプリとの連携が偶に出来ず、ハードポイントが加算されない,45
g_2508,google_fit,2023-12-17 19:46:25,歩数が翌日になると、前日に見た数字と減っています,歩数が翌日になると、前日に見た数字と減っています,46
g_2512,google_fit,2023-11-15 09:42:31,体重の数値はあすけんと連携して表示されるのに、体脂肪率は連携されないのは何故でしょうか,体脂肪率は連携されない,48
g_2514,google_fit,2023-12-07 20:50:57,ファミリーリンクに紐づいた子供のアカウントには、インストールできない,ファミリーリンクに紐づいた子供のアカウントには、インストールできない,49
g_2516,google_fit,2023-12-10 13:57:10,改善を願う,改善を願う,50
g_2642,google_fit,2023-10-31 13:05:47,それは改善,改善,50
g_2518,google_fit,2023-12-14 02:36:49,丸1日買い物などで歩き回り家にかえってから今日は何歩歩いたかなと楽しみにアプリを開いたらたったの840歩でしたこれはかなりのショックですなぜそのような事になるのか理由が知りたいしどのように持ち歩けば解消出来るのか知りたいですバイタリティーと連携してなけれいいのですがもう少し感度良くして下さい,もう少し感度良くして下さい,52
g_2519,google_fit,2023-12-15 01:41:20,体重の一括インポートができない,体重の一括インポートができない,53
g_2520,google_fit,2023-10-13 22:21:39,いつまでも改善せん限り、評価するに値しない,いつまでも改善せん限り、評価するに値しない,54
g_2523,google_fit,2023-10-17 13:35:34,モチベーションの低下に繋がるので、不具合の解消をお願いしたいです,不具合の解消をお願いしたい,55
g_2834,google_fit,2023-11-10 19:28:18,モチベーションの低下に繋がるので、不具合の解消をお願いしたいです,不具合の解消をお願いしたい,55
g_2524,google_fit,2023-12-15 14:16:16,他のアプリと連携しているので困ります,他のアプリと連携している,56
g_2526,google_fit,2023-11-08 22:21:45,アップデート前はサイクリングで正しく経路や走行距離が測定されていましたが、アップデート後は直線的でデタラメな経路測定になり、正しい走行距離を表示しなくなりました,正しい走行距離を表示しなくなりました,58
g_2527,google_fit,2023-11-04 07:37:45,また体重入力はウィジェットがあるが体脂肪はメニューからたどっていかないと入力出来ないので毎日の事なので不便,体脂肪はメニューからたどっていかないと入力出来ない,59
g_2528,google_fit,2023-10-17 02:31:47,きちんとカウントするように修正して欲しいで,きちんとカウントするように修正して欲しい,60
g_2531,google_fit,2023-11-29 20:01:47,乗り物乗らなくても消え始めた,乗り物乗らなくても消え始めた,62
g_2533,google_fit,2023-11-27 18:44:35,11月25日の夕方頃から歩数のカウントが止まりました,歩数のカウントが止まりました,63
g_2539,google_fit,2023-11-22 14:25:13,それなりに凹凸ある道路約3kmを30分ほど歩いてみるとサイクリングモードで検出され、300stepsほどしかカウントされません換算すると6秒に1歩,凹凸ある道路約3kmを30分ほど歩いてみるとサイクリングモードで検出され、300stepsほどしかカウントされません換算すると6秒に1歩,68
g_2517,google_fit,2023-10-02 18:12:51,歩数カウントしないし、他のアプリと連携出来ない,歩数カウントしないし、他のアプリと連携出来ない,69
g_2537,google_fit,2023-10-28 09:21:57,fosslのスマートウォッチを使っていますがアプリの連携をしているのに同期ができない時が頻発します,アプリの連携をしているのに同期ができない,69
g_2540,google_fit,2023-12-01 10:23:16,他のアプリとの連携ができない,他のアプリとの連携ができない,69
g_2620,google_fit,2023-11-01 12:13:04,他のアプリとも連動させてるのにこんなんじゃ使い物にならないわ,他のアプリとも連動させてるのにこんなんじゃ使い物にならない,69
g_2544,google_fit,2023-11-05 22:31:43,anapocketを使い始めてから特に止まることが多くなりました,anapocketを使い始めてから特に止まる,70
g_2545,google_fit,2023-10-25 06:32:16,他のアプリ同様リアルタイムで歩数カウントを表示してほしい,リアルタイムで歩数カウントを表示してほしい,71
g_2548,google_fit,2023-11-22 11:51:04,唯一カウントされてるのはカロリーだけこのアプリを開く度にカロリーが増えてます,唯一カウントされてるのはカロリーだけこのアプリを開く度にカロリーが増えてます,73
g_2549,google_fit,2023-12-12 17:22:31,ほかの歩数計よりも感度が悪く、1日に約2000歩ほど少なく計測されている,感度が悪く、1日に約2000歩ほど少なく計測されている,74
g_2551,google_fit,2023-12-01 10:23:16,基本なのに、もっと手軽に連携できるようにしてほしい,手軽に連携できるようにしてほしい,76
g_2552,google_fit,2023-12-05 19:01:18,確認する度に歩数がなくなって1桁に戻ったこともあります,歩数がなくなって1桁に戻った,77
g_2553,google_fit,2023-10-09 12:56:51,歩数の詳細を見るとデータが消えていて歩いた事にもなっていない,歩数の詳細を見るとデータが消えていて歩いた事にもなっていない,78
g_2558,google_fit,2023-11-13 17:11:37,午後になり3500歩辺りで減ることがなくなったのでカウントされるか試したら歩数が反映されるようになり今のところ、やっと反映されなかったアプリで5000歩を超えた,3500歩辺りで減ることがなくなった,80
g_2561,google_fit,2023-12-04 09:13:48,そもそも歩数がカウントされなかったり、同期するとカウントが減る事も多々ある,歩数がカウントされなかったり、同期するとカウントが減る,82
g_2562,google_fit,2023-10-15 15:23:32,非常に煩雑で悪質だ,非常に煩雑,83
g_2565,google_fit,2023-10-15 16:51:23,お願いします,お願いします,84
g_2567,google_fit,2023-10-21 08:47:41,アンドロイド14にアップデートしてから、ウオーキングやサイクリングで経路を記録しなくなった,ウオーキングやサイクリングで経路を記録しなくなった,85
g_2650,google_fit,2023-11-02 21:16:30,サイクリングが全く記録されなくなった,サイクリングが全く記録されなくなった,85
g_2666,google_fit,2023-12-10 13:57:10,それが、毎日のウォーキングやサイクリングの記録がされなくなった,毎日のウォーキングやサイクリングの記録がされなくなった,85
g_2569,google_fit,2023-11-15 10:46:55,体重と体脂肪率を同じページで入力できるようにしてほしい,体重と体脂肪率を同じページで入力できるようにしてほしい,86
g_2571,google_fit,2023-10-22 20:19:24,歩数が3000歩越えたあたりで、歩数が減る,歩数が3000歩越えたあたりで、歩数が減る,87
g_2573,google_fit,2023-10-17 13:35:34,特に歩数のカウントが勝手に0に戻される事が1日に複数回発生するようになり、設定しておいた1日の目標をクリアしてもクリアされていないことにされるようになりました,歩数のカウントが勝手に0に戻される,89
g_2785,google_fit,2023-11-10 19:28:18,特に歩数のカウントが勝手に0に戻される事が1日に複数回発生するようになり、設定しておいた1日の目標をクリアしてもクリアされていないことにされるようになりました,歩数のカウントが勝手に0に戻される,89
g_2574,google_fit,2023-10-24 15:51:25,まずは様子見デスが、頻繁な更新は電池の無駄,頻繁な更新は電池の無駄,90
g_2576,google_fit,2023-11-01 12:13:04,2時間くらいは歩いてるのに30歩くらいしかカウントされないとか、増えないどころか微妙に減ったりもすりるし早く改善してほしい,2時間くらいは歩いてるのに30歩くらいしかカウントされない,91
g_2577,google_fit,2023-12-02 16:13:41,どうもサイクリングで計測され、カウントされていないような,サイクリングで計測され、カウントされていない,92
g_2584,google_fit,2023-11-11 16:30:44,歩数計アプリとして全く機能していない,歩数計アプリとして全く機能していない,97
g_2796,google_fit,2023-10-25 12:59:50,歩数計アプリとして全く機能していない,歩数計アプリとして全く機能していない,97
g_2586,google_fit,2023-12-16 07:47:36,fitのウォーキングを開始できないじょうたいです,fitのウォーキングを開始できない,99
g_2587,google_fit,2023-10-04 18:52:28,他のユーザーからもいろいろな意見が上がっているのに、デベロッパーからのコメントが全くなく、誠意が感じられない,デベロッパーからのコメントが全くなく,100
g_2591,google_fit,2023-11-09 21:08:04,歩数がみたい,歩数がみたい,102
g_2641,google_fit,2023-10-31 08:28:43,歩数を動くようにしろ,歩数を動くようにしろ,102
g_2712,google_fit,2023-12-11 01:03:43,こっちはいちいち1分単位計算して歩数合わせすんのしんどいんや,歩数合わせすん,102
g_2793,google_fit,2023-12-02 16:13:41,ウォーキングに修正したら一気に歩数が増えた,歩数が増えた,102
g_2838,google_fit,2023-11-27 09:38:30,歩いていても走っていても、歩数が増えるのは当たり前ですが,歩いていても走っていても、歩数が増える,102
g_2595,google_fit,2023-11-15 14:19:29,なんだか急に応答しなくなっていたりする場合もある,急に応答しなくなっていたりする,104
g_2597,google_fit,2023-10-09 23:41:31,誤ったデータが残ってしまうのは気持ち悪いです,誤ったデータが残ってしまう,106
g_2601,google_fit,2023-11-12 22:02:24,アップデートしてからかなりの不具合,アップデートしてからかなりの不具合,109
g_2602,google_fit,2023-11-04 07:37:45,歩数のカウントはデバイスのセンサーの問題もあるかもしれないが誤差は大きいようだ,歩数のカウントはデバイスのセンサーの問題もあるかもしれないが誤差は大きい,110
g_2604,google_fit,2023-11-22 11:39:18,最近ある一定の歩数に達するとそこからどれだけ歩いてもその歩数に戻されます,ある一定の歩数に達するとそこからどれだけ歩いてもその歩数に戻されます,112
g_2606,google_fit,2023-11-30 00:02:29,履歴見づらい気になるのは変遷とデータです,履歴見づらい,114
g_2607,google_fit,2023-12-09 15:54:04,他の歩数計測アプリより歩数のカウント数が2割ほど少ない,歩数のカウント数が2割ほど少ない,115
g_2610,google_fit,2023-10-24 23:51:52,ガーミンだと20000歩とカウントされる,ガーミンだと20000歩とカウントされる,116
g_2611,google_fit,2023-12-05 19:01:18,このアプリをもとに歩数記録している他アプリが多いのでちょっと困ります,歩数記録している他アプリが多い,117
g_2612,google_fit,2023-12-02 16:13:41,体脂肪率は小数点第一位まで入力したい,体脂肪率は小数点第一位まで入力したい,118
g_2613,google_fit,2023-12-12 17:22:31,アプリ連携先がこちら一択になっている場合が多いので、改善頂けるとありがたいです,アプリ連携先がこちら一択になっている場合が多い,119
g_2615,google_fit,2023-12-17 17:41:40,全然動きません,全然動きません,121
g_2617,google_fit,2023-11-20 06:53:33,所持しているスマホでは使えませんでした,所持しているスマホでは使えません,122
g_2619,google_fit,2023-10-24 09:54:48,後日こちらも削除させて頂きます,後日こちらも削除させて頂きます,124
g_2621,google_fit,2023-10-12 21:39:42,このアプリでポイ活したりしてるのに12000歩、歩いても急にゼロになったり,歩いても急にゼロになったり,126
g_2626,google_fit,2023-10-26 00:02:00,android14にアップデートしてからまともに機能しなくなった,android14にアップデートしてからまともに機能しなくなった,127
g_2628,google_fit,2023-11-16 16:49:39,歩行地点と地図が一致していない,歩行地点と地図が一致していない,129
g_2630,google_fit,2023-11-07 08:28:40,どうきが上手くいかない,どうきが上手くいかない,130
g_2631,google_fit,2023-11-22 11:51:04,日誌の表示がブレる,日誌の表示がブレる,131
g_2632,google_fit,2023-11-04 02:18:50,エクササイズを一時停止できませんとなりアプリが使いものにならない,エクササイズを一時停止できません,132
g_2634,google_fit,2023-11-22 11:51:04,またブレはじめたブレる度に再インストールしなきゃダメなの,ブレはじめたブレる度に再インストールしなきゃダメ,133
g_2635,google_fit,2023-12-19 09:37:34,徒歩とサイクリングの判別が出鱈目,徒歩とサイクリングの判別が[UNK],134
g_2636,google_fit,2023-11-18 11:16:37,アプリの権限の全て許可しているのにも関わらず、全く反応しない,アプリの権限の全て許可しているのにも関わらず、全く反応しない,135
g_2637,google_fit,2023-10-15 15:23:32,どちらもほとんど同じ内容のアプリだが、nesthubで睡眠記録を取りpixelwatchで運動記録を取る場合、このほとんど同じ機能で同じgoogleのアプリを両方インストールしなければならないという、まぬけなことになる,nesthubで睡眠記録を取りpixelwatchで運動記録を取る場合、このほとんど同じ機能で同じgoogleのアプリを両方インストールしなければならない,136
g_2638,google_fit,2023-11-22 14:25:13,毎度毎度毎度・・・編集しても学習してくれないし,毎度毎度毎度・・・編集しても学習してくれない,137
g_2639,google_fit,2023-11-02 19:14:42,ハートポイントの反応が悪いです,ハートポイントの反応が悪い,138
g_2640,google_fit,2023-10-11 10:55:41,開始と終了の操作こそ要るが、ポケットに入れておけば運動の量の記録になるのが楽,開始と終了の操作こそ要るが、ポケットに入れておけば運動の量の記録になるのが楽,139
g_2643,google_fit,2023-10-15 14:26:31,強めの運動は次の日になるとptが減っている,強めの運動は次の日になるとptが減っている,142
g_2651,google_fit,2023-10-22 20:19:24,計測できるようにしてほしい,計測できるようにしてほしい,148
g_2653,google_fit,2023-12-16 07:47:36,解決策を誰か教えてください,解決策を誰か教えてください,150
g_2728,google_fit,2023-12-16 07:47:36,対処方法を教えてください,対処方法を教えてください,150
g_2654,google_fit,2023-11-11 18:59:12,サイクリングは距離も心拍数も消す設定らしい,サイクリングは距離も心拍数も消す設定,151
g_2662,google_fit,2023-11-15 09:42:31,あすけんとの連携に体脂肪率もお願いいたします,あすけんとの連携に体脂肪率もお願いいたします,156
g_2663,google_fit,2023-12-16 07:47:36,となりログイン出来ません,ログイン出来ません,157
g_2664,google_fit,2023-11-13 17:11:37,ヘルプを見ながら色々試したが改善せず時々、500歩と3500歩を行ったり来たりしていた,改善せず時々、500歩と3500歩を行ったり来たりしていた,158
g_2669,google_fit,2023-10-24 09:54:48,トラノコの歩数でポイント貯める時ダウロードしないといけないアプリ,トラノコの歩数でポイント貯める時ダウロードしないといけない,162
g_2672,google_fit,2023-10-31 13:05:47,スマートbandウオッチとの連携がカウントされない,スマートbandウオッチとの連携がカウントされない,164
g_2673,google_fit,2023-11-20 00:02:26,意味が分からない9000歩以上が次開いたら7000歩以下になっていた差分の約2000歩分はどこいったんだ,9000歩以上が次開いたら7000歩以下になっていた,165
g_2674,google_fit,2023-11-22 14:25:13,編集でウォーキングに変更すればstep数もそれなりになりますが、連携してるアプリの方はどれも元の数値しか抽出しないので、相当頑張っても健常者向けに設定された目標値には程遠い状態です,連携してるアプリの方はどれも元の数値しか抽出しない,166
g_2675,google_fit,2023-10-15 14:26:31,"多い日は3,000歩くらいfitbitより少ない","3,000歩くらいfitbitより少ない",167
g_2676,google_fit,2023-12-08 22:05:35,グーグルのフィットのやり方や使い方など、方法を教えてほしいですよ,グーグルのフィットのやり方や使い方など、方法を教えてほしい,168
g_2678,google_fit,2023-10-05 21:17:52,いい加減歩数計だけでもまともにして欲しい,歩数計だけでもまともにして欲しい,169
g_2679,google_fit,2023-12-05 19:01:18,歩数のカウントの精度がイマイチで実測より少なくなりがち,歩数のカウントの精度がイマイチ,170
g_2680,google_fit,2023-11-10 19:28:18,不具合の解消もしない、公式のアナウンスもない,不具合の解消もしない、公式のアナウンスもない,171
g_2681,google_fit,2023-12-20 20:03:42,2日前から突然歩数がカウントされなくヘルプで書いてあることやったが元に戻らない、やめようと思ってます,歩数がカウントされなくヘルプで書いてあることやったが元に戻らない,172
g_2547,google_fit,2023-11-24 19:28:01,重たくて、度々停止する,重たくて、度々停止する,173
g_2671,google_fit,2023-12-20 09:41:38,重たくて、度々停止する,重たくて、度々停止する,173
g_2682,google_fit,2023-10-10 10:13:09,重たくて、度々停止する,重たくて、度々停止する,173
g_2684,google_fit,2023-12-12 17:31:25,今日も途中で止まっていました,途中で止まっていました,174
g_2599,google_fit,2023-11-11 16:30:44,改善するつもりはないのでしょうか,改善するつもりはないのでしょうか,175
g_2685,google_fit,2023-10-25 12:59:50,10/8不具合の改善はしないのでしょうか,不具合の改善はしないのでしょうか,175
g_2691,google_fit,2023-11-07 08:28:40,改善できないでしょうか,改善できないでしょうか,175
g_2843,google_fit,2023-11-11 16:30:44,10/8不具合の改善はしないのでしょうか,不具合の改善はしないのでしょうか,175
g_2686,google_fit,2023-10-11 10:55:41,デフォルトの目標は厚生労働省の目安の1/3くらいだが、運動でもらえるポイントがときどき減らされるので、素直に従っていれば良さそう,運動でもらえるポイントがときどき減らされる,176
g_2689,google_fit,2023-11-04 07:37:45,他アプリとの連携機能があるが、連携してる割には他アプリとの歩数が違ったりするので謎,他アプリとの歩数が違ったりする,177
g_2693,google_fit,2023-11-27 12:14:31,勝手に歩いた歩数を減らすな,勝手に歩いた歩数を減らすな,180
g_2699,google_fit,2023-12-09 15:54:04,誤差が大きい,誤差が大きい,185
g_2700,google_fit,2023-10-11 10:55:41,実際、いきなり厚生労働省の目安の運動をするとキツ過ぎた,いきなり厚生労働省の目安の運動をするとキツ過ぎた,186
g_2703,google_fit,2023-10-17 02:31:47,別に歩数計アプリを入れているのですがそれとの歩数差が初めは500歩くらいだったのが最近は1000歩以上ずれていることもあり星低めです,1000歩以上ずれている,188
g_2704,google_fit,2023-10-19 07:10:36,カウントされないのが、めんどくさいですね、しかも,カウントされないのが、めんどくさい,189
g_2705,google_fit,2023-10-29 07:16:48,ある日突然睡眠データが連携されなくなった,睡眠データが連携されなくなった,190
g_2706,google_fit,2023-10-16 18:11:06,ウォーキング中に停止操作していないのに勝手に終了していることが多々あるので地図上の歩いたルートが正常に記録されない,ウォーキング中に停止操作していないのに勝手に終了していることが多々あるので地図上の歩いたルートが正常に記録されない,191
g_2707,google_fit,2023-11-15 09:42:31,その為fitで体脂肪率を手入力をするしか無いのですが、小数点までは入力出来ず、あすけんとの数値に差が出来てしまいます,小数点までは入力出来ず、あすけんとの数値に差が出来てしまいます,192
g_2708,google_fit,2023-12-04 20:29:15,月経周期を何度入力しても消えるので役に立たない,月経周期を何度入力しても消える,193
g_2709,google_fit,2023-10-25 17:25:25,連携してるアプリも歩数がとまり、目標の数字まで達成出来ない,連携してるアプリも歩数がとまり、目標の数字まで達成出来ない,194
g_2714,google_fit,2023-11-23 20:50:51,サイクリング中に休憩を入れると途中で記録が止まり、距離も歩数も全く違う,途中で記録が止まり、距離も歩数も全く違う,199
g_2715,google_fit,2023-11-13 17:11:37,今朝、歩数の確認とチェックポイントボタンを押すため、数種類の歩数計アプリを開いたら、3つのアプリの歩数が25000歩のところ、3500歩しか反映されていなかった,3500歩しか反映されていなかった,200
g_2716,google_fit,2023-12-13 19:31:28,それから、たまにですが消費カロリー量がとんでもない数字で出てくることがたまにあります普段多くても1500~1700なのが何故か4000台で表示される,消費カロリー量がとんでもない数字で出てくる,201
g_2717,google_fit,2023-10-24 15:51:25,アップデートはできるだけ控えて,アップデートはできるだけ控えて,202
g_2718,google_fit,2023-11-01 07:28:39,歩数のカウント正常にされない100までカウントされたの確認したのに、次見たら50に戻ったりしてる連携させてるアプリも当然カウントされない全くもって役に立たない,歩数のカウント正常にされない100までカウントされたの確認したのに、次見たら50に戻ったりしてる連携させてるアプリも当然カウントされない,203
g_2719,google_fit,2023-10-20 17:57:31,なんか今日1日仕事で歩き回ってて8400まであった歩数が1300くらいまで減った,歩数が1300くらいまで減った,204
g_2720,google_fit,2023-10-20 17:21:35,歩数計アプリこれを含めて3つありますがこれだけが3000歩ほどいつも少なく表示されます,3000歩ほどいつも少なく表示されます,205
g_2478,google_fit,2023-10-25 12:59:50,9/26更新したが全く改善されない,全く改善されない,206
g_2721,google_fit,2023-11-11 16:30:44,9/26更新したが全く改善されない,全く改善されない,206
g_2588,google_fit,2023-12-10 13:57:10,不便なので改善していただきたい,不便,207
g_2668,google_fit,2023-12-20 11:46:32,分かりにくくて大変です,分かりにくくて大変,207
g_2710,google_fit,2023-10-07 11:59:08,使いにくい他のアプリ連携させる前に動作環境整えてくれはやく改善して,使いにくい,207
g_2722,google_fit,2023-11-30 00:02:29,それが見にくい=使いづらい,使いづらい,207
g_2888,google_fit,2023-11-09 21:08:04,使いづらい,使いづらい,207
g_2725,google_fit,2023-10-04 19:05:49,googleが開発中してるのか業者委託してるのか知らないけどアプリ名にgoogleがついてるだけでgoogleのイメージを悪くするくらい酷いアプリ,アプリ名にgoogleがついてるだけでgoogleのイメージを悪くする,208
g_2726,google_fit,2023-11-04 02:18:50,サポートも連絡不可なのでストレス歯科たまらない,サポートも連絡不可,209
g_2727,google_fit,2023-12-16 16:34:43,ヘルスコネクトが月に数回ペースで気付くとオフになってるオンにし直すのは数秒とはいえ毎度毎度となると面倒くさい,ヘルスコネクトが月に数回ペースで気付くとオフになってるオンにし直すのは数秒とはいえ毎度毎度となると面倒くさい,210
g_2729,google_fit,2023-12-20 09:41:38,停止どころか落ちるようになった,停止どころか落ちるようになった,212
g_2730,google_fit,2023-10-15 16:51:23,手書き入力してもアスマイルとは連携しないです,アスマイルとは連携しない,213
g_2732,google_fit,2023-12-15 01:41:20,入力済みの過去の体重データの個別削除が出来ない,入力済みの過去の体重データの個別削除が出来ない,214
g_2733,google_fit,2023-10-17 02:31:47,歩数アプリと連動させて使用しているのですが最近どんどんカウントしないようになっています,カウントしないようになっています,215
g_2734,google_fit,2023-10-15 15:23:32,まったくユーザーの利便性が考えられていない,まったくユーザーの利便性が考えられていない,216
g_2737,google_fit,2023-10-05 08:39:15,最初は正しく表示されていますがやがて修正されて半分ほどに短くなってしまいます,半分ほどに短くなってしまいます,217
g_2738,google_fit,2023-11-22 14:25:13,デバイス側の問題もあるのかもしれませんが,デバイス側の問題もある,218
g_2740,google_fit,2023-10-28 10:25:42,アプリのアップデートをしても改善されない,アプリのアップデートをしても改善されない,219
g_2742,google_fit,2023-10-24 23:51:52,20km走っても15000歩にも満たない,20km走っても15000歩にも満たない,220
g_2746,google_fit,2023-11-29 03:41:06,歩数計が少しさがります、記録だけ大丈夫です、何で歩数計が下がるのかな,歩数計が少しさがります,221
g_2747,google_fit,2023-10-16 18:11:06,アクティビティの計測が勝手に終了する,アクティビティの計測が勝手に終了する,222
g_2748,google_fit,2023-10-14 22:01:04,いい加減すぎて使い物にならないこんなにダメなの作れるの凄いと思う,いい加減すぎて使い物にならない,223
g_2749,google_fit,2023-11-26 21:23:12,急に歩数が少なくカウントされるようになりました,歩数が少なくカウントされる,224
g_2756,google_fit,2023-10-25 06:32:16,10月上旬ぐらいから、歩数計が少なくカウントされるようになった毎朝1時間半ウォーキングしてますが、基本歩数が10200〜10500、誤差はあるとわかってるが、今は9400〜9800,歩数計が少なくカウントされるようになった,224
g_2750,google_fit,2023-12-19 10:20:22,スマホをpixel8に替えてからウォーキング等の軌跡が全くうまく表示されません,ウォーキング等の軌跡が全くうまく表示されません,225
g_2752,google_fit,2023-11-03 10:00:54,連携アプリもカウントされないので、困っています,連携アプリもカウントされない,226
g_2464,google_fit,2023-12-02 16:13:41,2023/12/02最近歩数が前回見たときより減っていることが度々ある,歩数が前回見たときより減っている,228
g_2482,google_fit,2023-11-24 23:44:55,"歩数の数値がおかしい仕事上1日3〜4時間ほど歩いてますある日突然数値が5,000前後に以前は16,000前後だってのが激減何が要因なのか",歩数の数値がおかしい,228
g_2496,google_fit,2023-11-11 16:30:44,10/24更新したが歩数の不具合が全く改善されない,歩数の不具合,228
g_2535,google_fit,2023-11-27 09:38:30,歩数が減るって有り得なくないですか,歩数が減る,228
g_2536,google_fit,2023-10-25 12:59:50,歩数が減る不具合が解消されていません,歩数が減る不具合,228
g_2572,google_fit,2023-11-11 16:30:44,歩数が減る不具合が解消されていません,歩数が減る不具合,228
g_2578,google_fit,2023-11-11 16:30:44,11/9アプデがあったが、歩数が減る不具合が改善されない,歩数が減る,228
g_2618,google_fit,2023-10-30 10:58:38,歩数が少し少なめに出る,歩数が少し少なめに出る,228
g_2646,google_fit,2023-10-11 15:03:56,歩数が消える、昼頃に5000歩だったものが夕方には900歩になる,歩数が消える,228
g_2659,google_fit,2023-10-18 18:29:01,30分間ウォーキングしても、全く歩数が増えていない時があります,歩数が増えていない,228
g_2711,google_fit,2023-10-25 12:59:50,10/24更新したが歩数の不具合が全く改善されない,歩数の不具合,228
g_2753,google_fit,2023-10-09 12:56:51,一度表示された歩数が数分後に減る,歩数が数分後に減る,228
g_2754,google_fit,2023-10-25 12:59:50,歩数が減る不具合の改善を早急にお願いします,歩数が減る不具合,228
g_2831,google_fit,2023-10-29 21:52:47,歩数が減る,歩数が減る,228
g_2863,google_fit,2023-11-14 19:01:32,何度もあるんですが、何で歩数が減るのかを教えてほしい,歩数が減る,228
g_2872,google_fit,2023-11-27 12:14:31,目標達成して気持ち良く寝て、朝確認したら歩数が減っているのは何故,歩数が減っている,228
g_2892,google_fit,2023-11-11 16:30:44,歩数が減る不具合の改善を早急にお願いします,歩数が減る不具合,228
g_2755,google_fit,2023-10-09 12:03:25,体重以外の手動入力ショートカットを作れるようにしてください,体重以外の手動入力ショートカットを作れるようにしてください,229
g_2695,google_fit,2023-10-03 07:41:36,歩数のカウント自体はほぼ正確なので、このままの仕様でいてほしい,歩数のカウント自体はほぼ正確なので、このままの仕様でいてほしい,231
g_2757,google_fit,2023-11-29 20:01:47,歩数のカウント自体はほぼ正確なので、このままの仕様でいてほしい,歩数のカウント自体はほぼ正確なので、このままの仕様でいてほしい,231
g_2760,google_fit,2023-11-02 19:14:42,直して下さい,直して下さい,233
g_2761,google_fit,2023-10-05 08:39:15,提供元というデータのサンプリング間隔が原因だと思われます,提供元というデータのサンプリング間隔が原因だと思われます,234
g_2766,google_fit,2023-10-10 19:18:20,歩数が減る変なアプリ仕事から帰ってきた直後とその数時間後で歩数が500歩くらい減りますまた階段の登り降りだけだとカウントが全くされません実際の歩数よりだいぶ少なめに集計されます,歩数が減る変なアプリ仕事から帰ってきた直後とその数時間後で歩数が500歩くらい減りますまた階段の登り降りだけだとカウントが全くされません,237
g_2772,google_fit,2023-11-11 21:56:36,時間は大体合ってますが稀に距離が表示されない,距離が表示されない,238
g_2775,google_fit,2023-12-04 09:13:48,必要に応じて複数の端末を使い分けているのでアカウントで連動するのはありがたいが、同期に時間がかかるし手動更新で任意に同期する事も出来ないのは不便,同期に時間がかかるし手動更新で任意に同期する事も出来ない,239
g_2776,google_fit,2023-10-20 17:57:31,リセットされた歩数返してください,リセットされた歩数返してください,240
g_2777,google_fit,2023-11-09 21:08:04,運動した時間はあってもいいけど見たいのはその日の歩数、その週の歩数、その月の歩数を表示してほしい,運動した時間はあってもいいけど見たいのはその日の歩数、その週の歩数、その月の歩数を表示してほしい,241
g_2779,google_fit,2023-10-05 21:17:52,ヘルス系アプリと連携してるから仕方なく入れてるけど、それがなければ速攻削除したいレベル,速攻削除したい,242
g_2782,google_fit,2023-10-15 15:23:32,笑何故データを一元管理できない,データを一元管理できない,243
g_2783,google_fit,2023-12-16 07:47:36,fitをインストールし直し、ログインしようとしましたが、アカウントが見つかりません,アカウントが見つかりません,244
g_2784,google_fit,2023-11-05 22:31:43,発生条件がわかりませんが、他のアプリを沢山使っているとメモリが足りなくなる的なことでしょうか,発生条件がわかりませんが、他のアプリを沢山使っているとメモリが足りなくなる,245
g_2787,google_fit,2023-12-10 13:57:10,地図も記録されてないし、表示されていない,地図も記録されてないし、表示されていない,247
g_2789,google_fit,2023-11-04 07:37:45,ウィジェットにリアルタイムの歩数が出ず、アプリを起動しないと数値が更新されないのは不便,リアルタイムの歩数が出ず、アプリを起動しないと数値が更新されない,248
g_2794,google_fit,2023-10-11 10:55:41,ウォーキングの管理での位置情報の記録が途中で止まるが、バックグラウンドでの実行を許可したら治った,ウォーキングの管理での位置情報の記録が途中で止まる,251
g_2795,google_fit,2023-11-27 09:38:30,少し早めにウオーキングすると、何故かサイクリングになります,少し早めにウオーキングすると、何故かサイクリングになります,252
g_2797,google_fit,2023-11-15 09:42:31,しかしfitでは体重の記録しか連携されません,体重の記録しか連携されません,254
g_2798,google_fit,2023-10-04 19:05:49,歩数の計測もデタラメでiphoneのヘルスケアでは20000歩なのにこの底辺アプリでは20歩とか頻繁にある,歩数の計測もデタラメでiphoneのヘルスケアでは20000歩なのにこの底辺アプリでは20歩とか頻繁にある,255
g_2799,google_fit,2023-12-19 11:10:26,2023/10/22〜10/30までアクティビティが0から動かず、10/31動き出して11/1はまた反応なし,アクティビティが0から動かず、10/31動き出して11/1はまた反応なし,256
g_2802,google_fit,2023-10-05 05:04:06,他の歩数アプリより歩数感度を悪すぎ、大至急良くしてください,歩数感度を悪すぎ、大至急良くしてください,257
g_2805,google_fit,2023-10-15 14:26:31,fitbitとヘルスコネクトで連携しているのに歩数が異なる,歩数が異なる,259
g_2807,google_fit,2023-12-02 09:44:01,と思ってアプリを開いても、全く歩けていない状態でガックリするので使いたくなくなってきました,アプリを開いても、全く歩けていない状態でガックリする,261
g_2808,google_fit,2023-12-15 01:41:20,ダメな所が2点,ダメな所が2点,262
g_2809,google_fit,2023-11-12 20:43:41,本当に最悪のアプリ他のアプリで歩数のカウントを比べるとgpsの連動が悪いのか大幅に差異が発生する,歩数のカウントを比べるとgpsの連動が悪い,263
g_2811,google_fit,2023-12-19 10:20:22,fitbitに電話してみてもgooglefitはgoogleのアプリなのでわかりませんなんとかしてほしい,fitbitに電話してみてもgooglefitはgoogleのアプリなのでわかりませんなんとかしてほしい,265
g_2648,google_fit,2023-11-29 20:01:47,乗り物に乗ると前後の歩数が消滅するのに悩んでいたが、二日ほど前から消えなくなった,乗り物に乗ると前後の歩数が消滅する,266
g_2812,google_fit,2023-10-03 07:41:36,乗り物に乗ると前後の歩数が消滅するのに悩んでいたが、二日ほど前から消えなくなった,乗り物に乗ると前後の歩数が消滅する,266
g_2813,google_fit,2023-11-05 22:31:43,スマホを再起動するとカウントが始まるようなので、外出先ではカウントが止まっていないかこまめに確認する必要がありますね,スマホを再起動するとカウントが始まるようなので、外出先ではカウントが止まっていないかこまめに確認する必要があります,267
g_2816,google_fit,2023-11-26 21:23:12,同じルートの散歩で、これくらいの歩数だろうなというのが分かっているのですが、以前は大体5000歩のところ3500歩くらいになってます,5000歩のところ3500歩くらいになってます,270
g_2819,google_fit,2023-10-04 18:52:28,アプリを開くたびに、折角貯めた歩数やハートポイントが目減りしていくってどういう仕様ですか,アプリを開くたびに、折角貯めた歩数やハートポイントが目減りしていく,271
g_2821,google_fit,2023-12-10 13:57:10,アプリを開くと点滅している,アプリを開くと点滅している,273
g_2444,google_fit,2023-11-24 07:38:10,アプデ後から歩数がカウントされなくなってしまったためなんとかして欲しい,歩数がカウントされなくなってしまった,274
g_2483,google_fit,2023-10-26 00:02:00,ずっとロード画面のまま歩数もカウントされない,歩数もカウントされない,274
g_2495,google_fit,2023-11-01 16:32:09,この間まで不自由なく使えてたのに、更新したら歩数の記録が表示されなくなりました、細かく何分歩いたとか走ったとか表示されてたのですごく便利だったのに残念です、元に戻せるなら戻してほしいです,歩数の記録が表示されなくなりました,274
g_2510,google_fit,2023-11-22 11:39:18,つまり歩数が計測されないです,歩数が計測されない,274
g_2529,google_fit,2023-11-06 20:28:18,まともに計測出来ないなら止めてしまえ,まともに計測出来ない,274
g_2534,google_fit,2023-12-16 07:47:36,2〜3日前から歩数が計測されず、連携しているアプリにはんえいされなくなりました,歩数が計測されず,274
g_2550,google_fit,2023-12-19 22:02:47,毎日同じルートを歩いているが、歩数カウントが安定しない,歩数カウントが安定しない,274
g_2555,google_fit,2023-12-04 11:50:20,歩数がきちんとカウントされないのでアインストールして再インストールしましたが改善しません,歩数がきちんとカウントされない,274
g_2559,google_fit,2023-10-14 09:34:43,連携しているアプリでも勿論歩数がカウントされないので困っています,歩数がカウントされない,274
g_2585,google_fit,2023-12-15 07:08:59,すぐ歩数が出なくなるのが悲しい,歩数が出なくなる,274
g_2592,google_fit,2023-10-29 11:00:19,歩数がカウントされない,歩数がカウントされない,274
g_2596,google_fit,2023-10-09 16:45:42,先週くらいから歩数が計測出来ないんだよね,歩数が計測出来ない,274
g_2614,google_fit,2023-12-02 09:44:01,最近歩数が正しくカウントされていないと感じることが多く、頑張ったぞ,歩数が正しくカウントされていない,274
g_2627,google_fit,2023-11-03 10:00:54,今までは、問題なく使っていましたが、昨日から、全く歩数がカウントされなくなりました,歩数がカウントされなくなりました,274
g_2657,google_fit,2023-10-07 21:55:55,しょっちゅう歩数がカウントされなくなります,歩数がカウントされなくなります,274
g_2658,google_fit,2023-11-02 22:43:54,歩数が記録されない時がある,歩数が記録されない,274
g_2667,google_fit,2023-12-12 17:31:25,時々歩数のカウントがされない事があります,歩数のカウントがされない,274
g_2692,google_fit,2023-12-14 19:39:29,突然計測がされなくなる事が、度々起こります,計測がされなくなる,274
g_2697,google_fit,2023-10-18 18:29:01,アクティビティの履歴を見たら、サイクリングとして登録され、歩数にカウントされていませんでした,歩数にカウントされていません,274
g_2713,google_fit,2023-11-01 12:13:04,ここ最近歩数がちゃんとカウントされなくなった,歩数がちゃんとカウントされなくなった,274
g_2764,google_fit,2023-11-04 16:34:34,歩いても歩数が反映されないこと多々あり,歩数が反映されない,274
g_2765,google_fit,2023-10-14 09:34:43,ある時突然wi-fi接続状態じゃないと歩数カウントがされなくなりました,歩数カウントがされなくなりました,274
g_2792,google_fit,2023-10-15 16:51:23,歩数が全く計らないです,歩数が全く計らない,274
g_2820,google_fit,2023-12-08 06:41:09,突然カウントされなくなりました,カウントされなくなりました,274
g_2822,google_fit,2023-11-09 06:22:21,歩数がカウントされない日がちょくちょく有る,歩数がカウントされない,274
g_2848,google_fit,2023-12-15 17:02:34,スマートウォッチの睡眠や心拍数は反映されているのに歩数が正しく反映されないので携帯を持てない時の歩数がカウントされないからいちいち手入力するしかないので苛立ちを覚える,歩数が正しく反映されない,274
g_2869,google_fit,2023-10-11 19:59:05,歩数のカウントされない事が多い,歩数のカウントされない,274
g_2873,google_fit,2023-11-03 18:06:50,急に過去データ消え、歩数もカウントされなくなった,過去データ消え、歩数もカウントされなくなった,274
g_2876,google_fit,2023-10-25 17:25:25,昨日2023/10/20から、googlefitの歩数がカウントされなくなった,歩数がカウントされなくなった,274
g_2884,google_fit,2023-10-24 23:51:52,きちんと測定できないのは健康アプリとして致命的,きちんと測定できない,274
g_2889,google_fit,2023-12-16 16:55:40,1万歩の目標達成しましたって表示され、次の日になったら歩数が減っていて達成されてないっていう事が数回あります,歩数が減っていて達成されてない,274
g_2824,google_fit,2023-11-23 12:36:33,自分の目的が違っていたのはありますが、あまり使いやすくはないようです,自分の目的が違っていたのはありますが、あまり使いやすくはない,275
g_2827,google_fit,2023-10-28 09:50:40,動作が突然ルーズになり、勝手にフリーズするの繰り返しの挙げ句、落ちる,動作が突然ルーズになり、勝手にフリーズする,276
g_2469,google_fit,2023-11-29 20:01:47,また消え始めた,消え始めた,277
g_2603,google_fit,2023-11-29 20:01:47,今日も消えた,消えた,277
g_2702,google_fit,2023-10-03 07:41:36,また消え始めた,消え始めた,277
g_2830,google_fit,2023-10-03 07:41:36,今日も消えた,消えた,277
g_2833,google_fit,2023-10-04 18:52:28,アップデートが頻繁の割には、全く改善されずイライラが増えるばかりです,アップデートが頻繁,279
g_2835,google_fit,2023-12-01 18:18:52,うーむ、このソフトはそもそものアルゴリズムがダメだねぇ,そもそものアルゴリズムがダメだねぇ,281
g_2839,google_fit,2023-11-05 20:10:36,fitの数字がでたらめ,fitの数字がでたらめ,283
g_2840,google_fit,2023-12-19 11:10:26,2023/12/2〜、アクティビティが0から動かず,アクティビティが0から動かず,284
g_2841,google_fit,2023-11-27 09:38:30,正常にカウントされるように早く直して下さい,正常にカウントされるように早く直して下さい,285
g_2842,google_fit,2023-11-09 18:25:22,全くカウントされなかったり、歩数が増えたり減ったり動作が不安定すぎます,歩数が増えたり減ったり動作が不安定すぎます,286
g_2847,google_fit,2023-10-06 19:39:42,ラフティングを選択に入れて下さい,ラフティングを選択に入れて下さい,288
g_2852,google_fit,2023-12-11 17:39:05,順調に動いていましたが、少し前からアプリを開かないとウィジェットが更新されない歩数が増えない状態です,アプリを開かないとウィジェットが更新されない歩数が増えない,290
g_2854,google_fit,2023-11-11 18:59:12,最初はきちんと距離やスピードが出てるのに、暫くすると消えてしまう,最初はきちんと距離やスピードが出てるのに、暫くすると消えてしまう,291
g_2856,google_fit,2023-10-12 07:07:41,栄養が一度記録すると全削除以外できない,栄養が一度記録すると全削除以外できない,292
g_2857,google_fit,2023-11-10 17:51:14,最近、クラッシュ表示とともに強制終了することが何度もあります,クラッシュ表示とともに強制終了する,293
g_2859,google_fit,2023-12-04 13:00:15,要望腹囲の測定結果を手入力してグラフ化したい,要望腹囲の測定結果を手入力してグラフ化したい,294
g_2860,google_fit,2023-10-24 09:46:23,おおむね満足だけど体重だけじゃなくて体組成も記録できるようにしてほしい,体重だけじゃなくて体組成も記録できるようにしてほしい,295
g_2862,google_fit,2023-12-15 17:02:34,システム管理がなってない,システム管理がなってない,296
g_2864,google_fit,2023-10-13 22:21:39,かと思いきや、1km程歩いたら-2歩,1km程歩いたら-2歩,298
g_2870,google_fit,2023-10-25 06:32:16,このアプリだけ歩数が後から表示される,歩数が後から表示される,300
g_2871,google_fit,2023-10-05 21:17:52,歩数計も高強度測定も信頼性ゼロ,歩数計も高強度測定も信頼性ゼロ,301
g_2875,google_fit,2023-11-11 18:59:12,コースはちゃんと地図上に表示されたままなのに、なぜ距離や他のデータを消せるのだろう,コースはちゃんと地図上に表示されたままなのに、なぜ距離や他のデータを消せるのだろう,304
g_2878,google_fit,2023-11-17 15:12:13,怖くてアップデート出来ない,アップデート出来ない,306
g_2885,google_fit,2023-12-06 14:10:31,チャレンタブに一切チャレンジが表示されません,チャレンタブに一切チャレンジが表示されません,308
g_2886,google_fit,2023-10-12 11:49:30,70才の私には少しわかりにくいです,70才の私には少しわかりにくい,309
g_2890,google_fit,2023-12-19 10:20:22,googlefitアプリの問合せしてるのになんでfitbitに回そうとするのか,googlefitアプリの問合せしてるのになんでfitbitに回そうとするのか,312
