g_7566,楽天ペイ,2023-10-19 12:24:43,edyからポイントを付けようとすると、自動的にこのアプリが立ち上がり、エラーになってポイントのバーコードが表示されない,edyからポイントを付けようとすると、自動的にこのアプリが立ち上がり、エラーになってポイントのバーコードが表示されない,2
g_7567,楽天ペイ,2023-10-03 03:54:15,色んなアプリをダウンロードしろ言い過ぎ,色んなアプリをダウンロードしろ言い過ぎ,3
g_7579,楽天ペイ,2023-10-20 15:29:40,還元ポイントが分かりにくいauペイpaypayと比べて非常に分かりにくい,還元ポイントが分かりにくいauペイpaypayと比べて非常に分かりにくい,7
g_7580,楽天ペイ,2023-10-21 23:32:24,タッチ決済のキャンペーンしておいて、使う時に勝手にログアウトされてるのは酷い,タッチ決済のキャンペーンしておいて、使う時に勝手にログアウトされてる,8
g_7581,楽天ペイ,2023-10-28 13:40:21,こんな時にも、楽天の広告が割り込んできます,楽天の広告が割り込んできます,9
g_7582,楽天ペイ,2023-11-02 07:39:08,楽天ポイントを優先して使うように設定しているのですが、気付くと楽天キャッシュを優先使うように勝手に設定が変わってしまい、期間限定ポイントを使わせないようになっている,楽天キャッシュを優先使うように勝手に設定が変わってしまい,10
g_7583,楽天ペイ,2023-10-05 21:44:31,楽天ペイ様へ、カ−ドの登録にアプリを見れる要にお願い致します,楽天ペイ様へ、カ−ドの登録にアプリを見れる要にお願い致します,11
g_7587,楽天ペイ,2023-10-04 16:18:43,ポイントのバーコードをだすときかなりの確率で失敗して表示出来なくて断念します,ポイントのバーコードをだすときかなりの確率で失敗して表示出来なくて,13
g_7796,楽天ペイ,2023-10-19 12:15:14,決済バーコードは生成されるが、ポイントカードのバーコードが更新に失敗しました,ポイントカードのバーコードが更新に失敗しました,13
g_7589,楽天ペイ,2023-12-19 17:07:42,販促するなら楽天ペイのロゴをもっと目立つものに変えたり、cmもパンダばかりでなくタレントも使ってほしいという希望があるので星3つ,楽天ペイのロゴをもっと目立つものに変えたり、cmもパンダばかりでなくタレントも使ってほしい,14
g_7590,楽天ペイ,2023-12-06 09:35:26,レジに並んでアプリ開いても、ポイントやペイが起動しきれない,ポイントやペイが起動しきれない,15
g_7593,楽天ペイ,2023-10-11 14:33:26,ネットワーク状態が良い場所だと一番早く決済できるが、駅や地下などの場所では決済があからさまに遅いのはデメリットですね,決済があからさまに遅い,16
g_7598,楽天ペイ,2023-11-19 21:03:33,しょうもないバナー広告で通信が不安定とか表示させてるんじゃねぇ,バナー広告で通信が不安定とか表示させてる,17
g_7599,楽天ペイ,2023-12-04 00:46:36,せめて太字対応くらいして欲しい,太字対応くらいして欲しい,18
g_7600,楽天ペイ,2023-10-23 14:24:57,楽天銀行にはログイン出来るけど、楽天ペイからだと入れない,楽天銀行にはログイン出来るけど、楽天ペイからだと入れない,19
g_7604,楽天ペイ,2023-10-27 08:16:20,いつまで、この状態が続くのか,いつまで、この状態が続くのか,21
g_7606,楽天ペイ,2023-11-26 22:22:22,楽天を第一に使っているので、なんとかして,なんとかして,23
g_7607,楽天ペイ,2023-11-04 01:53:15,停止できないのが辛いので、もう使わないです,停止できない,24
g_7608,楽天ペイ,2023-11-05 14:48:04,paypayのように、下に大きく主要ボタンを設置して頂き、直ぐに履歴等を確認出来るようにしてほしい,下に大きく主要ボタンを設置して頂き、直ぐに履歴等を確認出来るようにしてほしい,25
g_7609,楽天ペイ,2023-10-02 21:26:17,楽天さんのカードを、申し込みいたしました、審査の結果、早速に、カードを、送りますとのご返事でしたので、安心して、沢山メールが、多すぎたので、削除してしまいました、削除したメールの中に承認番号が、書いていたみたいで、承認番号が分かりません、どうしたら良いでしょうか,削除したメールの中に承認番号が、書いていたみたいで、承認番号が分かりません,26
g_7610,楽天ペイ,2023-10-29 15:29:43,楽天ポイントのバーコードを、楽天アプリから表示できなくなりました,楽天ポイントのバーコードを、楽天アプリから表示できなくなりました,27
g_7790,楽天ペイ,2023-10-06 17:25:35,楽天ショッピングアプリで会員カードのバーコードが出なくなるということなので入れましたが、不便なので★1です,楽天ショッピングアプリで会員カードのバーコードが出なくなる,27
g_8621,楽天ペイ,2023-11-04 15:48:03,楽天市場アプリでポイントのバーコード表示が使えなくなり、指示に従ってこのアプリを入れたら今度は初回ログイン後一定時間はこのアプリでもポイントカードとしては使えないと言い出した,楽天市場アプリでポイントのバーコード表示が使えなくなり、指示に従ってこのアプリを入れたら今度は初回ログイン後一定時間はこのアプリでもポイントカードとしては使えない,27
g_7612,楽天ペイ,2023-10-17 10:37:38,タッチ決済のアイコンが消えて、その後再インストールしても出てこなくなった,タッチ決済のアイコンが消えて、その後再インストールしても出てこなくなった,28
g_7616,楽天ペイ,2023-11-26 16:48:18,設定を変えても位置情報を取得出来なくて、地図からの情報がもらえない,位置情報を取得出来なくて、地図からの情報がもらえない,29
g_7844,楽天ペイ,2023-11-03 17:20:12,→対象外ではなく使えるお店検索で、地図に表示されないようです,地図に表示されない,29
g_7619,楽天ペイ,2023-10-03 11:37:03,どうにかしてください,どうにかしてください,30
g_7622,楽天ペイ,2023-11-23 21:29:06,全くスマートでは無いよね,全くスマートでは無い,31
g_7623,楽天ペイ,2023-11-08 16:54:33,ローソン銀行でもチャージできるようにしてほしい,ローソン銀行でもチャージできるようにしてほしい,32
g_7627,楽天ペイ,2023-12-10 18:05:15,不具合ばっかり,不具合ばっかり,34
g_7637,楽天ペイ,2023-10-06 22:07:07,起動してすぐの画面にバーコードもどきを表示するのは止めてもらえませんか,起動してすぐの画面にバーコードもどきを表示するのは止めてもらえませんか,35
g_7638,楽天ペイ,2023-11-11 15:02:51,発信認証になってからとても使いづらくなった,発信認証になってからとても使いづらくなった,36
g_7639,楽天ペイ,2023-10-29 17:05:31,楽天カードからのチャージの手続きでスマホにロックが掛かってしまっていちいちパスワードを入れなくてはいけなくなり、auでなおして貰った,スマホにロックが掛かってしまっていちいちパスワードを入れなくてはいけなくなり,37
g_7642,楽天ペイ,2023-11-24 18:13:14,2〜3分毎にしつこく広告に出て仕事の邪魔競合他社勤務,2〜3分毎にしつこく広告に出て仕事の邪魔,38
g_7644,楽天ペイ,2023-10-10 16:31:56,しかし、そのポイントカード表示が読込更新に失敗すると更新ボタンが右上隅で半分見切れた状態になるので押しにくいです,ポイントカード表示が読込更新に失敗すると更新ボタンが右上隅で半分見切れた状態になる,39
g_7645,楽天ペイ,2023-11-09 12:18:13,決済方法としては便利だけど、通知がうるさすぎる,通知がうるさすぎる,40
g_7647,楽天ペイ,2023-10-19 01:20:42,楽天ペイ関連楽天チェック等除くのポイント非表示ができない,ポイント非表示ができない,41
g_7652,楽天ペイ,2023-11-18 20:34:42,ログインしてから1時間後に表示されます,ログインしてから1時間後に表示されます,44
g_7654,楽天ペイ,2023-11-05 11:42:04,アプリの立ち上げが遅く、会計の際にすぐ支払うことが出来ない,アプリの立ち上げが遅く、会計の際にすぐ支払うことが出来ない,45
g_7655,楽天ペイ,2023-12-01 22:47:38,楽天ペイのキャッシュを楽天edyにチャージしようとすると、なぜか2日後になります,楽天ペイのキャッシュを楽天edyにチャージしようとすると、なぜか2日後になります,46
g_7661,楽天ペイ,2023-12-08 20:51:32,楽天ポイントに切り替える時にほとんど毎回エラーで表示されない,楽天ポイントに切り替える時にほとんど毎回エラーで表示されない,49
g_7662,楽天ペイ,2023-10-12 06:22:17,操作に支障がでます,操作に支障がでます,50
g_7663,楽天ペイ,2023-11-23 11:06:43,もう既に高額な金額を楽天ペイに入れてしまいコールセンターに問い合わせたところシステム上で支払い上限を解除していただけるとのことですが解除が上手くいかない場合返金等はできないとのことです,解除が上手くいかない,51
g_7665,楽天ペイ,2023-12-10 07:24:56,18時頃に使用した通知を深夜1時にメール送るって、迷惑です,18時頃に使用した通知を深夜1時にメール送る,52
g_7667,楽天ペイ,2023-10-11 21:25:32,アプリを変えると色々とやらされるのが面倒くさい,アプリを変えると色々とやらされるのが面倒くさい,53
g_7673,楽天ペイ,2023-12-15 08:21:50,国民年金機構にお願いして新しい納付書を送ってもらったけど読み取らない,読み取らない,55
g_7849,楽天ペイ,2023-11-26 15:18:34,国民年金機構にお願いして新しい納付書を送ってもらったけど読み取らない,読み取らない,55
g_8512,楽天ペイ,2023-12-06 00:30:09,あまりに読み込まないので、諦めてコンビニで払込をしてきます,読み込まない,55
g_8513,楽天ペイ,2023-10-29 18:48:24,請求書払いでバーコードを読み取ろうとするも、読み取ってくれない,読み取ってくれない,55
g_7675,楽天ペイ,2023-10-13 12:08:48,23/10/13現在、suicaチャージキャンペーンのポップアップウィンドウが通知領域にめり込んでおり、✕ボタンが押せません,suicaチャージキャンペーンのポップアップウィンドウが通知領域にめり込んでおり、[UNK]ボタンが押せません,56
g_7677,楽天ペイ,2023-11-18 06:33:25,今までの楽天商品購入良かったのですが、レビューの返信ができ無かったのが残念です,レビューの返信ができ無かった,58
g_7678,楽天ペイ,2023-10-22 11:39:20,しかも回線またはサーバーが重くて更新が遅いとレジでもたつくので使いたくなくなる,回線またはサーバーが重くて更新が遅いとレジでもたつく,59
g_7679,楽天ペイ,2023-11-20 14:21:04,スマホ開く度毎回同じ広告,スマホ開く度毎回同じ広告,60
g_7683,楽天ペイ,2023-10-04 07:49:40,欲を言えば、ペイで支払える店舗を増やして下さい,ペイで支払える店舗を増やして下さい,61
g_7684,楽天ペイ,2023-10-01 12:20:00,バーの読み込みに難なり,バーの読み込みに難なり,62
g_7685,楽天ペイ,2023-10-23 14:24:57,チャージが面倒くさい,チャージが面倒くさい,63
g_7686,楽天ペイ,2023-10-21 06:44:42,電話番号認証できずにインストールすらできない,電話番号認証できずにインストールすらできない,64
g_7687,楽天ペイ,2023-10-23 00:38:46,やはり、端末もデリケートな機器なので、気配り、いたわって上げれば何事も無く無事にらくらくとトラブル無しで使えています,何事も無く無事にらくらくとトラブル無しで使えています,65
g_7688,楽天ペイ,2023-11-13 18:28:26,このアプリでsuicaを利用しているんですが、1週間前くらいからチャージをするときの本人確認画面がうまく作動しません,チャージをするときの本人確認画面がうまく作動しません,66
g_7696,楽天ペイ,2023-11-18 20:34:42,などのメッセージが出る,などのメッセージが出る,69
g_7697,楽天ペイ,2023-11-24 10:07:32,何度要求しても終わらないどうすれば元の画面に戻るのかな,何度要求しても終わらないどうすれば元の画面に戻る,70
g_7698,楽天ペイ,2023-10-03 06:04:37,そのため、全て未払いとなり大変迷惑しております,全て未払いとなり,71
g_7700,楽天ペイ,2023-10-07 19:09:38,広告が異常に多過ぎてコンテンツも楽しめない,広告が異常に多過ぎてコンテンツも楽しめない,72
g_7701,楽天ペイ,2023-10-26 16:05:48,ポイントざくざく~,ポイントざくざく,73
g_7708,楽天ペイ,2023-12-10 18:05:15,マクドナルドモバイルオーダーで使おうとしたらエラーになる,マクドナルドモバイルオーダーで使おうとしたらエラーになる,74
g_7712,楽天ペイ,2023-10-02 18:14:24,電話機能を付けていないと使えません,電話機能を付けていないと使えません,75
g_7713,楽天ペイ,2023-10-29 20:35:56,使える店舗が増えることを期待します,使える店舗が増えることを期待します,76
g_7890,楽天ペイ,2023-11-12 20:38:37,使えるお店をもっと増やしてほしい,使えるお店をもっと増やしてほしい,76
g_7961,楽天ペイ,2023-10-22 23:52:48,要望としては、使える店舗を増やして頂きたいです,使える店舗を増やして頂きたい,76
g_8010,楽天ペイ,2023-10-18 16:34:09,特にガソリンスタンド使用できる所が増えると助かります,ガソリンスタンド使用できる所が増えると助かります,76
g_8060,楽天ペイ,2023-11-06 18:45:20,もっと利用できる店舗が増えると助かります,利用できる店舗が増えると助かります,76
g_8256,楽天ペイ,2023-12-13 13:41:04,もっと加盟店が増えると尚良い,加盟店が増えると尚良い,76
g_8404,楽天ペイ,2023-10-08 00:20:35,あとは、使える店が増えれば良いかなぁ,使える店が増えれば良い,76
g_8414,楽天ペイ,2023-10-29 20:35:56,使える店舗が増えることを期待します,使える店舗が増えることを期待します,76
g_7715,楽天ペイ,2023-10-07 13:36:29,楽天payのポイントカードの表示キャンペーンが鬱陶しい,楽天payのポイントカードの表示キャンペーンが鬱陶しい,77
g_7717,楽天ペイ,2023-10-04 00:25:47,本当にこのコマーシャルで迷惑してますトークの途中で入ってくるのやめてください,トークの途中で入ってくる,78
g_7722,楽天ペイ,2023-10-23 00:38:46,樂天ペイのアプリでグルグル回って、アプリが出て来ない時は、電源を切って再稼働すると、次からは出てキます,電源を切って再稼働すると、次からは出てキます,81
g_7723,楽天ペイ,2023-11-28 18:06:09,最近通信エラーとなり決済が出来ない何時になったら対応するんですか,通信エラーとなり決済が出来ない,82
g_8267,楽天ペイ,2023-12-12 06:46:45,最近通信エラーとなり決済が出来ない何時になったら対応するんですか,通信エラーとなり決済が出来ない,82
g_8622,楽天ペイ,2023-10-11 12:08:38,ずーっと通信エラーでログイン出来ません,通信エラーでログイン出来ません,82
g_7726,楽天ペイ,2023-11-23 08:08:28,再起動してもしてもインターネット接続エラーです,再起動してもしてもインターネット接続エラー,83
g_7727,楽天ペイ,2023-12-13 19:10:35,ペイ機能は不要なのに,ペイ機能は不要,84
g_7728,楽天ペイ,2023-11-28 15:37:49,レジ前でアプリを開いたらしばらくお待ち下さいの画面がくるくるくる回る,レジ前でアプリを開いたらしばらくお待ち下さいの画面がくるくるくる回る,85
g_7735,楽天ペイ,2023-12-08 16:26:48,わざわざ毎回指紋認証等必要なのがわずらわしい,毎回指紋認証等必要な,86
g_7740,楽天ペイ,2023-12-06 09:35:26,起動し直しても同じ,起動し直しても同じ,88
g_7742,楽天ペイ,2023-11-04 12:43:15,店員さんが勘違いするので、ダミーのバーコードを表示しないでほしい,ダミーのバーコードを表示しないでほしい,89
g_7746,楽天ペイ,2023-10-24 16:32:58,年よりはメカに弱い,年よりはメカに弱い,91
g_7747,楽天ペイ,2023-10-14 14:17:12,アプリ開いてから毎回バーコードの画面全っ然出てこないまま,アプリ開いてから毎回バーコードの画面全っ然出てこない,92
g_7605,楽天ペイ,2023-10-21 15:08:29,操作がわからないです,操作がわからない,93
g_7649,楽天ペイ,2023-11-18 20:34:42,まったく意味がわからない,まったく意味がわからない,93
g_7676,楽天ペイ,2023-11-27 20:41:12,而使えない,使えない,93
g_7737,楽天ペイ,2023-10-29 04:41:14,なかなか使いこなせない,使いこなせない,93
g_7748,楽天ペイ,2023-11-07 20:20:54,使えない永遠にログインしてくださいがでてくる,使えない,93
g_7830,楽天ペイ,2023-11-23 11:06:43,使い方がわからず文句を書いたのですが,使い方がわからず,93
g_7855,楽天ペイ,2023-10-29 22:18:49,全く使えない,全く使えない,93
g_7856,楽天ペイ,2023-12-09 09:28:18,使えない店が結構あります,使えない,93
g_7898,楽天ペイ,2023-12-12 06:46:45,未だに使えないんですけど高評価つけてるのサクラか,使えない,93
g_8150,楽天ペイ,2023-11-15 20:52:01,使えない,使えない,93
g_8278,楽天ペイ,2023-10-19 08:37:14,使おうとしたときに使えない,使えない,93
g_8321,楽天ペイ,2023-10-30 09:50:47,使い方がはっきりわからないのでこまっております,使い方がはっきりわからない,93
g_8343,楽天ペイ,2023-12-05 22:54:23,怖くて使えないのです,怖くて使えない,93
g_8473,楽天ペイ,2023-10-02 12:45:38,起動すらしないwww,起動すらしない,93
g_8502,楽天ペイ,2023-10-07 14:18:28,見難い、使い難い,見難い、使い難い,93
g_8591,楽天ペイ,2023-12-15 10:46:54,結局使えず、お店側にも迷惑がかかりました,使えず,93
g_8638,楽天ペイ,2023-10-09 17:47:46,全然開かないし、使えない,全然開かないし、使えない,93
g_8670,楽天ペイ,2023-11-04 05:12:07,楽天市場の決済に利用しようと思い、アプリを入れたのですが、まさか使えないとは,使えない,93
g_8702,楽天ペイ,2023-11-15 20:52:01,起動しない,起動しない,93
g_8730,楽天ペイ,2023-12-02 08:42:30,使えない,使えない,93
g_8743,楽天ペイ,2023-10-22 15:48:55,意味不明な画面,意味不明な画面,93
g_8829,楽天ペイ,2023-10-02 12:57:28,使えないダメアプリ,使えない,93
g_7749,楽天ペイ,2023-10-23 13:09:14,帰宅後にアンインストールしてからアプリ入れ直したら普通に表示された,帰宅後にアンインストールしてからアプリ入れ直したら普通に表示された,94
g_7751,楽天ペイ,2023-12-06 09:35:26,アプリを起動してもスムーズに反応しない時がある,アプリを起動してもスムーズに反応しない,95
g_7752,楽天ペイ,2023-12-08 08:29:47,急に操作ができなくなった,急に操作ができなくなった,96
g_7755,楽天ペイ,2023-11-03 14:10:21,もっと使いやすさを考えてほしい,もっと使いやすさを考えてほしい,97
g_7760,楽天ペイ,2023-12-13 16:48:57,支払いしようとしてもネットに繋がりませんとアプリで支払い出来ないです,ネットに繋がりませんとアプリで支払い出来ない,98
g_7762,楽天ペイ,2023-10-03 15:33:50,ペイアプリからキャッシュからedyへのチャージをしようとすると、定期的に初回は500円で2日後からとなり、当日チャージできない,当日チャージできない,99
g_7770,楽天ペイ,2023-10-20 10:16:32,何とかしてほしい,何とかしてほしい,101
g_7772,楽天ペイ,2023-12-19 21:22:31,セキュリティで毎回暗証番号を入れたり、本当に面倒だし、使い方がpaypay等と比べて何より分かりにくい,セキュリティで毎回暗証番号を入れたり、本当に面倒だし、使い方がpaypay等と比べて何より分かりにくい,102
g_7774,楽天ペイ,2023-12-06 19:40:59,楽天ポイントカードのバーコードがたまにしか表示されない,楽天ポイントカードのバーコードがたまにしか表示されない,103
g_7777,楽天ペイ,2023-11-07 20:20:54,たまに楽天のログインページに飛んで、すでにログインされています,たまに楽天のログインページに飛んで、すでにログインされています,104
g_7781,楽天ペイ,2023-10-13 12:08:48,修正願います,修正願います,106
g_7782,楽天ペイ,2023-10-14 20:06:42,edyチャージ機からチャージをしたが、アプリには金額が反映されているが、いざ支払いしようとすると出来ない事がよくある,アプリには金額が反映されているが、いざ支払いしようとすると出来ない,107
g_7783,楽天ペイ,2023-10-20 09:23:04,画面上部に出てくるバナーが鬱陶しすぎるんだよ、考えた奴クビにしろよ,画面上部に出てくるバナーが鬱陶しすぎる,108
g_7788,楽天ペイ,2023-12-15 10:46:54,支払い額に制限がかかってますとか,支払い額に制限がかかってます,111
g_7792,楽天ペイ,2023-11-14 12:39:03,コード決済を使用させたいなら、一切のバナーや余分な機能を除去した決済専用アプリを出してくれ,一切のバナーや余分な機能を除去した決済専用アプリを出してくれ,114
g_7795,楽天ペイ,2023-10-27 11:20:15,再起動しない限り再読みも行えない3,再起動しない限り再読みも行えない,115
g_7797,楽天ペイ,2023-10-24 16:32:58,楽天市場で購入したいけどやり方が解らない為困ります,楽天市場で購入したいけどやり方が解らない,117
g_8824,楽天ペイ,2023-10-04 22:59:44,楽天市場で商品を購入する時に、決済方法として使えないのが難点街中で決済方法の一部分として使ってる程度止まりになってしまっています,楽天市場で商品を購入する時に、決済方法として使えない,117
g_7798,楽天ペイ,2023-10-13 22:05:06,ってなったわ楽天キャッシュにatmで必要な金入れてあったからそっち選択してんのにクレジット情報必要な意味解らんd払いは何の問題なく払えた楽天グループでの利益囲い込みとかいい加減にしろあわやチケ確保出来ないとこだった二度と入金しない即アプリ削除,入金しない即アプリ削除,118
g_7799,楽天ペイ,2023-10-04 00:19:50,そんな来ているお知らせを頻繁には見れません,そんな来ているお知らせを頻繁には見れません,119
g_7801,楽天ペイ,2023-11-03 14:10:21,偽コードを表示する意味がわからない,偽コードを表示する,120
g_7802,楽天ペイ,2023-12-13 19:10:35,他の楽天アプリでポイントカードバーコードが表示されると困ることでもあるのか,他の楽天アプリでポイントカードバーコードが表示されると,121
g_7803,楽天ペイ,2023-10-11 10:08:37,楽天ボイントカード代わりに利用してるけど、カード画面にするとほぼ毎回きちんと表示されない,カード画面にするとほぼ毎回きちんと表示されない,122
g_7810,楽天ペイ,2023-12-13 16:14:27,先月辺りからクレジットカードタッチ決済でエラーが出るようになり改善されていません,クレジットカードタッチ決済でエラーが出る,123
g_7812,楽天ペイ,2023-11-12 19:49:13,レジで表示させようとしたら、表示せず楽天ペイの案内が表示され本当に後ろの人に迷惑をかけた,レジで表示させようとしたら、表示せず楽天ペイの案内が表示され,124
g_7813,楽天ペイ,2023-11-14 12:39:03,兎に角重い、重すぎる,兎に角重い、重すぎる,125
g_7816,楽天ペイ,2023-11-03 17:20:12,11月月だとedyを飲食店で使うで、coco'sが対象外だったり,coco'sが対象外だったり,126
g_7818,楽天ペイ,2023-11-29 17:07:22,aiが生成したような文章が送られてきて、その後詳細を送っても放置されてる,aiが生成したような文章が送られてきて、その後詳細を送っても放置されてる,127
g_7820,楽天ペイ,2023-10-16 15:07:19,自動販売機との接続が悪く、アプリ使えない時が、よく有る,自動販売機との接続が悪く、アプリ使えない,128
g_7768,楽天ペイ,2023-10-15 18:51:29,レジでこのアプリから楽天ポイントを表示してから精算をしようとするといつもエラーで表示されなくて困っている,エラーで表示されなくて,129
g_7821,楽天ペイ,2023-10-23 13:09:14,エラーが出てまったく使えない,エラーが出てまったく使えない,129
g_8400,楽天ペイ,2023-10-12 20:41:57,エラーばかりで使えないことが多い,エラーばかりで使えない,129
g_7822,楽天ペイ,2023-10-21 19:18:03,使わない期間があるとセキュリティのcash65エラーが出てチャージできなくなる→解除できるらしいが1日以上かかるらしい→キャンペーンを逃す頻繁に使わないと怪しまれるとか意味わからないです,セキュリティのcash65エラーが出てチャージできなくなる,130
g_7824,楽天ペイ,2023-11-07 20:20:54,続けるをクリックしてくださいで、また無限ログインしてくださいになる,続けるをクリックしてくださいで、また無限ログインしてくださいになる,131
g_7624,楽天ペイ,2023-10-09 09:33:01,他社のバーコード決済はレジでスキャン出来るが楽天ペイはスキャンしない時が多い,楽天ペイはスキャンしない,133
g_7744,楽天ペイ,2023-10-16 17:06:32,前回アプリ起動後から長い間経った後に起動すると、楽天ポイントのバーコードが表示されない,楽天ポイントのバーコードが表示されない,133
g_7785,楽天ペイ,2023-12-17 15:55:57,・edyアプリでは、キャッシュとedyがアプリ内で相互運用できるがこの楽天payアプリはedyからキャッシュへのチャージが出来ない為、edyとpayアプリを2つ入れなくちゃならない,楽天payアプリはedyからキャッシュへのチャージが出来ない,133
g_7827,楽天ペイ,2023-11-29 16:38:05,基本的に動作は安定していますが、このアプリから楽天ポイントのバーコードが表示できない事が多々あります,楽天ポイントのバーコードが表示できない,133
g_7873,楽天ペイ,2023-11-26 16:49:40,楽天ポイント一切つかないの知らずにずっと使ってました、最悪です,楽天ポイント一切つかない,133
g_8440,楽天ペイ,2023-10-20 20:25:52,xperia5だが、楽天カードタッチ決済が使えないマイナーなp-upのスマホでは使えるのにとても不思議,楽天カードタッチ決済が使えない,133
g_8809,楽天ペイ,2023-10-23 18:18:46,楽天アプリでバーコードすら表示しないの本当に嫌だなと思いました,楽天アプリでバーコードすら表示しない,133
g_7828,楽天ペイ,2023-10-29 22:18:49,と言うメッセージが出るが、最初に開いてから何度開いても半年待っても使えない,最初に開いてから何度開いても半年待っても使えない,134
g_7829,楽天ペイ,2023-10-18 06:28:42,昨日から急にインストールせよとスマホ画面に何度も出てくるので、仕方なくインストールしましたそれでもまだうるさくインストールせよと出てくるとんでもない会社だ,急にインストールせよとスマホ画面に何度も出てくる,135
g_7831,楽天ペイ,2023-12-05 19:37:06,時間がすごくかかる,時間がすごくかかる,137
g_8381,楽天ペイ,2023-11-11 08:04:39,ものすごく時間がかかる,ものすごく時間がかかる,137
g_8413,楽天ペイ,2023-12-02 08:42:30,その他、何をするにも時間がかかり過ぎ,何をするにも時間がかかり過ぎ,137
g_7832,楽天ペイ,2023-10-14 13:06:32,接続できなく使えないことが多々,接続できなく使えない,138
g_7835,楽天ペイ,2023-10-14 07:22:11,チャージされている分は使えるので、使い切るまでに修正されていることを願います,チャージされている分は使えるので、使い切るまでに修正されていることを願います,139
g_7836,楽天ペイ,2023-10-06 09:57:38,google等で検索するとどれも古い情報なので、新しい情報が掲載されていません,google等で検索するとどれも古い情報なので、新しい情報が掲載されていません,140
g_7841,楽天ペイ,2023-12-17 22:09:04,以前のようにポイントカードのバーコードだけまともに出してくれたら良いです,ポイントカードのバーコードだけまともに出してくれたら良い,142
g_7848,楽天ペイ,2023-11-13 11:13:27,お金を扱うアプリのサポートとして、回答拒否はさすがにあり得ません,回答拒否,144
g_7852,楽天ペイ,2023-10-20 10:16:32,ポイント効率的にはedy使いたいけど、チャージエラーの多さとお店で使えないことの多さでpaypay使うことが多い,チャージエラーの多さとお店で使えない,147
g_7854,楽天ペイ,2023-10-14 07:22:11,使い物にならなくなってしまいました,使い物にならなくなってしまいました,148
g_7862,楽天ペイ,2023-11-25 21:24:54,とろくさい,とろくさい,152
g_7863,楽天ペイ,2023-11-20 17:23:49,せめて楽天edyと楽天ペイは1つにまとめて欲しい,楽天edyと楽天ペイは1つにまとめて欲しい,153
g_7865,楽天ペイ,2023-12-13 16:48:57,至急なおして欲しいです,至急なおして欲しい,154
g_7866,楽天ペイ,2023-11-23 15:12:27,ポイントカードのバーコードだけがいつも1分以上表示されないからいざという時に使えない,ポイントカードのバーコードだけがいつも1分以上表示されない,155
g_7867,楽天ペイ,2023-10-10 18:26:03,そう言いつつ星1つ減らしたのは、一時期、認証ループになってアプリ起動した後の認証しても開けずまた認証の繰り返しで利用できずに不便した事があり、解決する為にサポートセンターへ通話した料金も高く感じたので笑,認証ループになってアプリ起動した後の認証しても開けずまた認証の繰り返しで利用できず,156
g_7869,楽天ペイ,2023-10-27 14:00:49,同様に楽天ペイやカードも既に使っているものに対して勧誘するのをやめて欲しい,楽天ペイやカードも既に使っているものに対して勧誘するのをやめて欲しい,157
g_7870,楽天ペイ,2023-12-08 20:30:23,キャンペーンの為にわざわざ使おうとしたのでかなり無駄になってしまった,キャンペーンの為にわざわざ使おうとしたのでかなり無駄になってしまった,158
g_7874,楽天ペイ,2023-10-11 05:49:04,使い勝手良いのだが、ペイ、edy、cash等で使い方を混乱してしまう時がある,ペイ、edy、cash等で使い方を混乱してしまう,161
g_7878,楽天ペイ,2023-11-19 21:03:33,低速通信で間に合わないならオフライン処理に対応すべき,低速通信で間に合わないならオフライン処理に対応すべき,164
g_7880,楽天ペイ,2023-11-13 11:13:27,また、同時期に楽天市場のsupや楽天カードの付与ポイント計算方法の改悪が相次いだこともあり、年内を目処にカードやモバイル等、楽天系の全サービスから離脱することを決めました,楽天市場のsupや楽天カードの付与ポイント計算方法の改悪が相次いだ,165
g_7882,楽天ペイ,2023-12-06 18:11:28,最初の10秒くらいダミーのバーコードが表示されるが全くいみがない,最初の10秒くらいダミーのバーコードが表示される,166
g_7884,楽天ペイ,2023-10-02 18:49:31,楽天ペイでポイントのバーコード表示をしても瞬時に非表示に変わり何度も指紋認証を求められて煩わしいし使いものにならないので直ぐに治してください,ポイントのバーコード表示をしても瞬時に非表示に変わり,168
g_7885,楽天ペイ,2023-12-17 12:53:29,また、アプリを起動した直後の画面はポイントカードにしてくれないだろうか,アプリを起動した直後の画面はポイントカードにしてくれないだろうか,169
g_7887,楽天ペイ,2023-11-04 12:43:15,バーコード読み込み中とかにしてくんないかね,バーコード読み込み中とかにしてくんないか,170
g_7893,楽天ペイ,2023-10-25 17:39:23,edyしか使えないお店で支払い時にチャージしたのに、その時に使えないと非常に困ります,edyしか使えないお店で支払い時にチャージしたのに、その時に使えない,173
g_7897,楽天ペイ,2023-10-11 21:44:49,上に出てるバナー邪魔すぎる,上に出てるバナー邪魔すぎる,175
g_7900,楽天ペイ,2023-11-04 01:53:15,夜中はやめてください,夜中はやめてください,177
g_7902,楽天ペイ,2023-11-03 17:20:12,edyのスタンプラリーやってますが、達成するには無理があります,edyのスタンプラリーやってますが、達成するには無理があります,178
g_7903,楽天ペイ,2023-10-03 03:54:15,楽天ユーザー以外への冷遇っぷり,楽天ユーザー以外への冷遇っぷり,179
g_7906,楽天ペイ,2023-10-06 19:30:04,どんな機種でも使えるようにしてほしいです,どんな機種でも使えるようにしてほしい,182
g_7917,楽天ペイ,2023-10-27 11:20:15,度々ログインを求められる支払い時に事前にコードを表示を確認しておかないとレジでモタモタすることになります,事前にコードを表示を確認しておかないとレジでモタモタすることになります,185
g_7920,楽天ペイ,2023-12-11 09:28:59,結局、現金で決済しポイントも貰えず,現金で決済しポイントも貰えず,186
g_7922,楽天ペイ,2023-10-19 12:24:43,edyのポイント画面と共用しないようにしてほしいです,edyのポイント画面と共用しないようにしてほしい,187
g_7718,楽天ペイ,2023-10-28 05:09:25,昨日から突然画面いっぱいに広告が何回も何回も現れます,画面いっぱいに広告が何回も何回も現れます,188
g_7837,楽天ペイ,2023-10-08 13:43:42,広告が多い,広告が多い,188
g_7911,楽天ペイ,2023-11-05 05:10:17,そのような執拗な広告を出してくるとdlする気も失せる,執拗な広告,188
g_7924,楽天ペイ,2023-10-05 14:48:42,広告がうるさい,広告がうるさい,188
g_7938,楽天ペイ,2023-10-20 11:00:44,広告がしつこい,広告がしつこい,188
g_8116,楽天ペイ,2023-10-07 09:14:39,広告が多すぎる,広告が多すぎる,188
g_8194,楽天ペイ,2023-10-12 02:13:11,広告出しすぎです,広告出しすぎ,188
g_8211,楽天ペイ,2023-10-28 10:05:13,広告まじうるさい,広告まじうるさい,188
g_8357,楽天ペイ,2023-11-20 14:21:04,後ネット、snsやろうと思っても又同じ広告うんざり,広告うんざり,188
g_8459,楽天ペイ,2023-11-18 12:12:31,画面にオーバーラップする広告が邪魔でうざい,画面にオーバーラップする広告が邪魔,188
g_8562,楽天ペイ,2023-10-27 08:16:20,広告がしつこい,広告がしつこい,188
g_8639,楽天ペイ,2023-11-08 17:05:56,広告が本当に鬱陶しいです,広告が本当に鬱陶しい,188
g_8658,楽天ペイ,2023-10-28 15:32:22,広告が迷惑,広告が迷惑,188
g_7925,楽天ペイ,2023-10-15 20:58:34,初回はガイダンス動画を流す等してほしい,初回はガイダンス動画を流す等してほしい,189
g_7927,楽天ペイ,2023-12-06 16:35:36,レジ前でまごついた挙げ句、あきらめて他のペイアプリで支払う事が何度もあり、レジが空いている時しか安心して使えない,レジ前でまごついた挙げ句、あきらめて他のペイアプリで支払う事が何度もあり、レジが空いている時しか安心して使えない,190
g_7933,楽天ペイ,2023-11-29 13:44:16,13便利だけど、お買い物ぱんだ要素がなくて無機質なのでぱんだバージョンも作ってほしいです楽天使ってほしいみたいでポイントでつっていますが違いますお買い物ぱんだバージョンを作るだけでみんなこのアプリダウンロードしますよ,お買い物ぱんだ要素がなくて無機質なのでぱんだバージョンも作ってほしい,192
g_7941,楽天ペイ,2023-10-02 19:53:51,広告が30秒に一度位入ってくるので、携帯が使用出来ない,広告が30秒に一度位入ってくるので、携帯が使用出来ない,195
g_7942,楽天ペイ,2023-11-16 19:59:04,再起動してもなおらずポイントつけられない,再起動してもなおらずポイントつけられない,196
g_7943,楽天ペイ,2023-11-05 14:48:04,決済利用時の支払履歴については、メニュータブ内の楽天ペイと楽天キャッシュと分けられる方が混乱します,メニュータブ内の楽天ペイと楽天キャッシュと分けられる方が混乱します,197
g_7945,楽天ペイ,2023-10-18 14:34:16,ペイペイと比べると個人店で使えないのはガッカリです,ペイペイと比べると個人店で使えない,198
g_7946,楽天ペイ,2023-11-11 17:20:01,毎回バーコードの画面全っ然出てこないまま,バーコードの画面全,199
g_7947,楽天ペイ,2023-10-18 15:20:55,数日前から急に立ち上げ時にエラーが頻発するようになりました,立ち上げ時にエラーが頻発する,200
g_7950,楽天ペイ,2023-10-21 07:40:08,それと、楽天ペイで支払ったあとの支払い完了画面が消しにくい,楽天ペイで支払ったあとの支払い完了画面が消しにくい,201
g_7951,楽天ペイ,2023-12-11 15:22:03,通信状況が悪いときに何回押しても次の画面に進まなくて、終わったあとに見たら押した回数分チャージされてた,通信状況が悪いときに何回押しても次の画面に進まなくて,202
g_7952,楽天ペイ,2023-12-08 10:48:21,pay支払いは問題ないけど楽天ポイントカード画面で、頻繁に更新に失敗しました通信状態云々表示が多過ぎて使えない,楽天ポイントカード画面で、頻繁に更新に失敗しました,203
g_7956,楽天ペイ,2023-11-04 17:42:45,広告自体は否定しないが、出すタイミングを考えて欲しい,出すタイミングを考えて欲しい,204
g_7960,楽天ペイ,2023-11-12 12:41:14,クレカや楽天銀行情報登録しなくても楽天キャッシュを選択することで使えるようになったというフレコミがあったと思うが、実際は楽天キャッシュを選択しても設定が先に進めないようになっておりクレカか楽天銀行のどちらか登録強制必須,楽天キャッシュを選択しても設定が先に進めない,206
g_7966,楽天ペイ,2023-12-02 15:42:10,楽天市場で楽天ペイを簡単に使える様にしてください,楽天市場で楽天ペイを簡単に使える様にしてください,208
g_7967,楽天ペイ,2023-10-03 21:04:53,pixel7aandroid13にてsuica連携は出来るがチャージができない,チャージができない,209
g_7974,楽天ペイ,2023-10-17 19:41:35,タッチ決済が急に使えなくなった,タッチ決済が急に使えなくなった,210
g_7975,楽天ペイ,2023-10-25 17:39:23,便利ですが、楽天キャッシュからedyにチャージしようとしてエラー→後日受け取りはやめて,エラー→後日受け取りはやめて,211
g_7977,楽天ペイ,2023-10-22 13:39:49,類似リンクが多く解りにくい,類似リンクが多く解りにくい,212
g_7983,楽天ペイ,2023-11-19 14:13:44,とにかく機械オンチでもちゃんと入力すればできる,とにかく機械オンチでもちゃんと入力すればできる,214
g_7986,楽天ペイ,2023-10-28 13:40:21,楽天ペイの広告がしつこくてウザイのでインストールしましたが、インストールしてもまだ広告が流れます,インストールしてもまだ広告が流れます,215
g_7987,楽天ペイ,2023-11-29 10:06:09,楽天で買い物後に200ポイントくれるって言うからインストールしたのに、くれない,楽天で買い物後に200ポイントくれるって言うからインストールしたのに、くれない,216
g_7990,楽天ペイ,2023-10-06 11:57:33,アプデして、開こうと思ったら繰り返し停止していますとでて,開こうと思ったら繰り返し停止,217
g_7992,楽天ペイ,2023-10-12 06:22:17,アプリの上部に広告を表示しないでください,アプリの上部に広告を表示しないでください,218
g_7993,楽天ペイ,2023-12-06 16:35:36,レジで支払おうとすると読み込み待ち,レジで支払おうとすると読み込み待ち,219
g_7995,楽天ペイ,2023-11-05 03:31:08,頻繁に繰り返しコマーシャルが出る,頻繁に繰り返しコマーシャルが出る,220
g_7997,楽天ペイ,2023-12-06 00:22:51,直るまでは、毎日だれでも2倍のキャンペーンは、中止すべき,直るまでは、毎日だれでも2倍のキャンペーンは、中止すべき,221
g_8001,楽天ペイ,2023-10-20 09:23:04,あれの下にあるsuicaのチャージやら何やらのボタン一切押せないし、閉じようとしても×ボタンがスマホの通知領域と被ってて押せない欠陥ui,閉じようとしても×ボタンがスマホの通知領域と被ってて押せない,223
g_8003,楽天ペイ,2023-11-24 12:02:00,楽天ペイアプリ内の楽天ポイントバーコード標示が異常なほど遅い,楽天ペイアプリ内の楽天ポイントバーコード標示が異常なほど遅い,224
g_8006,楽天ペイ,2023-12-02 09:44:05,現在使用カードは枠がたくさん有るけど使える店が少ない,使える店が少ない,225
g_8295,楽天ペイ,2023-10-18 19:48:15,使えるお店が少ない,使えるお店が少ない,225
g_8436,楽天ペイ,2023-10-18 14:34:16,ペイペイよりポイントは、お得ですが個人店で使える店が少ないので使うか迷ってます,個人店で使える店が少ない,225
g_8614,楽天ペイ,2023-11-28 12:46:40,使えるショップが少なく関西四国、九州等使いにくかった,使えるショップが少なく,225
g_8806,楽天ペイ,2023-10-07 17:07:29,自分の地域では使えるお店がまだ少ないので増やしていただきたいです,使えるお店がまだ少ない,225
g_8008,楽天ペイ,2023-10-14 00:33:46,他行からのチャージも出来るようにして欲しい,他行からのチャージも出来るようにして欲しい,226
g_8012,楽天ペイ,2023-10-31 12:07:46,楽天さん、このアプリでポイントカード表示させると必ず1回目エラーで表示されない,ポイントカード表示させると必ず1回目エラーで表示されない,228
g_8015,楽天ペイ,2023-10-06 12:31:41,全体的に良いのですが、タッチ決済の設定が切れてる時があるので、切れたらプッシュ通知ほしいです,タッチ決済の設定が切れてる時があるので、切れたらプッシュ通知ほしい,229
g_8018,楽天ペイ,2023-12-13 16:14:27,バーコード決済通っていますが何が原因なのでしょうか,バーコード決済通っていますが何が原因なのでしょうか,230
g_8021,楽天ペイ,2023-11-04 16:10:35,楽天のキャンペーンに参加できる時の機会損失もあるので改善が必要だと思います,楽天のキャンペーンに参加できる時の機会損失もある,231
g_8026,楽天ペイ,2023-10-16 13:12:42,他社にて複数枚所持している為、与信枠の問題もあり、これ以上申し込むことは悩んでるため、楽天カード以外のクレカにも対応頂けると有難いです,楽天カード以外のクレカにも対応頂けると有難い,233
g_8031,楽天ペイ,2023-11-19 21:41:31,そしてポイントカード側は最初表示すると高確率でバーコードが表示されずに再読み込みが必要になるのがマイナス点,ポイントカード側は最初表示すると高確率でバーコードが表示されずに再読み込みが必要になる,236
g_8034,楽天ペイ,2023-10-18 15:20:55,開いても勝手に落ちたりログアウトしたりして使い物になりません,開いても勝手に落ちたりログアウトしたりして使い物になりません,237
g_8036,楽天ペイ,2023-11-26 22:22:22,旅行先で楽天ペイが使える店が少なすぎる,旅行先で楽天ペイが使える店が少なすぎる,238
g_8037,楽天ペイ,2023-10-12 08:10:10,ブラウザでログインせずにアプリ内でログインできるようにしてほしいです,ブラウザでログインせずにアプリ内でログインできるようにしてほしい,239
g_8038,楽天ペイ,2023-10-19 08:37:14,症状は色々あり、電波の良い環境下でもポイントのバーコード表示がいつまでもグルグル回ったままだったり、決済用のqrが出ていてもカウントダウンがフリーズで端末に読まれなかったり,ポイントのバーコード表示がいつまでもグルグル回ったままだったり、決済用のqrが出ていてもカウントダウンがフリーズで端末に読まれなかったり,240
g_8039,楽天ペイ,2023-11-04 17:42:45,アプリを再起動したら再び広告表示,アプリを再起動したら再び広告表示,241
g_8054,楽天ペイ,2023-10-16 17:06:32,すぐにアプリを起動し直すと表示される,すぐにアプリを起動し直すと表示される,241
g_8040,楽天ペイ,2023-10-20 00:04:45,役に立たないアプリ,役に立たないアプリ,242
g_8042,楽天ペイ,2023-10-08 14:57:26,広告メールを引っ切り無しに送ってきて仕事に支障が出てきている,広告メールを引っ切り無しに送ってきて仕事に支障が出てきている,243
g_8045,楽天ペイ,2023-10-02 21:09:13,インターネットに接続しているにも関わらずインターネットに接続できませんの標示から動かず利用ができません,インターネットに接続できません,244
g_8050,楽天ペイ,2023-11-05 05:10:17,動画視聴の邪魔をするようなしつこい広告はいい加減にしてほしい,動画視聴の邪魔をするようなしつこい広告,246
g_8051,楽天ペイ,2023-10-14 11:00:58,使用中に評価の要求が出てきて邪魔,使用中に評価の要求が出てきて邪魔,247
g_8053,楽天ペイ,2023-12-08 06:10:58,動作が重い,動作が重い,248
g_8055,楽天ペイ,2023-11-14 12:39:03,決済には全く不要,決済には全く不要,250
g_8056,楽天ペイ,2023-12-06 19:40:59,ずっと前から指摘されているのに改善しないのは、意図的にポイントを貯めさせない戦略的な詐欺行為を行っていると解釈します,意図的にポイントを貯めさせない戦略的な詐欺行為を行っている,251
g_8057,楽天ペイ,2023-12-12 20:48:18,ブラウザを閉じても出てくるので、中々決済が出来ない,ブラウザを閉じても出てくるので、中々決済が出来ない,252
g_8059,楽天ペイ,2023-10-29 22:18:49,しばらくしてから、もう一度ご利用ください,しばらくしてから、もう一度ご利用ください,253
g_8061,楽天ペイ,2023-12-15 10:46:54,ちょっとした詐欺に遭った気もします,ちょっとした詐欺に遭った,255
g_8063,楽天ペイ,2023-11-12 22:27:01,ユーザーの不利になることを通知せずに運営している姿勢に好感が持てない,ユーザーの不利になることを通知せずに運営している,256
g_8065,楽天ペイ,2023-11-25 21:24:54,これ入れ直したら他のrアプリが全部変になった・・,他のrアプリが全部変になった,257
g_8068,楽天ペイ,2023-11-12 03:23:52,更に改良を期待します,更に改良を期待します,258
g_8070,楽天ペイ,2023-11-24 11:38:34,快適に使用していてポイント利用のチェック外してるのに高めの支払いの時に一気にポイント使用された意味わからん,ポイント利用のチェック外してるのに高めの支払いの時に一気にポイント使用された意味わからん,259
g_8072,楽天ペイ,2023-11-09 12:18:13,すでに参加してるキャンペーンの通知も頻繁に来るし,すでに参加してるキャンペーンの通知も頻繁に来る,260
g_8073,楽天ペイ,2023-12-17 15:55:57,2つのアプリを統合してもらうか、こちらのアプリでも相互運用できるようにしてもらいたい,2つのアプリを統合してもらうか、こちらのアプリでも相互運用できるようにしてもらいたい,261
g_8075,楽天ペイ,2023-10-12 23:59:19,・タッチ決済設定をしたいのですがタッチ決済のアイコンが表示されません,タッチ決済のアイコンが表示されません,262
g_8199,楽天ペイ,2023-11-25 16:29:07,タッチ決済を受け付けましたと、通知には表示されるけど、実際には受け付けられない,タッチ決済を受け付けましたと、通知には表示されるけど、実際には受け付けられない,262
g_8280,楽天ペイ,2023-12-14 14:06:43,タッチ決済のマークが表示されない,タッチ決済のマークが表示されない,262
g_8079,楽天ペイ,2023-10-13 13:18:17,起動して上に出るキャンペーンポップアップの右上の×ボタンを押しても消えないsuicaへのチャージボタンが隠れて使えないので早く直して欲しい,起動して上に出るキャンペーンポップアップの右上の×ボタンを押しても消えないsuicaへのチャージボタンが隠れて使えない,264
g_8080,楽天ペイ,2023-11-29 17:07:22,余談だが、楽天は問い合わせ対応の質が以前よりも格段に下がっている,問い合わせ対応の質が以前よりも格段に下がっている,265
g_8083,楽天ペイ,2023-11-23 11:06:43,基本的におすすめできません,おすすめできません,266
g_8085,楽天ペイ,2023-10-04 11:32:48,ダークモードだとコード読み取れない,ダークモードだとコード読み取れない,267
g_8087,楽天ペイ,2023-11-23 15:26:40,使う前にパスワードをいちいち入力しなきゃいけないのが不便,使う前にパスワードをいちいち入力しなきゃいけない,268
g_8089,楽天ペイ,2023-12-11 19:50:44,ポイントアプリが起動しない,ポイントアプリが起動しない,270
g_8091,楽天ペイ,2023-11-13 23:38:51,改悪ばかりで楽天経済圏からは離脱し使っていない,改悪ばかりで楽天経済圏からは離脱し使っていない,272
g_8092,楽天ペイ,2023-12-08 20:30:23,その場でスマホ再起動、再インストールやってもダメ,スマホ再起動、再インストールやってもダメ,273
g_8093,楽天ペイ,2023-10-14 13:46:07,大阪阪神百貨店9f土山人レジ前では5:00からカウントが始まらない,カウントが始まらない,274
g_8097,楽天ペイ,2023-10-07 20:06:40,キャンペーンとか、エントリーいちいちするのが邪魔くさいチャージも口座が選択できず面倒,キャンペーンとか、エントリーいちいちするのが邪魔くさいチャージも口座が選択できず面倒,275
g_8099,楽天ペイ,2023-10-23 13:09:14,ポイントでバーコード使いたいときはエラーでまくりでむかつく,ポイントでバーコード使いたいときはエラーでまくり,276
g_8100,楽天ペイ,2023-12-04 00:46:36,カードの利用履歴も反映が遅いのかわかりづらい,カードの利用履歴も反映が遅い,277
g_8101,楽天ペイ,2023-11-04 12:06:35,楽天ペイの携帯画面、バーコードを自販機のどこに読み取らせたら良いのか分かり難かった,楽天ペイの携帯画面、バーコードを自販機のどこに読み取らせたら良いのか,278
g_8104,楽天ペイ,2023-11-03 17:20:12,全国チェーンなのに、しれっと対象外にされている店舗とか,対象外にされている,280
g_8107,楽天ペイ,2023-12-09 16:42:50,このアプリを入れてからedyが使えなくなった、今までながく使ってたのにこんなのは初めてもう使わない、使えない,edyが使えなくなった,281
g_8109,楽天ペイ,2023-11-13 18:30:16,設定が難しい,設定が難しい,282
g_8110,楽天ペイ,2023-10-27 20:01:17,10/27起動→クラッシュの繰り返し楽天サービスは決算日や利用料金引き落とし日になるとカードが使えなくなったりシステムエラーを起こしたりする,10/27起動→クラッシュの繰り返し楽天サービスは決算日や利用料金引き落とし日になるとカードが使えなくなったりシステムエラーを起こしたりする,283
g_8112,楽天ペイ,2023-10-23 20:03:31,もしかして、チャージしないと使えないの,チャージしないと使えない,284
g_7850,楽天ペイ,2023-11-12 14:21:06,決済アプリとしては問題なく使えているのですが何故かポイントカードの読み込みエラーが頻発します,ポイントカードの読み込みエラーが頻発します,285
g_7936,楽天ペイ,2023-10-02 20:58:23,他の方も書いてますがポイントカードが結構な頻度で表示エラーになる、レジ前でエラーになるので結局ポイントを諦めることが何度もある、いつ直るのか,ポイントカードが結構な頻度で表示エラーになる、レジ前でエラーになる,285
g_8090,楽天ペイ,2023-11-03 10:09:53,ポイントバーコード表示エラーが出たりしていたが、ここ最近は安定的に動作している,ポイントバーコード表示エラーが出たりしていた,285
g_8115,楽天ペイ,2023-12-17 12:53:29,これを入れたら楽天ポイントとエディのアプリが削除できたので嬉しいのだが、最近、ポイントカードのバーコード表示エラーが時々発生する,ポイントカードのバーコード表示エラーが時々発生する,285
g_8392,楽天ペイ,2023-12-17 15:55:57,・他の人も書いてるようにポイントの画面でバーコード表示エラーがほぼ発生する、再読込で大体治る,ポイントの画面でバーコード表示エラーがほぼ発生する,285
g_8118,楽天ペイ,2023-10-28 10:42:00,同じ状態の人がかなりいるようですが、更新や再起動をしてもエラーしてしまう,更新や再起動をしてもエラーしてしまう,288
g_8124,楽天ペイ,2023-12-09 14:06:09,勝手にポイントとキャッシュを使う設定がリセットされたのかチェックが外れてた,ポイントとキャッシュを使う設定がリセットされた,291
g_8125,楽天ペイ,2023-11-11 17:20:01,アプリ開いてからしばらくお待ちください、が多すぎる,アプリ開いてからしばらくお待ちください、が多すぎる,292
g_8127,楽天ペイ,2023-11-11 13:37:06,ポイントとチャージの利用は個々に設定できるようにしてほしい,ポイントとチャージの利用は個々に設定できるようにしてほしい,293
g_8128,楽天ペイ,2023-10-06 22:40:17,最近、qrコード出した直後にqrコードが消えて決済できないことが起きて困る,qrコード出した直後にqrコードが消えて決済できない,294
g_8029,楽天ペイ,2023-11-15 13:48:04,楽天ポイントを貯めるためにインストールしたが前のが使えなくなるみたいな表示が出でたため、毎回アプリ立ち上げだ一回目はポイントのバーコードがエラーで表示できず、もう一度アプリ立ち上げ直さないといけない,ポイントのバーコードがエラーで表示できず,295
g_8132,楽天ペイ,2023-11-26 22:08:22,1回目の起動は必ずポイントのバーコードがエラーになって表示されない,ポイントのバーコードがエラーになって表示されない,295
g_7692,楽天ペイ,2023-10-28 05:09:25,いい加減にやめていただきたいです,いい加減にやめていただきたい,296
g_7859,楽天ペイ,2023-10-12 02:13:11,やめてください,やめてください,296
g_8077,楽天ペイ,2023-11-07 13:50:51,中止したいのですがどうすればいいですか,中止したい,296
g_8135,楽天ペイ,2023-10-06 20:37:57,コマーシャルやめて下さい,コマーシャルやめて下さい,296
g_8326,楽天ペイ,2023-10-04 11:09:07,広告やめろ,広告やめろ,296
g_8137,楽天ペイ,2023-10-20 10:16:32,本当に何故か同じアプリのsuicaならいけるので、端末じゃなくてedyが悪いと思ってる,本当に何故か同じアプリのsuicaならいけるので、端末じゃなくてedyが悪い,297
g_8140,楽天ペイ,2023-10-12 09:29:50,ちょっと難しいけど楽しい,ちょっと難しい,298
g_8141,楽天ペイ,2023-12-02 23:51:47,結局、ポイントカードをお財布から出して使っています改善して下さい,ポイントカードをお財布から出して使っています改善して下さい,299
g_8142,楽天ペイ,2023-12-01 22:47:38,結局キャンセルしています,キャンセルしています,300
g_8145,楽天ペイ,2023-12-03 17:06:05,週ごとに通知する設定にデフォルトにされており、こういう押し付けが楽天の嫌いなところである,週ごとに通知する設定にデフォルトにされており,302
g_8146,楽天ペイ,2023-10-21 07:40:08,を大きくするか、ホームに戻ったら勝手に消える様にして欲しい,ホームに戻ったら勝手に消える様にして欲しい,303
g_8149,楽天ペイ,2023-11-25 21:03:45,イベントを増やして下さい,イベントを増やして下さい,304
g_8151,楽天ペイ,2023-10-23 10:21:10,不正利用などの本当に大事なお知らせは受け取りたいので、通知全般をオフにすることもできず,通知全般をオフにすることもできず,306
g_8154,楽天ペイ,2023-12-11 09:28:59,キャッシュを削除するもダメ,キャッシュを削除するもダメ,308
g_8184,楽天ペイ,2023-10-13 23:02:44,突然キャッシュ無くなるよ,キャッシュ無くなる,308
g_8156,楽天ペイ,2023-11-02 16:44:43,楽天ポイントも楽天ペイも表示しないとか遅いとかが普通ですタッチ決済は一回しか成功したことがなく使えません早く改善してください,楽天ポイントも楽天ペイも表示しないとか遅いとかが普通,310
g_8158,楽天ペイ,2023-11-30 20:57:37,また、上限ポイントの残りがわからないのが不便,上限ポイントの残りがわからない,311
g_8159,楽天ペイ,2023-12-18 11:54:21,ホームセンターやショッピングモールなどの大きい店舗で支払おうと思って開くとwifiが繋がらないと表示され、仕方なく財布を取り出す事になるので使いたくても使えない,開くとwifiが繋がらないと表示,312
g_8161,楽天ペイ,2023-11-21 12:48:59,ユーザーの使い勝手よりも、広告を優先する姿勢は指示できない,ユーザーの使い勝手よりも、広告を優先する姿勢は指示できない,313
g_8162,楽天ペイ,2023-10-19 12:15:14,時間をおいて再度お試し下さいと出て生成されなくなった,時間をおいて再度お試し下さいと出て生成されなくなった,314
g_8163,楽天ペイ,2023-10-23 20:03:31,チャージするのがめんどくさい、paypayはチャージなしでできたが、楽天ペイはカード自動払いの設定がわからない,チャージするのがめんどくさい、paypayはチャージなしでできたが、楽天ペイはカード自動払いの設定がわからない,315
g_7656,楽天ペイ,2023-11-13 08:44:46,楽天市場から楽天ポイントのバーコードを表示できないからインストールしたがログイン画面から進まない,ログイン画面から進まない,316
g_8025,楽天ペイ,2023-12-03 09:57:09,インストールしたがログイン出来ず不愉快極まりない,ログイン出来ず,316
g_8164,楽天ペイ,2023-10-11 21:18:52,インストールしたがログイン出来ず無能,ログイン出来ず,316
g_8373,楽天ペイ,2023-10-12 08:10:10,何回もインストールとアンインストールを繰り返してもログインできません,ログインできません,316
g_8165,楽天ペイ,2023-11-05 14:48:04,今後のアップデートに置いても、楽天ポイント、楽天edy機能を切り離して、それぞれ単体アプリに分けることは、されないと思いますが、要望として挙げたいと思います,楽天ポイント、楽天edy機能を切り離して、それぞれ単体アプリに分けることは、されない,317
g_8168,楽天ペイ,2023-11-12 19:49:13,何故普通につかえない,何故普通につかえない,318
g_8169,楽天ペイ,2023-12-02 09:56:04,問い合わせても一方的に自分のせいみたいに言われて不愉快だった,問い合わせても一方的に自分のせいみたいに言われて,319
g_8170,楽天ペイ,2023-10-27 08:16:20,携帯を開く度に、何で勝手に楽天の広告が出てくるんですか,携帯を開く度に、何で勝手に楽天の広告が出てくる,320
g_8174,楽天ペイ,2023-10-28 22:24:50,具体的にはsuicaのアイコンが消えました,suicaのアイコンが消えました,321
g_8175,楽天ペイ,2023-11-06 09:32:29,但し電波の入りにくいスーパーや、コンビニも時間帯によっては使えないことがあるのでスマホのみでの買い物には注意が必要,電波の入りにくいスーパーや、コンビニも時間帯によっては使えない,322
g_8182,楽天ペイ,2023-12-12 21:34:50,取り敢えずフリーズ何とかしてくれないと楽天ペイのcm泣くよ,フリーズ何とかして,324
g_8185,楽天ペイ,2023-10-10 16:31:56,更新ボタンの配置を変えるか、下に引っ張るジェスチャーで更新できるようにしてほしい,更新ボタンの配置を変えるか、下に引っ張るジェスチャーで更新できるようにしてほしい,326
g_8186,楽天ペイ,2023-12-16 10:15:16,としてポイント優先、キャッシュを選択せずに全てポイント優先で設定をし、支払いをするとキャッシュから引き落とされる始末,ポイント優先、キャッシュを選択せずに全てポイント優先で設定をし、支払いをするとキャッシュから引き落とされる始末,327
g_8187,楽天ペイ,2023-12-10 16:20:54,いつものスーパーで使えないし、苦労して登録しなくてもよかった,いつものスーパーで使えない,328
g_8190,楽天ペイ,2023-12-03 12:36:18,使えない店がまだまだ多く、先日ワーナー・ブラザースハリポタに行ったときにネットの情報では使えるとあったので現金をあまり持っていかなかったら、レジで使えないと言われた,使えない店がまだまだ多く、先日ワーナー・ブラザースハリポタに行ったときにネットの情報では使えるとあったので現金をあまり持っていかなかったら、レジで使えない,330
g_8191,楽天ペイ,2023-11-23 13:16:14,立ち上げ直すと表示されます,立ち上げ直すと表示されます,331
g_8192,楽天ペイ,2023-11-28 12:52:48,楽天authority入れてからか、突然ログアウト状態になることが頻発、使うかもの前に一度起動してログイン確認とvisaタッチ再設定が必要が続いている,楽天authority入れてからか、突然ログアウト状態になる,332
g_7565,楽天ペイ,2023-11-23 13:16:14,初回起動時、必ずポイントカードの表示でエラーになります,初回起動時、必ずポイントカードの表示でエラーになります,334
g_8195,楽天ペイ,2023-10-03 14:44:13,ポイントカードが最初必ず表示に失敗します,ポイントカードが最初必ず表示に失敗します,334
g_8200,楽天ペイ,2023-10-25 20:02:22,つい2日前にもこのカード番号名義と同じセキュリティコードでオンラインショッピングしているものをログイン情報から引っ張ってきていますし、残高不足ということも当然ありません,残高不足,337
g_8201,楽天ペイ,2023-11-20 17:23:49,楽天のアプリはpaypayのように1つにまとめられないのか,楽天のアプリはpaypayのように1つにまとめられないのか,338
g_8204,楽天ペイ,2023-12-08 06:10:58,例えばポイントアプリ単体では表示されるのに、ペイアプリ内のポイントタブでは表示されないなどのことが度々ある,ポイントアプリ単体では表示されるのに、ペイアプリ内のポイントタブでは表示されない,339
g_8205,楽天ペイ,2023-10-21 07:40:08,ご利用案内確認メールを停止出来るようにして欲しいです,ご利用案内確認メールを停止出来るようにして欲しい,340
g_8207,楽天ペイ,2023-12-03 08:01:02,キャンペーンを見てたら更新しろってなって、更新したら開くからキャンペーンページにいってエントリーに行こうとするとまた更新しろって繰り返し、使えないなにこれ,エントリーに行こうとするとまた更新しろ,341
g_8209,楽天ペイ,2023-10-19 08:37:14,そういう状況で別の決済を使わせるなら、ポイントを補填すべき,ポイントを補填すべき,342
g_8212,楽天ペイ,2023-11-30 20:57:37,東京都主催の30%還元ポイント、他のペイは支払いした時に還元ポイントの表記がされるのに、通常のポイントしか表記されないのは不安でしかない,通常のポイントしか表記されない,344
g_8214,楽天ペイ,2023-11-29 17:07:22,お金早く返してほしい,お金早く返してほしい,345
g_8216,楽天ペイ,2023-10-20 09:23:04,無能すぎる,無能すぎる,346
g_8219,楽天ペイ,2023-10-17 11:39:46,触って無いにも関わらず仕事中だろうと関係無く流されるのは本当に迷惑でしかない,触って無いにも関わらず仕事中だろうと関係無く流される,347
g_8221,楽天ペイ,2023-10-31 10:54:31,バーコードリーダーの読み込みが全くうまく行かない,バーコードリーダーの読み込みが全くうまく行かない,348
g_8223,楽天ペイ,2023-10-25 19:24:13,このレビューを入力している途中でも、広告が8回入ってくるなど、時間制限があるクイズやその他ゲームなど諸々、突然入ってくるので、とても迷惑です,広告が8回入ってくるなど、時間制限があるクイズやその他ゲームなど諸々、突然入ってくる,349
g_8226,楽天ペイ,2023-10-14 20:06:42,楽天payからedyへのチャージが、いつまでもしばらくお待ち下さいで出来ない,楽天payからedyへのチャージが、いつまでもしばらくお待ち下さいで出来ない,350
g_8227,楽天ペイ,2023-12-07 20:09:09,カードのことを言ってくれない,カードのことを言ってくれない,351
g_8228,楽天ペイ,2023-11-14 12:39:03,昔の楽天ならedy、ドコモだとidのようなタッチ決済の方が確実で早い為、そちらに切り替える予定僅かなポイントの為にかかるコストがデカすぎる,昔の楽天ならedy、ドコモだとidのようなタッチ決済の方が確実で早い為、そちらに切り替える予定僅かなポイントの為にかかるコストがデカすぎる,352
g_8229,楽天ペイ,2023-10-29 12:47:50,タッチ決済を使おうとするとgooglepayのタッチ決済が実質使えないので設定解除しました,タッチ決済を使おうとするとgooglepayのタッチ決済が実質使えない,353
g_8235,楽天ペイ,2023-10-17 10:03:18,そのうえ楽天モバイルの未納金を支払おうとしたら出来ない,楽天モバイルの未納金を支払おうとしたら出来ない,356
g_8236,楽天ペイ,2023-10-16 14:58:09,楽天銀行アプリでのクイックログイン認証をしてくださいという画面から進めません,楽天銀行アプリでのクイックログイン認証をしてくださいという画面から進めません,357
g_8241,楽天ペイ,2023-11-06 11:16:50,操作が一覧で表示されているので迷うことなく操作がスムーズに進む,操作が一覧で表示されているので迷うことなく操作がスムーズに進む,358
g_8121,楽天ペイ,2023-10-25 19:24:13,一刻も早く修正してください,一刻も早く修正してください,359
g_8244,楽天ペイ,2023-11-23 13:16:14,不便なので早く直して欲しいです,早く直して欲しい,359
g_8245,楽天ペイ,2023-11-26 17:47:31,セキュリティが良く分からないのでもっと教えてほしいです,セキュリティが良く分からない,360
g_8247,楽天ペイ,2023-10-22 03:43:35,他のタブは問題ないのに一番使うポイントバーコードだけ今のところ全ての会計時にダメでした,他のタブは問題ないのに一番使うポイントバーコードだけ今のところ全ての会計時にダメでした,361
g_8250,楽天ペイ,2023-12-19 08:25:35,ポイントカード部分はまずエラーのままほぼ改善されず,ポイントカード部分はまずエラーのままほぼ改善されず,362
g_8252,楽天ペイ,2023-10-23 10:21:10,楽天ペイ自体はポイント還元率も良いし否定的ではなかったのですが、とにかくお得なお知らせやらキャンペーンやらの通知が多い,お得なお知らせやらキャンペーンやらの通知が多い,363
g_8254,楽天ペイ,2023-10-14 09:26:18,対応お願いします,対応お願いします,364
g_8257,楽天ペイ,2023-11-13 11:13:27,その返信として、アプリ不具合の可能性を指摘したところ、一切回答が来なくなりました,アプリ不具合,366
g_7892,楽天ペイ,2023-11-04 17:42:45,混雑してるレジで周りの人に迷惑が掛かってしまった,混雑してるレジで周りの人に迷惑が掛かってしまった,367
g_7928,楽天ペイ,2023-10-15 20:58:34,レジでめちゃくちゃ困った,レジでめちゃくちゃ,367
g_7980,楽天ペイ,2023-10-22 12:37:45,頻繁に起動しなくなり、レジで詰まる,起動しなくなり、レジで詰まる,367
g_8258,楽天ペイ,2023-10-19 15:54:15,レジで何回も迷惑かけてしまった,レジで何回も迷惑かけてしまった,367
g_8261,楽天ペイ,2023-11-12 03:23:52,楽天ペイアプリご利用内容確認メールが夜間に遅れて送信されてくる等,ご利用内容確認メールが夜間に遅れて送信されてくる,369
g_8263,楽天ペイ,2023-12-17 15:55:57,・上部のポイント、キャッシュ、の残高の欄にedyと、スイカの残高も表示して1つの画面で管理できるようにしてもらいたい,上部のポイント、キャッシュ、の残高の欄にedyと、スイカの残高も表示して1つの画面で管理できるようにしてもらいたい,370
g_8264,楽天ペイ,2023-10-05 14:48:42,待ち受け画面に何分かごとな広告するはなんだ,待ち受け画面に何分かごとな広告する,371
g_8761,楽天ペイ,2023-11-17 16:08:52,数分単位にくる広告がうっとおしい,数分単位にくる広告,371
g_8269,楽天ペイ,2023-11-16 05:53:25,このアプリ入れてからバーコードのエラーが多くなった,バーコードのエラーが多くなった,373
g_8270,楽天ペイ,2023-11-06 21:48:27,開かないときがある,開かない,374
g_8272,楽天ペイ,2023-11-13 13:36:36,他の会社に比べてポイント付与がいつ付与されるのか,ポイント付与がいつ付与されるのか,375
g_8281,楽天ペイ,2023-10-11 14:56:38,これを起動して楽天ポイントを選択すると100%通信エラーになる,楽天ポイントを選択すると100%通信エラーになる,378
g_8303,楽天ペイ,2023-12-01 13:59:22,これを起動して楽天ポイントを選択すると100%通信エラーになる,楽天ポイントを選択すると100%通信エラーになる,378
g_8284,楽天ペイ,2023-10-23 14:24:57,楽天銀行から楽天ペイへと紐付け出来たら良かった,楽天銀行から楽天ペイへと紐付け出来たら良かった,379
g_7568,楽天ペイ,2023-10-21 23:32:24,楽天ペイのタッチ決済はエラー出まくり、勝手にログアウトなどで1度しか使えたことがない,楽天ペイのタッチ決済はエラー出まくり,380
g_8285,楽天ペイ,2023-11-25 16:29:07,このアプリのせいかどうかわからないけど、楽天カードのタッチ決済が成功しない,楽天カードのタッチ決済が成功しない,380
g_8287,楽天ペイ,2023-10-20 10:16:32,2023/10追記→画面上部にポップアップで広告が出てくるようになってしまい、suicaのチャージをしたいのに広告を閉じないとsuicaがタップできない,画面上部にポップアップで広告が出てくるようになってしまい、suicaのチャージをしたいのに広告を閉じないとsuicaがタップできない,381
g_8288,楽天ペイ,2023-10-12 23:59:19,デバイスに登録した指紋を全て削除してから暗証番号でsuicaチャージをし、指紋認証用の指紋を登録し直すという面倒を毎度強いられてます,デバイスに登録した指紋を全て削除してから暗証番号でsuicaチャージをし、指紋認証用の指紋を登録し直すという面倒を毎度強いられてます,382
g_8289,楽天ペイ,2023-12-19 08:25:35,スイカ連動させていたら自動チャージ急にされなくなり通知もなかったので改札つまらせた,スイカ連動させていたら自動チャージ急にされなくなり通知もなかった,383
g_8291,楽天ペイ,2023-10-27 11:20:15,android14にしてからエラーが頻発1,android14にしてからエラーが頻発,384
g_8292,楽天ペイ,2023-11-29 17:07:22,ただタッチ決済は成功しないし、edyの引継ぎが面倒な上にエラーが出て、1ヶ月経っても使えないまま,タッチ決済は成功しないし、edyの引継ぎが面倒,385
g_8301,楽天ペイ,2023-10-16 12:26:14,いつも電力会社の請求書読み込みが悪く、結構時間がかかる,電力会社の請求書読み込みが悪く,389
g_8302,楽天ペイ,2023-11-27 18:39:25,クレジットカードと連携しているので、パスワード4字位を設定し、pay払いの前に入力しないとpay決済出来ない,パスワード4字位を設定し、pay払いの前に入力しないとpay決済出来ない,390
g_8310,楽天ペイ,2023-11-12 19:49:13,結局ポイントつけれなかった,ポイントつけれなかった,392
g_8311,楽天ペイ,2023-10-24 10:09:30,楽天ペイで決済するたびにメール通知が来て鬱陶しいです,楽天ペイで決済するたびにメール通知が来て,393
g_7784,楽天ペイ,2023-10-29 06:07:00,しつこい,しつこい,394
g_8312,楽天ペイ,2023-10-27 08:16:20,本当にしつこい,しつこい,394
g_8323,楽天ペイ,2023-11-12 12:41:14,選択肢一覧にはクレカと口座の他に楽天キャッシュもあるがこれを選択しても口座を登録しないと先へ進めないようにされており実際は設定不可になっている,口座を登録しないと先へ進めないようにされており実際は設定不可になっている,398
g_8331,楽天ペイ,2023-10-28 10:05:13,2分ぐらいたったらまたすぐに広告出てくるのやめて欲しいです気悪なるしインストールする気なくします,2分ぐらいたったらまたすぐに広告出てくるのやめて欲しい,400
g_8335,楽天ペイ,2023-11-04 12:43:15,キャンペーンとか読み込む前に先にバーコード表示してほしい,キャンペーンとか読み込む前に先にバーコード表示してほしい,402
g_7689,楽天ペイ,2023-12-12 21:34:50,相変わらず楽天edyでフリーズして使えないなぁ,楽天edyでフリーズして使えない,403
g_8336,楽天ペイ,2023-12-02 08:42:30,楽天edyのタブを押すと、しばらくお待ち下さいと表示され、まったく進まなくなる,楽天edyのタブを押すと、しばらくお待ち下さいと表示され、まったく進まなくなる,403
g_8769,楽天ペイ,2023-10-03 11:37:03,楽天edyが、しばらくお待ちくださいのままフリーズして使えない,楽天edyが、しばらくお待ちくださいのままフリーズして使えない,403
g_8337,楽天ペイ,2023-11-10 14:32:50,だいたいフリーズしてスムーズな会計ができない,フリーズしてスムーズな会計ができない,404
g_7826,楽天ペイ,2023-11-27 20:41:12,使えるシーンが少ない,使えるシーンが少ない,405
g_8340,楽天ペイ,2023-10-16 07:44:55,ペイペイと比較すると、まだ使える所は少ないので頑張って下さい,まだ使える所は少ない,405
g_8707,楽天ペイ,2023-12-02 09:44:05,枠が少ないのでもう使用できない毎月旅2回している,枠が少ない,405
g_8342,楽天ペイ,2023-10-26 21:40:21,カード明細が見れない,カード明細が見れない,406
g_8344,楽天ペイ,2023-11-25 15:03:55,タッチ決済の信頼性が無さすぎるので、いつも使っている店であっても急いでいる時は絶対に物理カードの方が早い,タッチ決済の信頼性が無さすぎる,408
g_8350,楽天ペイ,2023-10-14 00:06:07,ジャンケンに勝つたらポイントを付けて欲しい,ジャンケンに勝つたらポイントを付けて欲しい,409
g_8351,楽天ペイ,2023-10-17 19:41:35,システムエラーと表示されてしまう,システムエラー,410
g_8353,楽天ペイ,2023-11-23 06:47:22,家族の人も届いたとか言ってくれないので困ってました,家族の人も届いたとか言ってくれない,412
g_8355,楽天ペイ,2023-10-14 07:22:11,画面下部の赤いチャージするをタップしても無反応でチャージできません,画面下部の赤いチャージするをタップしても無反応でチャージできません,413
g_8358,楽天ペイ,2023-10-06 22:07:07,レジの人がすぐに読み取ろうとして読めないので困るくらいならまだ良いのですが、こっちに苛ついた視線が向くのは不快です,レジの人がすぐに読み取ろうとして読めない,415
g_8360,楽天ペイ,2023-10-27 15:49:48,自動販売機でも使えないことが多いし、コンビニやスーパーでもエラーがよく出る,自動販売機でも使えない,417
g_8363,楽天ペイ,2023-10-12 16:14:44,勝手に広告が度々登場するいい加減にしてくれアプリつかえない,勝手に広告が度々登場する,418
g_7896,楽天ペイ,2023-10-24 19:25:23,請求書払いのバーコード読み取れないから改善して,請求書払いのバーコード読み取れない,419
g_8117,楽天ペイ,2023-12-07 23:39:24,請求書払いにポイントが付与ざれないので★−2です,請求書払いにポイントが付与ざれない,419
g_8367,楽天ペイ,2023-11-26 15:18:34,国民年金のバーコードを読み取らない,国民年金のバーコードを読み取らない,419
g_8768,楽天ペイ,2023-12-15 08:21:50,国民年金のバーコードを読み取らない,国民年金のバーコードを読み取らない,419
g_8369,楽天ペイ,2023-10-14 09:26:18,pixel8proandroid14で、動かなくなりました,pixel8proandroid14で、動かなくなりました,421
g_8370,楽天ペイ,2023-11-03 13:14:17,トラプルばかり楽天edyと楽天ペイの併存も整理がなく、使いにくいポイントをためる時にも、急にエラー発生のため使用できないとのことで、全く使えないシステムにうんざり,トラプルばかり楽天edyと楽天ペイの併存も整理がなく,422
g_8372,楽天ペイ,2023-11-05 14:48:04,楽天edy、楽天ポイントカードは、それぞれにアプリを分けてほしい,楽天edy、楽天ポイントカードは、それぞれにアプリを分けてほしい,423
g_8374,楽天ペイ,2023-12-17 15:55:57,・チャージ画面もまとめてもらいたい、各決済方法の個別画面からチャージ画面を探すのがめんどくさく使いにくいので1つの画面で処理できるようにしてもらいたい,チャージ画面もまとめてもらいたい、各決済方法の個別画面からチャージ画面を探すのがめんどくさく使いにくいので1つの画面で処理できるようにしてもらいたい,425
g_8375,楽天ペイ,2023-10-25 08:02:58,楽天ペイうぅ~ん、、、先に進めないチャージ出来ずっトホホ,先に進めないチャージ出来ずっトホホ,426
g_8376,楽天ペイ,2023-12-13 19:10:35,無理矢理ペイアプリに誘導しないでくれ,無理矢理ペイアプリに誘導しないでくれ,427
g_8377,楽天ペイ,2023-11-11 15:02:51,ポイント使い切ったら、もうアプリ消すわ,ポイント使い切ったら、もうアプリ消す,428
g_8379,楽天ペイ,2023-10-15 20:58:34,ポイントを使用したかったが、キャッシュが優先だった,ポイントを使用したかったが、キャッシュが優先だった,429
g_8384,楽天ペイ,2023-10-19 01:20:42,on・off機能を希望,on・off機能を希望,432
g_8385,楽天ペイ,2023-11-16 20:25:32,レジ前でクレジットや楽天キャッシュからedyチャージしようとすると、毎回エラー連発,レジ前でクレジットや楽天キャッシュからedyチャージしようとすると、毎回エラー連発,433
g_8387,楽天ペイ,2023-11-10 14:32:50,ポイントカードが一度で立ち上がったことがない,ポイントカードが一度で立ち上がったことがない,434
g_8391,楽天ペイ,2023-10-27 14:00:49,サービス内容が分かりにくいのとキャンペーンのエントリーを勧める広告がエントリーしていても何回も出るので混乱する,サービス内容が分かりにくいのとキャンペーンのエントリーを勧める広告がエントリーしていても何回も出る,435
g_8394,楽天ペイ,2023-10-24 20:00:10,なぜ楽天ペイがインストールされてるのに認識しなくなったのか,楽天ペイがインストールされてるのに認識しなくなった,437
g_8395,楽天ペイ,2023-10-25 19:24:13,異常な入り方をしているのを、承知されているのでしょうか,異常な入り方をしている,438
g_8396,楽天ペイ,2023-12-04 00:46:36,フォントが小さすぎて見づらい,フォントが小さすぎて見づらい,439
g_8397,楽天ペイ,2023-11-18 16:10:16,アプリが通信障害の為とエラーになり開くことが一度もないです利用方法が知りたいのですが,アプリが通信障害の為とエラーになり開くことが一度もない,440
g_8399,楽天ペイ,2023-10-15 13:36:19,特に個人店は登録してないのにアプリ内で使える店舗として出て来るこれはある意味詐欺では,特に個人店は登録してないのにアプリ内で使える店舗として出て来る,441
g_8403,楽天ペイ,2023-11-11 15:02:51,いちいちエラーがでて使用制限され、サポートデスクに電話しかもナビダイヤルしても解決せず、解決するのに最短でも5営業日かかると言われ,いちいちエラーがでて使用制限され、サポートデスクに電話しかもナビダイヤルしても解決せず、解決するのに最短でも5営業日かかる,443
g_8406,楽天ペイ,2023-11-01 11:37:00,下部のキャンペーン広告を自動スクロールしないように出来ないの,下部のキャンペーン広告を自動スクロールしないように出来ない,445
g_8409,楽天ペイ,2023-11-27 09:39:01,いちいち明るさを変更するのが面倒です,いちいち明るさを変更するのが面倒,446
g_8410,楽天ペイ,2023-10-22 18:29:43,直感で使いづらいアプリです,直感で使いづらい,447
g_8411,楽天ペイ,2023-10-03 15:33:50,edyへのチャージに関しては、本当に使い勝手が悪い,edyへのチャージに関しては、本当に使い勝手が悪い,448
g_8415,楽天ペイ,2023-10-04 09:01:18,以前は楽天ペイの利用者だけが表示されるようになっていたのに、今は完全に同期で、絶対に送るはずのない多数の連絡先が表示される,完全に同期で、絶対に送るはずのない多数の連絡先が表示される,451
g_8417,楽天ペイ,2023-12-17 13:08:32,楽天ポイントスクリーンアプリでバーコード表示をしポイントカード登録をおこなっていたが、突然ポイントカード登録を楽天ペイアプリで行えとインストールさせられた,楽天ポイントスクリーンアプリでバーコード表示をしポイントカード登録をおこなっていたが、突然ポイントカード登録を楽天ペイアプリで行えとインストールさせられた,452
g_8418,楽天ペイ,2023-11-12 19:47:59,ユニクロ廿日市ゆめタウンでは楽天は使えませんでした、残念,ユニクロ[UNK]ゆめタウンでは楽天は使えません,453
g_8423,楽天ペイ,2023-11-11 20:49:17,最近になって楽天ペイと楽天銀行のクイックログイン認証がループして困っています,楽天ペイと楽天銀行のクイックログイン認証がループして,454
g_8424,楽天ペイ,2023-11-28 15:37:49,クレジットカードは登録しても使用する時には使えなくなって、またアンインストールして再インストールを何回も繰り返す,クレジットカードは登録しても使用する時には使えなくなって,455
g_8426,楽天ペイ,2023-11-07 13:50:51,登録したのに消えていて新しく登録し直してもやり直しが続いたので疲れました,登録したのに消えていて新しく登録し直してもやり直しが続いた,456
g_8428,楽天ペイ,2023-11-03 11:34:43,効率の悪いシステムにうんざりする,効率の悪いシステム,457
g_8432,楽天ペイ,2023-11-04 21:06:28,楽天市場での使い勝手が悪過ぎyahooショッピングでのpaypayの使用方とかを見て改善するべき難解で使用を諦める人もいると思う,楽天市場での使い勝手が悪過ぎ,458
g_8433,楽天ペイ,2023-10-15 18:51:29,アプリを切って再接続をしてもダメで30秒色々しても使えないから結局いつも使えない,アプリを切って再接続をしてもダメで30秒色々しても使えない,459
g_8437,楽天ペイ,2023-11-29 16:38:05,使用機種xperia10vのデータ通信性能の悪さも影響しているかも知れません,使用機種xperia10vのデータ通信性能の悪さ,461
g_8144,楽天ペイ,2023-10-19 12:14:24,支払いをしようとするとキャンペーンのページが開いてまごつく,キャンペーンのページが開いてまごつく,462
g_8438,楽天ペイ,2023-10-19 12:14:24,支払いをしようとするとキャンペーンのページが開いてまごつく,キャンペーンのページが開いてまごつく,462
g_8439,楽天ペイ,2023-11-12 12:41:14,登録しなくても使用出来ると広告しておいて出来ないのはなんらかの違法行為ではないのか,登録しなくても使用出来ると広告しておいて出来ない,463
g_8443,楽天ペイ,2023-10-28 09:39:18,このアプリを利用していなくても他のゲーム途中で広告が流れてくるのがほんと腹立つ,アプリを利用していなくても他のゲーム途中で広告が流れてくる,465
g_8444,楽天ペイ,2023-11-13 13:36:36,分からない分かり易く使い易い電子決済に改善して欲しい,分からない分かり易く使い易い電子決済に改善して欲しい,466
g_8445,楽天ペイ,2023-10-23 10:21:10,アプリ内にはお知らせなどのみオフにするなどの個別の設定どころか、通知の設定自体がないので毎日毎日何件も通知がきてウザいので楽天ペイ自体利用をやめました,アプリ内にはお知らせなどのみオフにするなどの個別の設定どころか、通知の設定自体がない,467
g_8451,楽天ペイ,2023-10-04 00:19:50,あと、やっぱり楽天あるあるで色んなキャンペーンにいちいちエントリーしないといけないのはめんどくさい,楽天あるあるで色んなキャンペーンにいちいちエントリーしないといけない,468
g_8452,楽天ペイ,2023-12-09 09:28:18,ポイントカードのバーコードが2回に1回くらい、エラーになります,ポイントカードのバーコードが2回に1回くらい、エラーになります,469
g_7721,楽天ペイ,2023-12-08 13:10:13,最初は、面倒くさいのて使うつもりはなかったが、楽天ショップに用事があり行った時に店員さんから楽天ベイのよさを聞き使い初めたが、慣れたら使いやすいし、ポイントが、カードより貯まるのでとても良かったてです,面倒くさい,471
g_8455,楽天ペイ,2023-11-15 13:48:04,面倒すぎ,面倒すぎ,471
g_8564,楽天ペイ,2023-10-05 06:35:58,面倒くさくないし簡単,面倒くさくない,471
g_8460,楽天ペイ,2023-12-10 15:54:39,ポイントを使うにチェックを入れてqrコードを読み込むと再度ポイントを使うにチェックを入れるという行為が無駄,ポイントを使うにチェックを入れてqrコードを読み込むと再度ポイントを使うにチェックを入れるという行為が無駄,473
g_8462,楽天ペイ,2023-11-05 14:48:04,地方の中の田舎と言われる地域でもコンビニ、ドラッグストア等でqr決済使える所は増えましたが、利用するキャリアの通信環境に依存することは避けられないので、リアル店舗で利用時は、先にスマホで楽天ペイの画面を出しておき、楽天ポイント対象店舗ではプラスティックの物理カードを提示したほうが、精神衛生上も焦らなくて済みます,利用するキャリアの通信環境に依存する,474
g_8471,楽天ペイ,2023-12-12 21:34:50,楽天ペイも楽天キャッシュ設定だとポイント扱いで分かり辛いし,楽天ペイも楽天キャッシュ設定だとポイント扱いで分かり辛い,476
g_8472,楽天ペイ,2023-10-29 18:48:24,バーコードを鮮明に確認できる光量は確保しているはず,バーコードを鮮明に確認できる光量は確保しているはず,477
g_8474,楽天ペイ,2023-12-10 16:20:54,携帯番号の登録、認証時間がかかりすぎるし、ポイントカードアプリが使える店が少なすぎる,携帯番号の登録、認証時間がかかりすぎるし、ポイントカードアプリが使える店が少なすぎる,479
g_8475,楽天ペイ,2023-11-04 11:52:30,二枚目楽天カードに成ってからはラッキーペイは使えません,ラッキーペイは使えません,480
g_8476,楽天ペイ,2023-11-29 13:44:16,29これを使うようになってカード利用制限がかかることが頻繁になっちゃってよくわかんないことになってしまったとりあえず暫くの間はこちらの利用は控えてパンダ要素も少ないしauペイを使って見ようと思います2023,カード利用制限がかかる,481
g_8477,楽天ペイ,2023-10-28 10:42:00,ポイントがこちらのアプリになってからレジですぐ開かないため全く使えなくなった,ポイントがこちらのアプリになってからレジですぐ開かない,482
g_8478,楽天ペイ,2023-11-11 20:49:17,楽天ペイを再インストールしてもだめでした,楽天ペイを再インストールしてもだめ,483
g_8479,楽天ペイ,2023-11-19 12:58:11,簡単に使えた取扱店が増えたらもっと便利かな,簡単に使えた取扱店が増えたらもっと便利かな,484
g_8480,楽天ペイ,2023-12-09 22:33:47,グルグルして、使えなくなること多々あり,グルグルして、使えなくなる,485
g_8482,楽天ペイ,2023-11-13 11:13:27,支払いに楽天ポイントを充当しようと思い、バーコード表示画面のすべてのポイント/キャッシュを使うのチェックを入れたにも関わらず、紐付けクレジットカードで決済されてしまう事象があり、問い合わせたところ、一方的に利用者の操作ミスを指摘するテンプレ回答がありました,バーコード表示画面のすべてのポイント/キャッシュを使うのチェックを入れたにも関わらず、紐付けクレジットカードで決済されてしまう,486
g_8484,楽天ペイ,2023-10-17 10:03:18,ポイントやらキャッシュやら意味不明,ポイントやらキャッシュやら意味不明,488
g_8486,楽天ペイ,2023-11-24 12:02:00,毎回イラっとする,毎回イラっとする,489
g_8492,楽天ペイ,2023-12-19 17:07:42,せっかくチャージしても使えるお店が少ないとだんだん使わなくなってしまうから楽天ペイにはもっと魅力的な企画を引っ提げ販路を拡げてほしい,チャージしても使えるお店が少ないとだんだん使わなくなってしまうから楽天ペイにはもっと魅力的な企画を引っ提げ販路を拡げてほしい,492
g_8495,楽天ペイ,2023-11-02 07:39:08,ひと月のポイ活が無駄になり最悪です,ひと月のポイ活が無駄になり,493
g_8498,楽天ペイ,2023-11-28 12:52:48,原因は不明問い合わせてもエラーログ出るわけでも無いので情報なさ過ぎでもうタッチ決済設定が一切不可能になった,タッチ決済設定が一切不可能になった,494
g_8500,楽天ペイ,2023-10-28 15:37:02,楽天ポイントの提示がこっちのアプリになってから街で画面を開くと必ず通信環境が悪いとかで表示できずポイント加算できない,楽天ポイントの提示がこっちのアプリになってから街で画面を開くと必ず通信環境が悪いとかで表示できずポイント加算できない,495
g_8504,楽天ペイ,2023-12-06 19:40:59,真面目にトラブルシューティングする気がないんですかね,真面目にトラブルシューティングする気がない,497
g_8506,楽天ペイ,2023-11-12 22:27:01,日に日にポイント還元対象外の店舗が増えている上に、それをユーザー側が事前に知ることが出来ないため、不信感の募るサービス,日に日にポイント還元対象外の店舗が増えている上に、それをユーザー側が事前に知ることが出来ない,498
g_8507,楽天ペイ,2023-10-14 20:05:21,広告表示が画面上部パンチホールに被っていてバツも押せない仕様になってて、狡い企業だなと改めて思いました,広告表示が画面上部パンチホールに被っていてバツも押せない仕様になってて,499
g_8508,楽天ペイ,2023-12-10 18:05:15,チャージしようとするといったんエラーになる,チャージしようとするといったんエラーになる,500
g_8509,楽天ペイ,2023-11-03 14:10:21,通信速度が遅い環境で使ってるのもあるだろうけど、それでも20秒も待たされるのはおかしいだろ,通信速度が遅い環境で使ってるのもあるだろうけど、それでも20秒も待たされる,501
g_8511,楽天ペイ,2023-12-01 04:49:33,一般的なインフラの機能を安定させて下さい,一般的なインフラの機能を安定させて下さい,502
g_8522,楽天ペイ,2023-10-20 10:16:32,でもその広告のバツ印が小さくて押しにくくて無駄に広告を開く→戻る→新しい広告が出るの繰り返しになってsuicaが開けなくて本当にイライラする,広告のバツ印が小さくて押しにくくて無駄に広告を開く→戻る→新しい広告が出るの繰り返しになってsuicaが開けなくて,506
g_7876,楽天ペイ,2023-12-19 12:22:51,通知設定すらない正真正銘のゴミアプリですね,通知設定すらない,507
g_7904,楽天ペイ,2023-10-28 05:09:25,何回出てきてもインストールしません,インストールしません,507
g_8525,楽天ペイ,2023-12-01 13:59:22,このアプリ、それくらいの確認もしてないの,確認もしてない,507
g_8539,楽天ペイ,2023-10-16 09:07:19,迷惑なので通知しないでください,通知しないでください,507
g_8705,楽天ペイ,2023-10-11 14:56:38,このアプリ、それくらいの確認もしてないの,確認もしてない,507
g_8757,楽天ペイ,2023-11-12 12:41:14,この件を公式フォームから問い合わせてみたが1週間たっても音沙汰なし,音沙汰なし,507
g_8526,楽天ペイ,2023-12-14 07:26:58,コードのところに鍵がついてしまって、クレジットカードか、楽天銀行を登録したら解除できるらしいですけど、クレジットカード持ってないし、使わない銀行口座持っててもしょうがない,コードのところに鍵がついてしまって、クレジットカードか、楽天銀行を登録したら解除できるらしいですけど、クレジットカード持ってないし、使わない銀行口座持っててもしょうがない,508
g_8527,楽天ペイ,2023-12-08 20:30:23,qrで支払をしたかったのに何回やっても読み込まない,qrで支払をしたかったのに何回やっても読み込まない,509
g_8528,楽天ペイ,2023-12-11 09:28:59,決済しようとアプリを開くが、ハイエンドのスマホで、かつ5gの環境で読み込まず,ハイエンドのスマホで、かつ5gの環境で読み込まず,510
g_7578,楽天ペイ,2023-10-11 14:56:38,再読み込みすると問題ない,再読み込みすると問題ない,511
g_8529,楽天ペイ,2023-12-01 13:59:22,再読み込みすると問題ない,再読み込みすると問題ない,511
g_8531,楽天ペイ,2023-10-22 11:39:20,なぜポイントカードをタップしてバーコードを表示するのだけ認証をオフにできないのか,ポイントカードをタップしてバーコードを表示するのだけ認証をオフにできないのか,512
g_8532,楽天ペイ,2023-11-02 12:03:06,早く利用したかったのですが、楽天銀行の口座がなければ使えないような案内が何度もあり、どうして良いかわかりませんでした,楽天銀行の口座がなければ使えないような案内が何度もあり,513
g_8535,楽天ペイ,2023-11-14 12:39:03,まぁ、このアプリに限らず他社のバーコード決済アプリも余分な機能や、無駄なバナーが増えすぎ,無駄なバナーが増えすぎ,515
g_8536,楽天ペイ,2023-10-12 02:13:11,お金がとられてしまいます,お金がとられてしまいます,516
g_8538,楽天ペイ,2023-10-11 10:08:37,再立ち上げ必須で本当に不便,再立ち上げ必須で本当に不便,517
g_7574,楽天ペイ,2023-10-22 15:48:55,相変わらず楽天は使いづらい,楽天は使いづらい,519
g_8542,楽天ペイ,2023-12-19 01:32:50,楽天ポイントがよく表示されない,楽天ポイントがよく表示されない,519
g_8088,楽天ペイ,2023-11-11 17:20:01,レジするにもチャージするにもすぐ起動することがほぼない,起動することがほぼない,520
g_8543,楽天ペイ,2023-10-14 14:17:12,すぐ起動することがほぼない,すぐ起動することがほぼない,520
g_8545,楽天ペイ,2023-10-19 12:15:14,レジが空いていれば再試行出来んこともないが、混雑時の事を考えろ,レジが空いていれば再試行出来んこともない,522
g_8547,楽天ペイ,2023-10-27 15:02:56,ポイントからのチャージにてこづりましたが、店員さんのサポートで完了,ポイントからのチャージにてこづりましたが、店員さんのサポートで完了,524
g_8548,楽天ペイ,2023-10-04 09:01:18,利用頻度順に連絡先の並び順を変えられるとか、履歴から送金できるような機能があるといいのに,利用頻度順に連絡先の並び順を変えられるとか、履歴から送金できるような機能があるといい,525
g_8549,楽天ペイ,2023-12-17 13:08:32,前もって告知があったようだがいつも使っているアプリ上に使えなくなる等の告知があってしかるべきではないか,いつも使っているアプリ上に使えなくなる,526
g_8552,楽天ペイ,2023-10-14 07:22:11,夜間チャージのスイッチをonに変更しても同様に無反応,夜間チャージのスイッチをonに変更しても同様に無反応,527
g_8555,楽天ペイ,2023-11-05 11:48:15,支払いの優先順位がでてこなくなった,支払いの優先順位がでてこなくなった,528
g_8298,楽天ペイ,2023-10-15 13:36:19,決算機能そのものは良いが使える店をアプリ内で検索して該当店舗に行っていざ支払おうと思ったら楽天ペイは使えないと言われた,決算機能そのものは良いが使える店をアプリ内で検索して該当店舗に行っていざ支払おうと思ったら楽天ペイは使えない,529
g_8556,楽天ペイ,2023-10-20 15:57:06,チャージも済ませ、お店で楽天ペイが使えるか確認してから、支払おうとすると、支払い元を楽天キャッシュに設定しているのに支払いができない,チャージも済ませ、お店で楽天ペイが使えるか確認してから、支払おうとすると、支払い元を楽天キャッシュに設定しているのに支払いができない,529
g_8557,楽天ペイ,2023-10-24 05:05:25,調べ物何回も登録するもくる止めて,調べ物何回も登録するもくる止めて,530
g_8558,楽天ペイ,2023-11-26 17:15:33,贅沢を言えば、ドコモのd払いアプリのように楽天ポイント用と支払い用のバーコードが1画面で一気に表示されてると嬉しいです,楽天ポイント用と支払い用のバーコードが1画面で一気に表示されてると嬉しい,531
g_8560,楽天ペイ,2023-10-03 06:04:37,いきなり猶予なく限度額を減らされなんの支払いもできなくなりました,いきなり猶予なく限度額を減らされなんの支払いもできなくなりました,533
g_8561,楽天ペイ,2023-10-06 22:40:17,楽天カード解約も視野に入れねばならんかな,楽天カード解約も視野に入れねばならんかな,534
g_7672,楽天ペイ,2023-12-14 08:52:04,毎回ポイントカードアプリを起動しなおさないとポイント情報を読み込まないし不便,ポイントカードアプリを起動しなおさないとポイント情報を読み込まない,536
g_8563,楽天ペイ,2023-12-05 19:37:06,ポイントカードを表示したいのに選んでから更新押さないと出てくれない,ポイントカードを表示したいのに選んでから更新押さないと出てくれない,536
g_8671,楽天ペイ,2023-12-16 17:25:53,ポイントカードが毎回更新しないと残ポイント数が出てこないところが少しマイナスですが、概ね満足です,ポイントカードが毎回更新しないと残ポイント数が出てこない,536
g_8566,楽天ペイ,2023-11-01 13:27:04,使いこなせていない店舗があって処理に手間どり戸惑う時がある,使いこなせていない店舗があって処理に手間どり,538
g_8573,楽天ペイ,2023-11-11 19:26:08,楽天ポイント以外の機能はすぐオープンするのに、楽天ポイントだけは通信状況に関係なくエラーばかりで使えない事9割です,楽天ポイント以外の機能はすぐオープンするのに、楽天ポイントだけは通信状況に関係なくエラーばかりで使えない,540
g_8575,楽天ペイ,2023-11-28 15:37:49,不具合等が起きないように改良の余地有り,不具合等が起きないように改良の余地有り,541
g_8576,楽天ペイ,2023-10-24 20:00:10,相手がいちいちパスワードを入力しないと受け取れないので非常に面倒,相手がいちいちパスワードを入力しないと受け取れない,542
g_8189,楽天ペイ,2023-12-06 16:35:36,サーバー側かアプリ側の問題かわからないが、バーコードの表示が遅く、それでいて再読み込みの頻度が高い,バーコードの表示が遅く,543
g_8491,楽天ペイ,2023-11-01 12:14:07,バーコードの表示が遅い,バーコードの表示が遅い,543
g_8577,楽天ペイ,2023-11-04 12:43:15,バーコードが表示されまでが遅い,バーコードが表示されまでが遅い,543
g_8609,楽天ペイ,2023-11-03 18:23:56,あと起動してからバーコードが表示されるのが遅いときがある,起動してからバーコードが表示されるのが遅い,543
g_8654,楽天ペイ,2023-11-03 14:10:21,バーコード表示が遅すぎる,バーコード表示が遅すぎる,543
g_8313,楽天ペイ,2023-12-06 00:30:09,請求書払いでバーコードがなかなか読み込まないので改善してほしい,バーコードがなかなか読み込まない,544
g_8579,楽天ペイ,2023-10-27 11:20:15,支払い時にバーコードが頻繁に表示されない,バーコードが頻繁に表示されない,544
g_8583,楽天ペイ,2023-11-18 22:54:00,バーコードがほとんどすぐ読み取れない,バーコードがほとんどすぐ読み取れない,544
g_8584,楽天ペイ,2023-11-21 12:48:59,お得などのポップアップが、ボタン上に出るようになりとても使いにくい,お得などのポップアップが、ボタン上に出るようになりとても使いにくい,546
g_8586,楽天ペイ,2023-11-19 12:20:04,相手が楽天ペイを、持っていてもリンク送信に、なってしまいます,相手が楽天ペイを、持っていてもリンク送信に、なってしまいます,547
g_8587,楽天ペイ,2023-11-10 21:10:13,ユーツベをおも鑑賞でもごり押しするのが気になって、気にくわなくて、そんなに赤字ですか,ユーツベをおも鑑賞でもごり押しするのが気になって、気にくわなくて、そんなに赤字,548
g_8588,楽天ペイ,2023-11-03 11:34:43,楽天で買い物するのに、いくつもアプリを入れる必要があるから、面倒くさい,楽天で買い物するのに、いくつもアプリを入れる必要がある,549
g_8368,楽天ペイ,2023-11-09 15:08:48,クイック認証設定済みの楽天銀行口座を支払先に設定しても、クイック認証を設定してください、のポップアップが常に出て、qrコードが表示されないので、決済できない,qrコードが表示されない,550
g_8521,楽天ペイ,2023-10-20 11:53:15,qrコードを読み取るとき、ピントが合わず読み取れないときがかなりの頻度であります,qrコードを読み取るとき、ピントが合わず読み取れない,550
g_8589,楽天ペイ,2023-10-18 15:58:41,qrコード読み取り時カメラのピントが調整されません,qrコード読み取り時カメラのピントが調整されません,550
g_8590,楽天ペイ,2023-12-02 12:43:38,初めて楽天ペイの使い方が分からないので、説明や、使い方を教えて下さい,初めて楽天ペイの使い方が分からない,551
g_8592,楽天ペイ,2023-12-11 06:52:25,支払いは簡単だが、楽天カードが無いと使えるように段取りするのが大変だった,楽天カードが無いと使えるように段取りするのが大変,553
g_8594,楽天ペイ,2023-10-10 21:03:57,楽天デビットカードもvisaタッチに登録できるようにして欲しいです,楽天デビットカードもvisaタッチに登録できるようにして欲しい,554
g_8600,楽天ペイ,2023-11-27 09:39:01,paypayは起動したら自動でスキャンされやすいように画面が明るくなるが、楽天payは変わらない,画面が明るくなる,556
g_8601,楽天ペイ,2023-10-28 13:27:47,簡単な問題なのですが思うように指が動きませんシヨツクです毎日頑張ります,指が動きません,557
g_8604,楽天ペイ,2023-10-12 23:59:19,急いでチャージしたい時に指紋が認識されないと本当に迷惑,指紋が認識されない,557
g_8603,楽天ペイ,2023-12-03 17:06:05,キャンペーン通知がうざいアプリ側で通知を管理する設定がなく、スマホの設定からアプリの通知を切るしかない,キャンペーン通知がうざいアプリ側で通知を管理する設定がなく、スマホの設定からアプリの通知を切るしかない,558
g_8606,楽天ペイ,2023-12-20 15:54:25,ほかのレビューでも言われているが細かいところでストレスを感じることがある・支払い時に他のアプリよりも決済完了までに時間がかかる・ポイントカードを表示すると必ずエラーが1度発生する数ヶ月使ってますがここは未だに治ってませんレビューなど見ていないんでしょうか,細かいところでストレスを感じることがある・支払い時に他のアプリよりも決済完了までに時間がかかる,561
g_8607,楽天ペイ,2023-12-06 20:04:52,edyと楽天ポイントのアプリが1つになってるからいいなと思って導入しましたedy単体のアプリと違ってオートチャージできなくて不便なので統一するなら同じ機能をできるようにしてください,オートチャージできなくて不便なので統一するなら同じ機能をできるようにしてください,562
g_8612,楽天ペイ,2023-10-03 11:12:34,支払がスムーズに出来ない,支払がスムーズに出来ない,564
g_8613,楽天ペイ,2023-11-01 11:37:00,それから起動してからポイントカードを表示しようとするとエラーになり再起動が必要になる,起動してからポイントカードを表示しようとするとエラーになり再起動が必要になる,565
g_8615,楽天ペイ,2023-11-12 12:41:14,どちらかを設定するまでアプリ使用不可,どちらかを設定するまでアプリ使用不可,567
g_8616,楽天ペイ,2023-10-02 13:37:47,wi-fiあるのに立ち上がりが遅すぎる,wi-fiあるのに立ち上がりが遅すぎる,568
g_8617,楽天ペイ,2023-10-21 07:40:08,クイックに支払いが出来ない,クイックに支払いが出来ない,569
g_8619,楽天ペイ,2023-11-26 17:15:33,レジ前でポイント画面に切り替えると、ネットが混雑して支払い画面になかなか戻れない時があるので,ネットが混雑して支払い画面になかなか戻れない,570
g_8623,楽天ペイ,2023-11-29 17:07:22,壊れた旧スマホの残高が宙に浮いたまま,壊れた旧スマホの残高が宙に浮いたまま,573
g_8625,楽天ペイ,2023-11-07 14:34:43,レジで支払いの時、表示画面遅いので改善をしてほしい,レジで支払いの時、表示画面遅い,574
g_8627,楽天ペイ,2023-10-20 10:16:32,あと何故かedyだとお店の機械に反応しないことがすごく多くて諦めることが多い,edyだとお店の機械に反応しない,575
g_8628,楽天ペイ,2023-10-08 13:29:18,スマホ使ってたらこの楽天ペイのcmが2分おきぐらいに流れるとても迷惑だしストレスが溜まるいい加減にしてくれ,スマホ使ってたらこの楽天ペイのcmが2分おきぐらいに流れる,576
g_8630,楽天ペイ,2023-12-02 23:51:47,楽天payアプリでポイントカードを開こうとしてもエラーになる事が多く肝心なときに使えない,楽天payアプリでポイントカードを開こうとしてもエラー,577
g_8632,楽天ペイ,2023-10-27 17:30:31,楽天カードを作りましたが実際に使えなかったので解約したいのでやり方を送信して下さい,楽天カードを作りましたが実際に使えなかった,578
g_8641,楽天ペイ,2023-10-03 15:33:50,ペイが使えないから、edyで払いたいのに結局、現金になる,ペイが使えない,581
g_8642,楽天ペイ,2023-10-17 12:09:38,それを防ごうと思うとレジに行く前に起動してからになる,レジに行く前に起動してからになる,582
g_8645,楽天ペイ,2023-11-23 11:06:43,初めてダウンロードしたのでわからなかったのですが会員ランク等ごとに支払い上限が設定されている等があるらしく高額な物を買おうとしたらエラーで買えませんでした,会員ランク等ごとに支払い上限が設定されている等があるらしく高額な物を買おうとしたらエラーで買えません,583
g_8647,楽天ペイ,2023-10-24 10:09:30,楽天ペイに限らず、楽天と関わるとメール地獄になるから嫌です,楽天ペイに限らず、楽天と関わるとメール地獄になる,585
g_8649,楽天ペイ,2023-11-23 14:46:47,"いつも行くスーパー、具体的にはベルクで7,8割の確率で読み取れない","いつも行くスーパー、具体的にはベルクで7,8割の確率で読み取れない",586
g_8650,楽天ペイ,2023-10-17 12:09:38,アプリ内の楽天ポイントのバーコードがレジ前でいつも表示されず起動し直さなければならず迷惑になるので結局支払いだけ済ませることに,アプリ内の楽天ポイントのバーコードがレジ前でいつも表示されず起動し直さなければならず,587
g_8651,楽天ペイ,2023-12-07 20:09:09,ペィアプリのキャッシュとあるがサラ金からお金を借りて金利が発生するように感じてしまうのでキャッシュをペィとポイントにしてもらいたい,キャッシュをペィとポイントにしてもらいたい,588
g_8652,楽天ペイ,2023-10-22 03:43:35,レジでポイントのバーコード画面を開こうとすると何度も更新されなくて店員さんをおまたせしてしまいました,レジでポイントのバーコード画面を開こうとすると何度も更新されなくて,589
g_8646,楽天ペイ,2023-11-03 18:23:56,これで通常ポイントを勝手に使われた,通常ポイントを勝手に使われた,590
g_8653,楽天ペイ,2023-12-02 09:56:04,使う設定にしてないのに勝手にポイントが使われ続けた,使う設定にしてないのに勝手にポイントが使われ続けた,590
g_8655,楽天ペイ,2023-11-05 14:48:04,他社payと異なり、楽天キャッシュレスサービスには、felicaの楽天edy、楽天キャッシュ、楽天ポイント、クレジットカード管理、支払い振り分けだけでも様々あり、本当に分かりづらくて、混乱します,楽天キャッシュレスサービスには、felicaの楽天edy、楽天キャッシュ、楽天ポイント、クレジットカード管理、支払い振り分けだけでも様々あり、本当に分かりづらくて、混乱します,592
g_8656,楽天ペイ,2023-12-05 23:53:49,楽天銀行のダイアログが繰り返しでて使えない,楽天銀行のダイアログが繰り返しでて使えない,593
g_8119,楽天ペイ,2023-10-22 18:01:22,電波良くても、バーコード表示されるまでに時間がかかる事が度々ある,バーコード表示されるまでに時間がかかる,595
g_8659,楽天ペイ,2023-10-09 08:04:19,支払いバーコードとポイントバーコードを同じ画面にしてください画面を切り替える時に時間がかかる時がありヒヤヒヤします,バーコードとポイントバーコードを同じ画面にしてください画面を切り替える時に時間がかかる,595
g_8660,楽天ペイ,2023-10-14 20:10:03,またd払いに戻ろうか,またd払いに戻ろうか,596
g_8662,楽天ペイ,2023-10-31 17:29:00,atmチャージ時、カメラ機能フリーズ,atmチャージ時、カメラ機能フリーズ,597
g_8664,楽天ペイ,2023-11-29 17:07:22,楽天payの方は画面が自動で明るくならないので読み取りの時に少し面倒なくらいで、普通に使える,画面が自動で明るくならない,598
g_8665,楽天ペイ,2023-12-12 15:17:09,未だにそうです笑ポイントのバーコードをだすときかなりの確率で失敗して表示出来なくて断念します,失敗して表示出来なくて,599
g_8666,楽天ペイ,2023-12-06 00:22:51,バーコード表示に何故認証が必要なのか、もう一度見直さなければいけないのでは,バーコード表示に何故認証が必要なのか,600
g_8668,楽天ペイ,2023-10-20 00:04:45,1万8000円の買い物をした後、1時間後に6千円の買い物をしようとしたら使えず,1時間後に6千円の買い物をしようとしたら使えず,601
g_8196,楽天ペイ,2023-11-16 19:59:04,エントリーしていざ使おうとたらポイント画面でエラー,ポイント画面でエラー,604
g_8672,楽天ペイ,2023-10-21 13:33:52,やっとマクドナルドも対応か、と言う事で早速つかってみたが、ポイントの画面がエラーで使えず諦める,ポイントの画面がエラー,604
g_8673,楽天ペイ,2023-11-21 01:16:06,広告を無数に打つ前に使える店をもっと増やしてくれ、大手ならとっくの昔から他の支払い方法で既に確立各種felicaやクレカ等されているし本当に使いたいクレカなど使用出来ぬ中小店舗ではaupayやpaypayで占められていて全く使えない、いくら宣伝しても使える店がこれだけじゃなぁ,広告を無数に打つ前に使える店をもっと増やしてくれ、大手ならとっくの昔から他の支払い方法で既に確立各種felicaやクレカ等されているし本当に使いたいクレカなど使用出来ぬ中小店舗ではaupayやpaypayで占められていて全く使えない,605
g_8676,楽天ペイ,2023-10-13 22:05:06,終わってるチケ購入に選択したらクレジット情報入れろとか、は,終わってるチケ購入に選択したらクレジット情報入れろ,607
g_8678,楽天ペイ,2023-11-29 09:30:17,ペイペイと比べ、まだインターフェイスが足らない,インターフェイスが足らない,608
g_8680,楽天ペイ,2023-12-04 12:33:58,楽天ペイから、エディにキャッシュでチャージすると毎回しばらくお待ち下さいと表示されて動かなくなります,楽天ペイから、エディにキャッシュでチャージすると毎回しばらくお待ち下さいと表示されて動かなくなります,609
g_8681,楽天ペイ,2023-12-06 00:30:09,認識が悪すぎる,認識が悪すぎる,610
g_8682,楽天ペイ,2023-11-23 11:06:43,楽天ペイに限らずスマホ決済は電波の状況等で支払えない場合もあるのでもう頼らないことにします,楽天ペイに限らずスマホ決済は電波の状況等で支払えない場合もある,611
g_8687,楽天ペイ,2023-11-18 12:12:31,使うたびにかなり待たされるのでレジでアプリが使えないことがしょっちゅう有りほとんど使っていない,レジでアプリが使えない,612
g_8688,楽天ペイ,2023-12-12 20:48:18,決済しようと起動すると必ずのようにブラウザによる広告表示,決済しようと起動すると必ずのようにブラウザによる広告表示,613
g_8690,楽天ペイ,2023-12-15 10:46:54,カスタマーセンターに問い合わせしたところ、結局使えないとのこと,カスタマーセンターに問い合わせしたところ、結局使えない,614
g_8694,楽天ペイ,2023-10-20 16:06:00,いちいちログインや、セキュリティを求められてスムーズに決済できない,いちいちログインや、セキュリティを求められてスムーズに決済できない,615
g_8698,楽天ペイ,2023-11-11 08:04:39,機能的にはとても良いと思いますが、お金を何かしらにチャージするときに動作が重いです,お金を何かしらにチャージするときに動作が重い,617
g_8699,楽天ペイ,2023-11-03 14:10:21,しかも、読み込みまでに偽のコード表示するから何度も連れや店員に何で出さないのて反応されるのが非常にイヤ,読み込みまでに偽のコード表示する,618
g_8703,楽天ペイ,2023-11-25 12:17:26,広告が表示されるまで使えないqrしか表示されない広告の表示が遅すぎて使えるqrの表示まで非常にストレスを感じる,広告が表示されるまで使えないqrしか表示されない広告の表示が遅すぎ,620
g_8704,楽天ペイ,2023-12-17 15:55:57,便利なアプリ何だけど細い所でストレスを感じる、いくつか改善点有,細い所でストレスを感じる,621
g_8708,楽天ペイ,2023-10-29 19:06:41,qrコード出るまでが遅い,qrコード出るまでが遅い,624
g_8709,楽天ペイ,2023-10-25 20:02:22,しかしながら、支払いカード・口座に楽天市場等で普段使用しているカード情報を設定しカード裏面のセキュリティコードを入力しても、カード利用不可のエラー,カード裏面のセキュリティコードを入力しても、カード利用不可のエラー,625
g_8711,楽天ペイ,2023-12-11 15:39:47,paypayは使用できるのに、楽天ペイが使用できないお店が多いのが、不満を強く感じます,paypayは使用できるのに、楽天ペイが使用できないお店が多い,626
g_8712,楽天ペイ,2023-12-08 10:48:21,楽天モバイル使用中で電波状態はそんなに悪くないのですが,楽天モバイル使用中で電波状態はそんなに悪くない,627
g_7872,楽天ペイ,2023-10-27 20:26:32,体感他の人が使っているときにバーコードが表示されない気がするedyを開くとしばらくお待ち下さいでアプリの再起動必須になる,バーコードが表示されない,628
g_8231,楽天ペイ,2023-12-15 08:21:50,バーコード決済出来ない機種教えて欲しい,バーコード決済出来ない,628
g_8352,楽天ペイ,2023-12-20 00:56:15,アプリ立ち上げてすぐのバーコードは読めない,バーコードは読めない,628
g_8467,楽天ペイ,2023-12-19 08:25:35,楽天ポイント使いたくても肝心なバーコード読み取り時に読み取れない他ペイに切り替え支払いオッケー,バーコード読み取り時に読み取れない,628
g_8487,楽天ペイ,2023-11-26 15:18:34,バーコード決済出来ない機種教えて欲しい,バーコード決済出来ない,628
g_8572,楽天ペイ,2023-11-04 17:42:45,決済で使う為に起動させたら、いつもと違って広告画面が表示され、バーコード表示に戻す手段の記載がなかった,バーコード表示に戻す手段の記載がなかった,628
g_8713,楽天ペイ,2023-10-11 10:06:25,バーコードが表示されないことが頻繁にあり、使い物にならない,バーコードが表示されない,628
g_8741,楽天ペイ,2023-11-04 16:10:35,楽天回線スマホで、電波は問題なくとも回線速度の問題なのか、アプリが重いのか分かりませんが、楽天ペイが使えるお店でもバーコード表示が出来ない、または遅くて表示されず使えないことが多々あり,バーコード表示が出来ない,628
g_8802,楽天ペイ,2023-11-22 14:26:04,アプリ立ち上げてすぐのバーコードは読めない,バーコードは読めない,628
g_8717,楽天ペイ,2023-10-27 11:20:15,通信系で問題が多過ぎます,通信系で問題が多過ぎます,629
g_8718,楽天ペイ,2023-10-27 11:20:15,suicaの夜間チャージに必ず失敗する2,suicaの夜間チャージに必ず失敗する,630
g_8719,楽天ペイ,2023-11-18 20:34:42,もう少し考えて欲しい,もう少し考えて欲しい,631
g_8723,楽天ペイ,2023-12-02 09:56:04,毎回ではなく、特定の店で勝手にポイントが使われる,特定の店で勝手にポイントが使われる,633
g_8726,楽天ペイ,2023-11-01 11:37:00,凄くクリックしにくい,クリックしにくい,634
g_8727,楽天ペイ,2023-10-28 19:08:04,肝心なとき、決済時に突然使えなくなることがある,決済時に突然使えなくなる,635
g_8046,楽天ペイ,2023-11-27 09:39:01,ぜひ改善を,ぜひ改善を,636
g_8103,楽天ペイ,2023-10-29 19:06:41,改善してください,改善してください,636
g_8152,楽天ペイ,2023-11-26 22:22:22,改善して,改善して,636
g_8179,楽天ペイ,2023-12-11 09:28:59,改善をお願いします,改善をお願いします,636
g_8383,楽天ペイ,2023-10-31 12:07:46,改善する気ある,改善する気ある,636
g_8453,楽天ペイ,2023-12-17 22:09:04,改善してください,改善してください,636
g_8534,楽天ペイ,2023-11-13 18:28:26,改善してください,改善してください,636
g_8544,楽天ペイ,2023-12-13 16:14:27,早期改善されることを願います,早期改善されることを願います,636
g_8728,楽天ペイ,2023-12-10 07:24:56,改善してください,改善してください,636
g_8731,楽天ペイ,2023-11-10 14:32:50,他のコード決済ではないのでこのアプリの欠陥だと思う,他のコード決済ではないのでこのアプリの欠陥,639
g_8732,楽天ペイ,2023-10-17 10:03:18,やる場合はクレカ登録を強制,クレカ登録を強制,640
g_8733,楽天ペイ,2023-10-14 20:10:03,ポイントカードもエラーが多いが輪をかけてペイ決済の時にエラー頻発,ポイントカードもエラーが多いが輪をかけてペイ決済の時にエラー頻発,641
g_8734,楽天ペイ,2023-11-15 11:49:34,買い物する時、登録して楽天pelに行けたのにいざキャッシュに入金したらpelで買えんようになってる,買い物する時、登録して楽天pelに行けたのにいざキャッシュに入金したらpelで買えんようになってる,642
g_8735,楽天ペイ,2023-10-22 18:29:43,いちいち機能検索が必要でユーザーインターフェースが落第点,いちいち機能検索が必要,643
g_8736,楽天ペイ,2023-11-29 21:59:20,スマホの機種変更したら登録カードの確認の手続きでワンタイムパスワードが届かないので楽天ペイ使えなくなりました,登録カードの確認の手続きでワンタイムパスワードが届かない,644
g_8738,楽天ペイ,2023-12-01 10:37:19,普通のedyアプリの方がぜんぜん使い勝手が良かったし、なぜかクレカからチャージができなくなり二度と使ってない,クレカからチャージができなくなり,646
g_8155,楽天ペイ,2023-10-16 13:12:42,使いやすいのは良いけど、瞬間チャージが楽天カードしか対応していないのがマイナス,瞬間チャージが楽天カードしか対応していない,647
g_8737,楽天ペイ,2023-10-24 20:00:10,今まで楽天キャッシュが簡単に送れたのに相手が楽天ペイアプリを利用してないと表示されメールでしか送れなくなった,相手が楽天ペイアプリを利用してないと表示されメールでしか送れなくなった,647
g_8739,楽天ペイ,2023-12-17 22:09:04,ポイントスクリーンをつかい楽天ポイントを溜めていたが、ある日楽天ペイアプリからしかポイントカードが表示できなくなり、イヤイヤインストール,楽天ペイアプリからしかポイントカードが表示できなくなり,647
g_8740,楽天ペイ,2023-10-12 23:59:19,・suicaチャージ時に指紋認証か暗証番号か選べるようにして下さい,suicaチャージ時に指紋認証か暗証番号か選べるようにして下さい,648
g_8742,楽天ペイ,2023-10-14 00:33:46,でもチャージが楽天銀行か楽天カードからなんて不便だ,チャージが楽天銀行か楽天カードからなんて不便,650
g_8744,楽天ペイ,2023-12-17 15:55:57,又類似のウィジェットの開発もしてもらいたい,類似のウィジェットの開発もしてもらいたい,652
g_8746,楽天ペイ,2023-10-18 14:34:16,ペイペイくらい普及したら楽天ペイペイに移行します,ペイペイくらい普及したら楽天ペイペイに移行します,653
g_8748,楽天ペイ,2023-10-09 16:01:44,アプリ内での楽天ポイントバーコードのみ、エラーが出やすい,アプリ内での楽天ポイントバーコードのみ、エラーが出やすい,654
g_8752,楽天ペイ,2023-10-30 09:50:14,最近クルクルなって使えない,クルクルなって使えない,655
g_8753,楽天ペイ,2023-11-23 11:06:43,使用上限等ややこしいなと思いました,使用上限等ややこしい,656
g_8754,楽天ペイ,2023-10-17 10:03:18,ごみ中のゴミ使えるとこ少ない,ごみ中のゴミ使えるとこ少ない,657
g_8755,楽天ペイ,2023-10-23 00:38:46,長い間アップデートをしてなかったリすると、今まで出て来てた物が出なくなる事もあって、アップデートをすると復元します,長い間アップデートをしてなかったリすると、今まで出て来てた物が出なくなる,658
g_8760,楽天ペイ,2023-10-19 01:20:42,上に表示されているので下にデカデカと表示しなくてよい,下にデカデカと表示しなくてよい,660
g_7877,楽天ペイ,2023-12-15 10:46:54,少し高額3万以内使おうと思ったらエラーが出ました,エラーが出ました,662
g_8483,楽天ペイ,2023-10-07 11:49:36,意味不明なエラー等が多いやはりpaypayを使おうと思ってしまう,意味不明なエラー等が多い,662
g_8765,楽天ペイ,2023-12-17 22:09:04,他の人が言うようにエラーだらけです,エラーだらけ,662
g_8778,楽天ペイ,2023-11-07 13:50:51,前にも同じエラーがおき利用しませんでした,エラー,662
g_8771,楽天ペイ,2023-12-17 15:55:57,・あと基本型とか言わずに送金が普通に出来ると嬉しい,基本型とか言わずに送金が普通に出来ると嬉しい,665
g_8776,楽天ペイ,2023-11-22 13:32:17,起動が遅すぎてイライラする、ポイント貯めようとしてバーコード表示したらエラーになるし使いにくすぎ,バーコード表示したらエラーになる,666
g_8777,楽天ペイ,2023-10-19 15:54:15,wifiでも楽天モバイル通信でも、起動してすぐ、インターネットに接続できないエラーで何も、出来ないこの端末では使わない方がいい,wifiでも楽天モバイル通信でも、起動してすぐ、インターネットに接続できない,667
g_8780,楽天ペイ,2023-12-06 00:30:09,支払いでポイントが使いにくく、ポイントでの買い物をさせたくないのが透けて見える,支払いでポイントが使いにくく,669
g_8781,楽天ペイ,2023-11-10 21:10:13,ノーコメント広告が激しいですね~,ノーコメント広告が激しい,670
g_8782,楽天ペイ,2023-10-24 10:09:30,なぜ通知を停止できないのか,通知を停止できない,671
g_8784,楽天ペイ,2023-11-05 13:34:26,機能がまだあまり理解出来ていないので、上手く使いこなせないですが、便利です,機能がまだあまり理解出来ていないので、上手く使いこなせない,672
g_8787,楽天ペイ,2023-12-02 09:56:04,ポイントはキャンペーンに使おうと思っていたのに、このアプリのせいでなくなった,ポイントはキャンペーンに使おうと思っていたのに、このアプリのせいでなくなった,673
g_8789,楽天ペイ,2023-11-25 15:03:55,エラーが起きてスマホの画面を確認しろと言われても画面に変化は無く、原因を特定させる気も無いらしい,エラーが起きてスマホの画面を確認しろと言われても画面に変化は無く,674
g_8795,楽天ペイ,2023-10-10 14:17:07,wポイントの使い方は、使いづらいのでできていない,wポイントの使い方は、使いづらい,675
g_8800,楽天ペイ,2023-11-13 07:01:00,アプリはいいが、利用したあとのお知らせメールがあまりにも遅すぎる,利用したあとのお知らせメールがあまりにも遅すぎる,676
g_8803,楽天ペイ,2023-10-14 14:17:12,レジの前でめちゃ時間かかる,レジの前でめちゃ時間かかる,678
g_8807,楽天ペイ,2023-11-26 11:04:44,アプリを開こうとすると毎回e00002と表示され使えません,アプリを開こうとすると毎回e00002と表示され使えません,680
g_8808,楽天ペイ,2023-10-04 09:01:18,お気に入りを設定できるが、なぜかワンタッチで簡単に消えてしまう,ワンタッチで簡単に消えてしまう,681
g_8546,楽天ペイ,2023-10-28 22:24:50,数日前にandroid14にバージョンアップしたところ、suicaのチャージができなくなりました,suicaのチャージができなくなりました,683
g_8811,楽天ペイ,2023-10-20 10:16:32,suicaにチャージできなくなるエラーも相変わらず頻発していて、常に多めにチャージしておかないと外出先で詰む,suicaにチャージできなくなるエラー,683
g_8812,楽天ペイ,2023-11-23 06:47:22,まだ楽天カードが一枚も届いてないので期限が分からなかった,楽天カードが一枚も届いてないので期限が分からなかった,684
g_8813,楽天ペイ,2023-11-19 21:41:31,ポイントカードの機能がアプリ内にあるのはいいが、支払い用とは別タブなので両方を1タブに出す様にしてくれないと不便,支払い用とは別タブなので両方を1タブに出す様にしてくれないと不便,685
g_8814,楽天ペイ,2023-10-25 16:14:07,ウィジェット機能を追加して、アプリ画面を開かずにホーム画面でqrコードやバーコードを表示出来るようにしてほしい,アプリ画面を開かずにホーム画面でqrコードやバーコードを表示出来るようにしてほしい,686
g_8818,楽天ペイ,2023-12-06 00:22:51,ポイントカードのタップしてバーコードを表示のロジックが入ってから表示しない事が多くなった,ポイントカードのタップしてバーコードを表示のロジックが入ってから表示しない,687
g_8819,楽天ペイ,2023-11-18 22:11:05,一生続くサービスを提供できるようになってほしいですね,一生続くサービスを提供できるようになってほしい,688
g_7602,楽天ペイ,2023-12-06 10:06:54,入力がしにくい所がありました,入力がしにくい,689
g_7658,楽天ペイ,2023-10-14 20:10:03,とにかく反応が遅いし少しでも電波が悪いとお手上げ,反応が遅い,689
g_7780,楽天ペイ,2023-10-16 15:07:19,または遅い,遅い,689
g_7883,楽天ペイ,2023-10-12 16:40:13,良く解りませんので,良く解りません,689
g_7905,楽天ペイ,2023-12-15 13:05:31,起動が遅すぎてイライラする遅すぎて後ろの人にもコンビニ店員にも迷惑がかかった改善しないなら他の決済を使用した方がいい,起動が遅すぎ,689
g_7959,楽天ペイ,2023-12-12 09:21:22,繋がりが遅いです,繋がりが遅い,689
g_8234,楽天ペイ,2023-12-01 13:59:22,あと、読み込みが遅いのでこちらのかざし方が悪いみたいに言われがちで気分が悪い,読み込みが遅い,689
g_8297,楽天ペイ,2023-10-04 18:33:03,起動が遅い、広告やメニューなど不要な物はトップページから無くして欲しい,起動が遅い,689
g_8316,楽天ペイ,2023-12-06 18:11:28,立ち上げが遅い,立ち上げが遅い,689
g_8332,楽天ペイ,2023-10-21 23:55:50,場所によっては、つながりにくいのでそれさえなければ良いと思う,つながりにくい,689
g_8359,楽天ペイ,2023-10-06 11:57:33,便利に使用しているので不便でした,不便,689
g_8559,楽天ペイ,2023-10-29 19:06:41,遅すぎる時はイライラする,遅すぎる,689
g_8675,楽天ペイ,2023-11-01 12:14:07,使いにくい,使いにくい,689
g_8696,楽天ペイ,2023-12-02 19:22:01,ちょっと立ち上がりが遅かった,立ち上がりが遅かった,689
g_8722,楽天ペイ,2023-11-19 12:20:04,不便なので、早く改善してもらいたいです,不便,689
g_8729,楽天ペイ,2023-10-01 00:11:50,反応が悪い,反応が悪い,689
g_8820,楽天ペイ,2023-10-20 15:57:06,元々、使いやすいエディだけ使っていたので楽天ペイは申し訳ないが使いにくい,使いにくい,689
g_8821,楽天ペイ,2023-11-25 21:03:45,また、どのようにしてポイントを増やせるのか教えて下さい,ポイントを増やせるのか,690
g_8822,楽天ペイ,2023-10-29 22:54:02,"通話なしのsimだが,機種変更して再登録しようとしたら通話機機能がないと使えない仕様になってて使用不能になった切り捨てられてしまったのでどうにもならない,さようなら",通話機機能がないと使えない仕様になってて使用不能になった,691
g_8823,楽天ペイ,2023-12-10 18:05:15,edyに切り替えようとすると固まって動かなくなる,edyに切り替えようとすると固まって動かなくなる,692
g_8826,楽天ペイ,2023-10-27 10:24:29,使用出来ない店があるのでペイペイと併用して使っています,使用出来ない店がある,694
g_8831,楽天ペイ,2023-10-21 23:32:24,期間限定ポイントのみ使うと言う選択肢があると良い,期間限定ポイントのみ使うと言う選択肢があると良い,696
g_8833,楽天ペイ,2023-10-29 06:07:00,他の動画が観れない,他の動画が観れない,697
g_8835,楽天ペイ,2023-10-04 00:19:50,モバイルsuicaのチャージを楽天カード以外でも出来るようにしてください,モバイルsuicaのチャージを楽天カード以外でも出来るようにしてください,698
g_7586,楽天ペイ,2023-12-01 19:27:28,コード決済は問題なく表示されるのに、ポイントカードは更新できませんでしたと表示できないことが多々ある,ポイントカードは更新できませんでしたと表示できない,699
g_7650,楽天ペイ,2023-11-23 14:46:47,ポイントカードが表示されないことが多発する,ポイントカードが表示されない,699
g_7789,楽天ペイ,2023-11-12 18:50:30,楽天ペイじゃないとポイントバーコード出せないとかゴミいらんポイントカード作ってでも利用価値無い物はいらないアンインストール,ポイントバーコード出せない,699
g_7916,楽天ペイ,2023-11-18 20:34:42,ポイントカードが必要な時に表示されず,ポイントカードが必要な時に表示されず,699
g_8000,楽天ペイ,2023-12-08 15:25:40,ただ、ポイントカードが表示されないことがある為、星1つ減らします,ポイントカードが表示されない,699
g_8030,楽天ペイ,2023-10-23 20:14:40,高齢者にはポイントカードつくれなかった,ポイントカードつくれなかった,699
g_8259,楽天ペイ,2023-10-29 14:56:27,android14にあがってしまうと・ポイントカード表示できない・suica夜間チャージ失敗が頻発し・強制ログアウト・店側で決済失敗が時と生じる,ポイントカード表示できない,699
g_8595,楽天ペイ,2023-12-13 19:10:35,楽天市場アプリ、ポイントスクリーンアプリでポイントカードのバーコードが表示されなくなった,ポイントカードのバーコードが表示されなくなった,699
g_8605,楽天ペイ,2023-10-19 12:56:01,時々、ポイントが表示されなくなりますが、それ以外は良いと思います,ポイントが表示されなくなります,699
g_8836,楽天ペイ,2023-11-06 19:52:58,テザリングonだと、ポイントカードのバーコードが表示されない、と書きましたがoffにしてもやっぱりだめでしたレジで表示されず、会計が終わってから確認すると表示される等改悪過ぎて使いたくない,ポイントカードのバーコードが表示されない,699
g_8838,楽天ペイ,2023-11-26 22:22:22,また、楽天ペイ、edyの起動が遅い,楽天ペイ、edyの起動が遅い,700
