t_3509152,paypay,2021-12-15T08:42:28.000Z,paypay本位制推進論ちょいちょいみるけど、基本的に三菱ufjユーザーがアクセスできない致命的欠陥があるのでダメワオはyahooマネー時代から継続してるのでufjだけど使えてるけど,三菱ufjユーザーがアクセスできない
t_3509388,paypay,2021-12-07T22:35:30.000Z,が、メインバンク登録出来なくて,が、メインバンク登録出来なくて
t_3510332,paypay,2021-12-05T03:51:34.000Z,paypay企画できません,paypay企画できません
t_3510344,paypay,2021-12-03T12:07:27.000Z,今までd払いとかペイペイ使ってた人がauペイ使ったら画面の情報量がクソ多い,画面の情報量がクソ多い
t_3510420,paypay,2021-12-13T03:43:17.000Z,多分ホームのスーパーだと楽天payは使えなくてedyしか使えないとか、,楽天payは使えなくてedyしか使えない
t_3510539,paypay,2021-12-04T10:54:46.000Z,録り溜めしたものになるので構図指定は出来ませんᴗ̫ᴗ,録り溜めしたものになるので構図指定は出来ません
t_3510658,paypay,2021-12-06T21:41:15.000Z,最近paypayでばっかりガソリン代支払ってたのに、クレジットカードにガソリン代の請求が大量に来るっていう地味に嫌な夢見た,クレジットカードにガソリン代の請求が大量に来る
t_3511269,paypay,2021-12-15T03:02:25.000Z,paypayの倍企画で詐欺られました,paypayの倍企画で詐欺られました
t_3511385,paypay,2021-12-14T03:10:11.000Z,paypayカードになってetcなくなってて草,paypayカードになってetcなくなってて
t_3511853,paypay,2021-12-04T03:49:33.000Z,paypayカードに変わって、tポイント付かなくなるのか,paypayカードに変わって、tポイント付かなくなるのか
t_3511909,paypay,2021-12-05T04:59:56.000Z,lohacopaypayモールでグーン買えなかった,lohacopaypayモールでグーン買えなかった
t_3512454,paypay,2021-12-06T14:59:48.000Z,吃音のせいで出来ないこと:支払いにpaypay使いたいけどpaypayって単語が言いづらくて難発気味になるのでいつも諦めてしまう,[UNK]のせいで出来ないこと:支払いにpaypay使いたいけどpaypayって単語が言いづらくて
t_3512486,paypay,2021-12-05T01:23:23.000Z,paypayの表示名変えようとするとエラーになるんだけどなんで,paypayの表示名変えようとするとエラーになる
t_3512578,paypay,2021-12-06T20:08:17.000Z,ヤフオクとpaypayフリマは匿名配送は発送したら勝手に通知されるのにメルカリは発送ボタン押さないとダメだから自動にならないかな〜と思ってる,
t_3512692,paypay,2021-12-13T14:30:27.000Z,paypayカードを作ったはいいものの、マネーフォワードに対応してなかった,マネーフォワードに対応してなかった
t_3512732,paypay,2021-12-13T13:03:35.000Z,paypayの倍企画で詐欺られました,paypayの倍企画で詐欺られました
t_3513287,paypay,2021-12-15T06:13:22.000Z,paypay証券でsp500買おうとしたら、在庫不足とか言われた,paypay証券でsp500買おうとしたら、在庫不足
t_3514571,paypay,2021-12-05T08:07:29.000Z,aupayと同じになってなんか罠くさい,
t_3514930,paypay,2021-12-06T03:08:40.000Z,セブンイレブンのクソみたいなwi-fiに接続しようとしてpaypay読み込まないの嫌いすぎる,セブンイレブンのクソみたいなwi-fiに接続しようとしてpaypay読み込まない
t_3514945,paypay,2021-12-14T01:37:27.000Z,lineもブロックされてます,lineもブロックされてます
t_3515377,paypay,2021-12-05T04:56:48.000Z,余ってる方や同行などで来れなくなった,余ってる方や同行などで来れなくなった
t_3515539,paypay,2021-12-03T12:58:43.000Z,スーパーでpaypayとか楽天ペイとか使うようになったらいかんな,スーパーでpaypayとか楽天ペイとか使うようになったらいかんな
t_3515788,paypay,2021-12-03T01:37:36.000Z,本人確認しないと銀行口座からチャージできないはずですけど,
t_3515814,paypay,2021-12-08T22:02:25.000Z,paypayの倍企画で詐欺られました,paypayの倍企画で詐欺られました
t_3515856,paypay,2021-12-13T04:05:31.000Z,paypayが特殊な書体で表記されてると、急に知らないサービスに見える問題,
t_3515866,paypay,2021-12-06T14:01:27.000Z,シチュアシオン物販がとうとうpaypayまで使えるようになって完全に死角なしになった,シチュアシオン物販がとうとうpaypayまで使えるようになって完全に死角なしになった
t_3515953,paypay,2021-12-13T15:04:52.000Z,paypayの倍企画で詐欺られました,paypayの倍企画で詐欺られました
t_3516018,paypay,2021-12-13T15:13:44.000Z,usmhのヴィンクスposだとコード決済連動してるのに、マルエツのダイエーposだと未だに連動できてないとか、イオンのresmexレジだとpaypay/aeonpay/wechat/alipayの4つ以外連動できてないとか,usmhのヴィンクスposだとコード決済連動してるのに、マルエツのダイエーposだと未だに連動できてない
t_3516182,paypay,2021-12-13T18:01:37.000Z,paypayの倍企画で詐欺られました,paypayの倍企画で詐欺られました
t_3517035,paypay,2021-12-04T07:03:51.000Z,ufjも楽天銀行も使えないのでpaypay使えないおわおわり,
t_3517039,paypay,2021-12-03T07:49:24.000Z,paypayの検索全然機能してくれなくて泣きそう,paypayの検索全然機能してくれなくて
t_3517250,paypay,2021-12-13T21:03:23.000Z,paypayの倍企画で詐欺られました,paypayの倍企画で詐欺られました
t_3517577,paypay,2021-12-14T14:52:57.000Z,確認コードがsmsで届かない,確認コードがsmsで届かない
t_3517691,paypay,2021-12-15T10:02:10.000Z,paypayの倍企画で詐欺られました,paypayの倍企画で詐欺られました
t_3518017,paypay,2021-12-03T00:32:28.000Z,病院に来てるけどこんなにも電波au悪かったかな,病院に来てるけどこんなにも電波au悪かった
t_3518601,paypay,2021-12-15T02:00:48.000Z,paypayの倍企画で詐欺られました,paypayの倍企画で詐欺られました
t_3518704,paypay,2021-12-15T16:10:32.000Z,それとpaypayは利用していないので、モチベーションの維持にもしんどくなってきてしまいました,それとpaypayは利用していないので、モチベーションの維持にもしんどくなってきてしまいました
t_3518744,paypay,2021-12-07T01:19:37.000Z,スイカ、エディ等の電子マネーは使用できません,スイカ、エディ等の電子マネーは使用できません
t_3519053,paypay,2021-12-07T09:24:51.000Z,コークオンのチケット使い方わからんくてせっかくチケット貯まったから使おうと思ったら謎にpaypayで払ってしまって最悪,コークオンのチケット使い方わからん
t_3519523,paypay,2021-12-13T10:02:09.000Z,paypayの倍企画で詐欺られました,paypayの倍企画で詐欺られました
t_3519553,paypay,2021-12-14T22:01:39.000Z,paypayの倍企画で詐欺られました,paypayの倍企画で詐欺られました
t_3519580,paypay,2021-12-15T04:02:21.000Z,paypayの倍企画で詐欺られました,paypayの倍企画で詐欺られました
t_3519816,paypay,2021-12-15T03:55:28.000Z,財布のチャックにレシートが絡んじゃって一時的に開かんくなったこういう時paypayが第2の財布でありがたやって思うわ〜,財布のチャックにレシートが絡んじゃって一時的に開かんくなった
t_3519998,paypay,2021-12-07T03:39:11.000Z,paypay登録するのめんどくさいな,paypay登録するのめんどくさい
t_3520358,paypay,2021-12-06T11:56:22.000Z,レジスター切り替えのためキャッシュレス決済はpaypayqr読み取りタイプだけだったわ,レジスター切り替えのためキャッシュレス決済はpaypayqr読み取りタイプだけだった
t_3520593,paypay,2021-12-06T11:01:47.000Z,paypayの倍企画で詐欺られました,paypayの倍企画で詐欺られました
t_3520946,paypay,2021-12-06T02:36:48.000Z,ビーバーチケット譲っていただく方と連絡取れなくなり困っております,
t_3521168,paypay,2021-12-05T08:01:38.000Z,paypayの倍企画で詐欺られました,paypayの倍企画で詐欺られました
t_3521593,paypay,2021-12-13T09:45:44.000Z,twitter、paypayのqrコード溢れすぎててキモくなってきた,twitter、paypayのqrコード溢れすぎててキモくなってきた
t_3521940,paypay,2021-12-08T04:16:41.000Z,カード利用分として口座から引き落とされる、というのがなかなか伝わらなくて困った,カード利用分として口座から引き落とされる、というのがなかなか伝わらなくて
t_3522126,paypay,2021-12-07T08:01:04.000Z,メンテナンスのため以下の期間、paypay銀行・セブン銀行・住信sbiネット銀行を利用したマイビットキャッシュへのチャージが行えません,paypay銀行・セブン銀行・住信sbiネット銀行を利用したマイビットキャッシュへのチャージが行えません
t_3522524,paypay,2021-12-13T13:50:09.000Z,こっちから何も言ってないのに勝手に動画送ってきて送金しなかったらブロックしてくるやつ訳分からんすぎやろしょーもな,勝手に動画送ってきて送金しなかったらブロックしてくる
t_3522709,paypay,2021-12-13T09:40:40.000Z,paypayカードでjcbのタッチ決済やってみたら普通にできたけど、ザクラスではうまくいかない事象があるのか,paypayカードでjcbのタッチ決済やってみたら普通にできたけど、ザクラスではうまくいかない事象があるのか
t_3522863,paypay,2021-12-13T07:44:51.000Z,シャトレーゼpaypay使えなくて鬱,シャトレーゼpaypay使えなくて
t_3523617,paypay,2021-12-04T09:01:21.000Z,paypayの倍企画で詐欺られました,paypayの倍企画で詐欺られました
t_3523801,paypay,2021-12-07T12:32:27.000Z,lineにpaypay欲しいな,lineにpaypay欲しい
t_3524338,paypay,2021-12-04T16:02:39.000Z,paypayの倍企画で詐欺られました,paypayの倍企画で詐欺られました
t_3525249,paypay,2021-12-15T06:00:44.000Z,paypayの倍企画で詐欺られました,paypayの倍企画で詐欺られました
t_3525403,paypay,2021-12-03T16:32:11.000Z,tポイント使えなくなるのか,tポイント使えなくなるのか
t_3525463,paypay,2021-12-15T12:41:00.000Z,これからも企画していくので通知onしてくれたら嬉しいです,これからも企画していくので通知onしてくれたら嬉しい
t_3525470,paypay,2021-12-14T00:46:01.000Z,こまめにチェックしてるけど、paypayボーナス運用の画面重いから通知機能ほんとほしいな,こまめにチェックしてるけど、paypayボーナス運用の画面重いから通知機能ほんとほしい
t_3525488,paypay,2021-12-15T03:22:33.000Z,ペイペイモールとかで注文した商品て基本発送までがかなり遅い、、paypayのキャンペーンで注文とか一気に増える関係もあるんだろうけどとりあえず早く送って欲しい,ペイペイモールとかで注文した商品て基本発送までがかなり遅い
t_3525692,paypay,2021-12-05T21:13:39.000Z,それかさ、デビットカード出してる会社とpaypayとか提携してpaypay残高をデビットにチャージとかできるようにしてくんないかな,それかさ、デビットカード出してる会社とpaypayとか提携してpaypay残高をデビットにチャージとかできるようにしてくんないかな
t_3525850,paypay,2021-12-06T00:45:45.000Z,配布、当選報告に時間がかかる事があります,配布、当選報告に時間がかかる
t_3526557,paypay,2021-12-03T02:37:35.000Z,あとは、いま洗濯ハンガー一個でいっぱい干せるタイプがどんどん挟むとか壊れてしまって不便なので,洗濯ハンガー一個でいっぱい干せるタイプがどんどん挟むとか壊れてしまって不便
t_3527160,paypay,2021-12-08T09:01:03.000Z,paypayの倍企画で詐欺られました,paypayの倍企画で詐欺られました
t_3527238,paypay,2021-12-15T10:37:37.000Z,スーパーのオーケーが対象なのに、はまpay決済のみとか現状いろいろ残念です,スーパーのオーケーが対象なのに、はまpay決済のみとか現状
t_3527419,paypay,2021-12-15T09:42:33.000Z,paypayサポート様が調べてくださった結果私の友達の数が多すぎて登録できない現象が起きている,paypayサポート様が調べてくださった結果私の友達の数が多すぎて登録できない
t_3527462,paypay,2021-12-04T23:05:49.000Z,腹が減っては戦はできぬ,
t_3528122,paypay,2021-12-08T00:42:39.000Z,1度催促ではないんですが再度リプお送りしたのも反応無かったです,1度催促ではないんですが再度リプお送りしたのも反応無かった
t_3528151,paypay,2021-12-08T12:01:43.000Z,paypayの倍企画で詐欺られました,paypayの倍企画で詐欺られました
t_3528397,paypay,2021-12-03T11:15:32.000Z,甥姪のお年玉の新札を揃えるのがめんどくさい,甥姪のお年玉の新札を揃えるのがめんどくさい
t_3528473,paypay,2021-12-08T04:35:30.000Z,1年後くらいにyahooカードがpaypayカードに強制的に切り替わることになってるらしいが、tポイントカード機能がなくなるのが痛いな,tポイントカード機能がなくなる
t_3528482,paypay,2021-12-08T13:00:44.000Z,paypayの倍企画で詐欺られました,paypayの倍企画で詐欺られました
t_3529390,paypay,2021-12-08T07:48:31.000Z,ヨドバシカメラpaypay使えなかったwwwwww,ヨドバシカメラpaypay使えなかった
t_3529683,paypay,2021-12-08T03:03:05.000Z,paypayの倍企画で詐欺られました,paypayの倍企画で詐欺られました
t_3529847,paypay,2021-12-05T11:50:44.000Z,できなくて、少し悲しいんですよねw,できなくて
t_3529857,paypay,2021-12-07T08:35:57.000Z,paypayのマップで30%付与というお店を検索して、利用したのにpaypayでの支払いができないと言われた,paypayのマップで30%付与というお店を検索して、利用したのにpaypayでの支払いができない
t_3530515,paypay,2021-12-04T02:07:38.000Z,lineカメラでスタンプ買いたいからpaypayと接続しようとしてるのに上手くいかない*́・ω・`*グスン,lineカメラでスタンプ買いたいからpaypayと接続しようとしてるのに上手くいかない
t_3530666,paypay,2021-12-07T07:49:04.000Z,ヤフオクにて落札された商品の売上金をpaypayにチャージ完了わず☆,ヤフオクにて落札された商品の売上金をpaypayにチャージ完了わず
t_3530987,paypay,2021-12-07T02:01:57.000Z,paypayの倍企画で詐欺られました,paypayの倍企画で詐欺られました
t_3531595,paypay,2021-12-08T07:58:32.000Z,paypalの使い方が分からなくて,paypalの使い方が分からなくて
t_3532206,paypay,2021-12-05T11:40:08.000Z,基本日本語が通じないっぽいので業者との英文やりとりがめんどくさかったですが、どっかの遅いオンカジより全然速い,基本日本語が通じないっぽいので業者との英文やりとりがめんどくさかった
t_3532328,paypay,2021-12-13T12:04:02.000Z,クレジットカード作る度、さぞ便利だろうと思って1枚ずつブランド変えたんだけど、めちゃくちゃ不便だった,クレジットカード作る度、さぞ便利だろうと思って1枚ずつブランド変えたんだけど、めちゃくちゃ不便だった
t_3532760,paypay,2021-12-13T11:30:59.000Z,paypayアカウントが一時的に使えません、エラーで使えなくなって3日目,paypayアカウントが一時的に使えません
t_3533358,paypay,2021-12-15T09:42:53.000Z,不定期開催の受注生産ではpaypay対応しておりません,不定期開催の受注生産ではpaypay対応しておりません
t_3533453,paypay,2021-12-03T11:07:15.000Z,paypayって同士じゃないと送金できないのかな,paypayって同士じゃないと送金できないのかな
t_3534486,paypay,2021-12-03T10:17:45.000Z,paypay、パターンのキーが出るのにスワイプ出来なくてクソ腹たった,paypay、パターンのキーが出るのにスワイプ出来なくて
t_3534496,paypay,2021-12-03T04:59:21.000Z,チャージ用の銀行はなぜかチャージが出来なくなってるし,チャージ用の銀行はなぜかチャージが出来なくなってる
t_3534702,paypay,2021-12-08T12:32:46.000Z,ポイントのとこにも履歴のとこにも見当たらんなぁ,ポイントのとこにも履歴のとこにも見当たらん
t_3534891,paypay,2021-12-07T03:57:57.000Z,財布忘れたからpaypayしようと思ったのに残高足りなくて口座にお金入ってなくてチャージもできん߹𖥦߹,残高足りなくて口座にお金入ってなくてチャージもできん
t_3535529,paypay,2021-12-08T15:18:58.000Z,paypayとか使えねぇの不便,paypayとか使えねぇ
t_3535548,paypay,2021-12-15T10:58:25.000Z,バリスタもアプリ使えなかったし,バリスタもアプリ使えなかった
t_3535929,paypay,2021-12-06T03:23:36.000Z,今までsb携帯契約でごちゃごちゃあり、paypayやyahooの連携が取れず、携帯ショップに行っては、無理だとあしらわれて話も聞いてもらえず、1年間もやもやしてた,paypayやyahooの連携が取れず
t_3536156,paypay,2021-12-06T23:26:58.000Z,コンビニでpaypayなかなか起動できひんし最悪,コンビニでpaypayなかなか起動できひんし最悪
t_3536311,paypay,2021-12-05T02:24:49.000Z,カメラのキタムラのpaypayモール店は店舗受け取りできないのか,カメラのキタムラのpaypayモール店は店舗受け取りできないのか
t_3536332,paypay,2021-12-13T02:27:33.000Z,何ヶ月たっても返事が来なくて,何ヶ月たっても返事が来なくて
t_3536669,paypay,2021-12-15T12:02:42.000Z,paypayの倍企画で詐欺られました,paypayの倍企画で詐欺られました
t_3536724,paypay,2021-12-07T10:17:44.000Z,12月入ったあたりからワイモバがとてつもなく遅くなる時が頻発してる,ワイモバがとてつもなく遅くなる
t_3537881,paypay,2021-12-15T12:54:13.000Z,フリマ系は手元に在庫がないと出品できないルールのとこが多いと思うので、既出3がラクマ、メルカリ、paypayフリマなどに出品されるまで、まだ数日かかるのではないでしょうか,フリマ系は手元に在庫がないと出品できないルールのとこが多い
t_3538076,paypay,2021-12-04T05:02:12.000Z,paypayの倍企画で詐欺られました,paypayの倍企画で詐欺られました
t_3538116,paypay,2021-12-04T15:53:09.000Z,ヤフーショッピングの購入画面で支払い方法が毎回クレジットカード払いに設定されてるんだけど、ポイント還元率下がるから全額paypay支払いに設定できないのかな,ヤフーショッピングの購入画面で支払い方法が毎回クレジットカード払いに設定されてるんだけど、ポイント還元率下がるから全額paypay支払いに設定できないのかな
t_3538364,paypay,2021-12-08T05:57:00.000Z,まともに動かないpaypayアプリって本当にアレね,
t_3538489,paypay,2021-12-06T07:25:19.000Z,昨日まではwifiない場所でline、twitter、paypay、safariあたりが全滅で外おったらガラケーの機能しか使えんかった,ガラケーの機能しか使えんかった
t_3538696,paypay,2021-12-14T03:58:44.000Z,280blockerとadguardpro併用でクソウザい広告全消去で使えてるんだけど、adguardproが有効だと最近paypayがエラー出して使えなくて参る,adguardproが有効だと最近paypayがエラー出して使えなくて参る
t_3538775,paypay,2021-12-03T07:44:04.000Z,・ホットペッパーが、ディナーもランチも、席のみ予約でポイント獲得できるようハードルを激下げ,ホットペッパーが、ディナーもランチも、席のみ予約でポイント獲得できるようハードルを激下げ
t_3538937,paypay,2021-12-08T04:05:06.000Z,paypayの倍企画で詐欺られました,paypayの倍企画で詐欺られました
t_3539246,paypay,2021-12-06T00:50:43.000Z,4gの電波悪すぎて、paypay使えん、、、,4gの電波悪すぎて、paypay使えん
t_3539822,paypay,2021-12-05T15:02:34.000Z,paypayの倍企画で詐欺られました,paypayの倍企画で詐欺られました
t_3539911,paypay,2021-12-14T10:01:33.000Z,paypayの倍企画で詐欺られました,paypayの倍企画で詐欺られました
t_3539940,paypay,2021-12-04T09:24:30.000Z,paypay使うだけなのに時間かかる,paypay使うだけなのに時間かかる
t_3540158,paypay,2021-12-05T04:34:16.000Z,ケンタッキーで会計直前にpaypayの50%付与クーポンがあるの気付いて取得しようとしたらソフトバンクのログインとか必要で鬼面倒な感じだったのでakiraメタ,ケンタッキーで会計直前にpaypayの50%付与クーポンがあるの気付いて取得しようとしたらソフトバンクのログインとか必要で鬼面倒
t_3540450,paypay,2021-12-04T17:46:26.000Z,paypayボーナス入ってるかな〜^^って思って支払い画面開いたら画面クソ明るくなって目殺してくるの修正してくれー,画面クソ明るくなって目殺してくる
t_3540605,paypay,2021-12-04T07:43:07.000Z,サブ側にpaypay入れてトライしたら、エラーとなる,サブ側にpaypay入れてトライしたら、エラーとなる
t_3541160,paypay,2021-12-07T06:59:18.000Z,近所にカナートとナショナルしかなくてナショナルはコード決済paypayしかできひんし店内にあるatmでチャージできひんしそもそも品数少ない,
t_3541161,paypay,2021-12-05T23:02:13.000Z,paypayの倍企画で詐欺られました,paypayの倍企画で詐欺られました
t_3541288,paypay,2021-12-13T04:41:41.000Z,yahooカード→paypayカードになってしまい、物理tカードが無くなってしまうので、tカードprimeを今年最後のクレカ発行案件として,yahooカード→paypayカードになってしまい、物理tカードが無くなってしまう
t_3541739,paypay,2021-12-07T01:01:44.000Z,paypayの倍企画で詐欺られました,paypayの倍企画で詐欺られました
t_3541766,paypay,2021-12-06T07:06:22.000Z,yahooカードがpaypayカードに強制的に切り替わるのに伴いtポイントが付かなくなるとの事,
t_3542685,paypay,2021-12-06T13:02:46.000Z,只今アクセスが集中しており、一時的にpaypayがご利用できない状態となっております,アクセスが集中しており、一時的にpaypayがご利用できない状態となっております
t_3542818,paypay,2021-12-13T16:49:47.000Z,paypay、いつの間にかほとんどのクレジットカードからポイントどころかチャージそのものができなくなってて、一瞬で使う気をなくしたよね,いつの間にかほとんどのクレジットカードからポイントどころかチャージそのものができなくなってて
t_3543028,paypay,2021-12-04T08:01:19.000Z,paypayの倍企画で詐欺られました,paypayの倍企画で詐欺られました
t_3543077,paypay,2021-12-14T05:32:49.000Z,アプリで買おうとしたらログインできなくて、新規登録しようとしたらアドレスが過去に登録してあるってなって、パスワード問い合わせしようとしたらアドレスが登録されてないってなって、,ログインできなくて、新規登録しようとしたらアドレスが過去に登録してあるってなって、パスワード問い合わせしようとしたらアドレスが登録されてないってなって
t_3543186,paypay,2021-12-05T03:02:22.000Z,paypayの倍企画で詐欺られました,paypayの倍企画で詐欺られました
t_3543656,paypay,2021-12-14T16:31:47.000Z,paypay倍企画という詐欺が横行しているそうです,paypay倍企画
t_3543989,paypay,2021-12-04T11:23:45.000Z,こんなメールがくるけど、セブンアプリにpaypayを紐付けてから全然ナナコを使わなくなった,
t_3544076,paypay,2021-12-05T00:05:00.000Z,障害物の位置がやらしすぎる,障害物の位置がやらしすぎる
t_3544085,paypay,2021-12-07T23:04:01.000Z,の中に入れるのがめんどくさいの,の中に入れるのがめんどくさい
t_3544577,paypay,2021-12-04T06:30:49.000Z,朝の株価確認できなかった,朝の株価確認できなかった
t_3545661,paypay,2021-12-03T02:58:48.000Z,現金派の友人とご飯行ったとき現金で割り勘するのクソめんどくさい,現金派の友人とご飯行ったとき現金で割り勘するのクソめんどくさい
t_3545692,paypay,2021-12-13T04:00:18.000Z,とりあえずもう申し込んで今はカード待ちだけど、番号開示されてるのでそれをpaypayにもう入れてカード決済出来てるのでめちゃくちゃ楽,とりあえずもう申し込んで今はカード待ちだけど、番号開示されてるのでそれをpaypayにもう入れてカード決済出来てるのでめちゃくちゃ楽
t_3545996,paypay,2021-12-14T07:26:18.000Z,電波がなくなったら無理だよね,電波がなくなったら無理
t_3546185,paypay,2021-12-06T08:24:22.000Z,paypayで3000円以上ならポイントもらえるからギリギリ目指してたら3700円になってしまった,paypayで3000円以上ならポイントもらえるからギリギリ目指してたら3700円になってしまった
t_3546309,paypay,2021-12-08T13:06:46.000Z,またpaypayの不備で出金が出来なくなっている為メルカリでのお取引になってしまいますがよろしいでしょうか,paypayの不備で出金が出来なくなっている
t_3548071,paypay,2021-12-13T03:51:06.000Z,paypayのミニアプリからuberで注文してたんですが、何故かアクセスしようとすると処理が完了しませんとか出るんですが、何が原因ですか,アクセスしようとすると処理が完了しませんとか出る
t_3548350,paypay,2021-12-13T04:57:53.000Z,paypayはめちゃくちゃお得に見せかけて実はお得な期間中だけボーナスポイント上限を低く設けてたり、還元率アップのための条件を複雑かつ厳しくしてたり、実店舗で使おうとしたらその店はpaypay導入してなくて使えなかったり、すきあらば情弱を振り落とそうとしてくるから油断ならん,paypayはめちゃくちゃお得に見せかけて実はお得な期間中だけボーナスポイント上限を低く設けてたり、還元率アップのための条件を複雑かつ厳しくしてたり、実店舗で使おうとしたらその店はpaypay導入してなくて使えなかったり
t_3548530,paypay,2021-12-05T04:06:33.000Z,昨日やっとこ気がついたんだけど、ペイペイ銀行元ジャパンネット銀行のトークンが使えなくなってた,ペイペイ銀行元ジャパンネット銀行のトークンが使えなくなってた
t_3548554,paypay,2021-12-08T15:42:51.000Z,freewi-fiもあるにはあるが定員が低めに設定されてるっぽくてすぐに蹴られる,定員が低めに設定されてるっぽくてすぐに蹴られる
t_3548866,paypay,2021-12-04T06:49:34.000Z,駄菓子屋でpaypay使えなかった,駄菓子屋でpaypay使えなかった
t_3550091,paypay,2021-12-05T03:29:58.000Z,paypayチャージできないくそ^_^;,
t_3550292,paypay,2021-12-06T11:48:30.000Z,そろそろpaypay登録せなあかんな,そろそろpaypay登録せなあかんな
t_3550595,paypay,2021-12-03T11:47:52.000Z,最近思うpaypayのとき反応早くない,最近思うpaypayのとき反応早くない
t_3551221,paypay,2021-12-13T14:42:09.000Z,paypayも使えなくて泣いた,paypayも使えなくて
t_3551415,paypay,2021-12-05T02:22:17.000Z,6gramからのpaypay、paypalの決済が結構失敗するようになったねえ,6gramからのpaypay、paypalの決済が結構失敗するようになった
t_3551733,paypay,2021-12-03T23:01:06.000Z,paypayの倍企画で詐欺られました,paypayの倍企画で詐欺られました
t_3552195,paypay,2021-12-15T21:03:47.000Z,paypayの倍企画で詐欺られました,paypayの倍企画で詐欺られました
t_3552221,paypay,2021-12-05T23:21:48.000Z,黄色い鳥と黄色い文字被せるのはデザイン悪いと思う,
t_3552341,paypay,2021-12-05T13:02:48.000Z,paypayの倍企画で詐欺られました,paypayの倍企画で詐欺られました
t_3552531,paypay,2021-12-14T00:01:54.000Z,paypayの倍企画で詐欺られました,paypayの倍企画で詐欺られました
t_3552908,paypay,2021-12-15T02:38:34.000Z,何回も本人確認をメルカリに求められた、退会も2019年当時は簡単に出来なくて長期化した,退会も2019年当時は簡単に出来なくて
t_3553174,paypay,2021-12-05T15:46:52.000Z,アップルウォッチにpaypayが連携できないのなぜ〜〜,アップルウォッチにpaypayが連携できない
t_3553227,paypay,2021-12-06T19:01:24.000Z,paypayの倍企画で詐欺られました,paypayの倍企画で詐欺られました
t_3553360,paypay,2021-12-08T14:12:04.000Z,dポイントも同じ運用できるようになってほしい,dポイントも同じ運用できるようになってほしい
t_3553591,paypay,2021-12-04T02:46:16.000Z,楽天の中で検索したけどこのアフターショックスのイヤホンが出て来なかったんです,楽天の中で検索したけどこのアフターショックスのイヤホンが出て来なかった
t_3553672,paypay,2021-12-08T14:00:08.000Z,なんかめんどくさいの~,なんかめんどくさい
t_3554085,paypay,2021-12-15T14:00:46.000Z,こんばんは、リプライ申し訳ありません明日は単複で勝負したくnoteを買おうとしたらうまく処理出来ずで,こんばんは、リプライ申し訳ありません明日は単複で勝負したくnoteを買おうとしたらうまく処理出来ず
t_3554450,paypay,2021-12-03T14:00:45.000Z,画面見せたりで距離近くなるし喋るし時間かかるし非接触の意味あまりない,画面見せたりで距離近くなるし喋るし時間かかる
t_3554598,paypay,2021-12-05T07:16:55.000Z,paypay使用時楽天回線が使い物にならない事多すぎる,楽天回線が使い物にならない
t_3555546,paypay,2021-12-02T23:31:49.000Z,反応全くないから今夜のpaypayプレゼント企画できそうにないなあ,反応全くない
t_3555551,paypay,2021-12-07T14:02:02.000Z,paypayの倍企画で詐欺られました,paypayの倍企画で詐欺られました
t_3555774,paypay,2021-12-07T00:02:23.000Z,paypayの倍企画で詐欺られました,paypayの倍企画で詐欺られました
t_3556120,paypay,2021-12-08T12:02:13.000Z,paypayの倍企画で詐欺られました,paypayの倍企画で詐欺られました
t_3556462,paypay,2021-12-08T07:47:51.000Z,paypay導入していない飲食店の売上が良くない,paypay導入していない飲食店の売上が良くない
t_3557167,paypay,2021-12-06T12:58:47.000Z,今在宅だから良いんだけど買い物の時にpaypayつながるまで遅いとか実害もあるんだよなー,買い物の時にpaypayつながるまで遅い
t_3557266,paypay,2021-12-14T14:33:54.000Z,paypay送ったら、ブロックされますー,paypay送ったら、ブロックされます
t_3557301,paypay,2021-12-07T03:01:02.000Z,paypayの倍企画で詐欺られました,paypayの倍企画で詐欺られました
t_3558568,paypay,2021-12-07T14:38:47.000Z,paypayのチャージ用銀行口座に住信sbiを登録しようと思って本人確認もしたのに何故か登録できないpaypayめんどくさいなぁ,本人確認もしたのに何故か登録できないpaypayめんどくさい
t_3558715,paypay,2021-12-14T22:09:59.000Z,paypayチャージできない,paypayチャージできない
t_3559167,paypay,2021-12-04T14:03:27.000Z,paypayのキャンペーンの対象店舗がアプリからしか見られないので、店舗が検索できないのはui設計をミスっているのでは,
t_3559701,paypay,2021-12-15T13:04:31.000Z,いい加減ペイ関係も3つくらいに淘汰されてほしいところ、いまだにpaypayとlineペイが統合しないのも謎,いい加減ペイ関係も3つくらいに淘汰されてほしい
t_3560071,paypay,2021-12-14T23:54:15.000Z,レジで支払いの時に110円払うのに、小銭が足りない、paypay繋がらない、でバタバタして結局suicaで払うという謎な夢を見た,小銭が足りない、paypay繋がらない
t_3560279,paypay,2021-12-05T13:08:52.000Z,と、思ったんだけど、paypayからバーコード読めないって返ってくるね,paypayからバーコード読めない
t_3560571,paypay,2021-12-03T15:40:34.000Z,昨日14時くらいにpaypayフリマで売れた物を発送したけど、追跡したくて確認したらもう配達完了になってた,昨日14時くらいにpaypayフリマで売れた物を発送したけど、追跡したくて確認したらもう配達完了になってた
t_3560719,paypay,2021-12-14T05:32:49.000Z,松屋でpaypay半額しようとしたら券売機が1台しかなくて分かりにくくて、後から後から人来て,松屋でpaypay半額しようとしたら券売機が1台しかなくて分かりにくくて
t_3562137,paypay,2021-12-13T07:28:57.000Z,paypayフリマで質問投げようとしたら使用できない文字or記号が含まれてるというエラーで送信出来なくて禁止文字の一覧どこにも無し、しかたなく記号全部全角にしたけどダメで、じゃあなんだよと思ったら〜が禁止文字むしろ半角記号はセーフでこの意味不明な実装した奴の給与でクーポン配るべき,
t_3562323,paypay,2021-12-08T13:11:23.000Z,tポイント廃止でpaypayボーナスに移行するって話、いつの間にかpaypayホーム画面からワンタッチでモバイルtカードを表示できなくなってるカスタマイズ不可のが最高にソフトバンクって感じ,いつの間にかpaypayホーム画面からワンタッチでモバイルtカードを表示できなくなってる
t_3562588,paypay,2021-12-08T18:02:10.000Z,paypayの倍企画で詐欺られました,paypayの倍企画で詐欺られました
t_3563929,paypay,2021-12-07T00:53:44.000Z,paypay送ろうとしたけど、バーコードは使えません,バーコードは使えません
t_3564007,paypay,2021-12-15T13:36:55.000Z,全然うまく出来ない,全然うまく出来ない
t_3564097,paypay,2021-12-13T01:56:38.000Z,で、新しく買った方の領収書を印刷しようとするも、初めてのpaypayモール、勝手がわからん,で、新しく買った方の領収書を印刷しようとするも、初めてのpaypayモール、勝手がわからん
t_3564418,paypay,2021-12-07T15:34:56.000Z,いつかのpaypayみたいに、チャージしたのに反映されないみたいに、残高勝手に減ったりしないの,
t_3564444,paypay,2021-12-14T10:42:09.000Z,maxzenのjc08mt01-wをxpricepaypayモール店で購入、開封したら組み立てるときのスティックの先端部分が変形してて刺さらない,maxzenのjc08mt01-wをxpricepaypayモール店で購入、開封したら組み立てるときのスティックの先端部分が変形してて刺さらない
t_3564450,paypay,2021-12-08T13:42:18.000Z,paypayカード、カード本体に番号が書いてないのアドすぎるな,paypayカード、カード本体に番号が書いてない
t_3564520,paypay,2021-12-07T05:04:29.000Z,ファミマのセルフレジで、paypay払いすると画面が暗くなる現象,画面が暗くなる
t_3565067,paypay,2021-12-05T08:59:14.000Z,paypay2倍にしてくれるって言われて500pay渡したら、ブロックされました,paypay2倍にしてくれるって言われて500pay渡したら、ブロックされました
t_3565836,paypay,2021-12-02T15:42:52.000Z,セキュリティコード等無限に間違えてもロックされない仕様だったため、,セキュリティコード等無限に間違えてもロックされない仕様だった
t_3566228,paypay,2021-12-15T02:19:35.000Z,paypayの企画ですが、この画面が出たのにも関わらず残高に反映されてません,残高に反映されてません
t_3566577,paypay,2021-12-08T15:02:31.000Z,paypayのqrコードでも貼り付けたらいいかな,paypayのqrコードでも貼り付けたらいいかな
t_3566673,paypay,2021-12-13T03:56:47.000Z,amazonからpaypay銀行の案内来るというガバガバすぎる設定に憤りを感じる,ガバガバすぎる設定
t_3566723,paypay,2021-12-05T13:18:31.000Z,2日前にpaypayフリマで質問した商品に対しての返信がない,2日前にpaypayフリマで質問した商品に対しての返信がない
t_3567716,paypay,2021-12-04T03:30:32.000Z,11月末に出品禁止のものでは無い運営に確認済みのものを通報で何度も消される,出品禁止のものでは無い運営に確認済みのものを通報で何度も消される
t_3567889,paypay,2021-12-06T07:42:18.000Z,mercariの売上金、メルペイで使えるようにもしてなかったし,mercariの売上金、メルペイで使えるようにもしてなかった
t_3568356,paypay,2021-12-06T00:47:42.000Z,paypayメルペイ使えないっす,
t_3568389,paypay,2021-12-13T13:37:17.000Z,3倍にして返すって言われたのでpaypay送ったのにブロックされて詐欺られた,paypay送ったのにブロックされて詐欺られた
t_3568947,paypay,2021-12-15T13:43:14.000Z,わかりにくすぎてしにそう,
t_3568952,paypay,2021-12-08T21:25:57.000Z,楽天pay一択で本当はpaypayもやりたいけどなんとなくできてない,楽天pay一択で本当はpaypayもやりたいけどなんとなくできてない
t_3568955,paypay,2021-12-04T23:26:49.000Z,コンビニでの切手購入でpaypay払いが出来ない,コンビニでの切手購入でpaypay払いが出来ない
t_3569088,paypay,2021-12-08T14:00:08.000Z,tポイントがpaypayボーナスに変換されたらウェル活できないやん,tポイントがpaypayボーナスに変換されたらウェル活できない
t_3569174,paypay,2021-12-15T13:31:45.000Z,なぜかpaypayにチャージ出来なくなってるྀིʚྀིɞฅྀིฅ,paypayにチャージ出来なくなってる
t_3569385,paypay,2021-12-07T16:57:00.000Z,通知が来ない場合があり気づくのが遅くなる事があります,通知が来ない場合があり気づくのが遅くなる
t_3569443,paypay,2021-12-14T16:34:10.000Z,ところでpaypay使いたかったんだけど画面に線が入ってて使えないみたいだから払って貰いたいな,画面に線が入ってて使えない
t_3569649,paypay,2021-12-07T07:03:34.000Z,ただマジでpaypayカードはapplepayで使えないってのがネック、、,ただマジでpaypayカードはapplepayで使えない
t_3569765,paypay,2021-12-04T01:13:32.000Z,ディズニーでpaypay使えるようにして欲しいな,ディズニーでpaypay使えるようにして欲しい
t_3570618,paypay,2021-12-15T14:26:27.000Z,楽天もpaypayみたいに期間限定ポイントを廃止しろ,楽天もpaypayみたいに期間限定ポイントを廃止しろ
t_3570714,paypay,2021-12-03T08:02:15.000Z,paypayの倍企画で詐欺られました,paypayの倍企画で詐欺られました
t_3570790,paypay,2021-12-14T17:06:08.000Z,paypayに新しい楽天モバイルの電話番号登録できない,paypayに新しい楽天モバイルの電話番号登録できない
t_3570955,paypay,2021-12-03T06:11:02.000Z,iphoneからskyleapやsafariでpaypay決済できないのは何故だ*_*,iphoneからskyleapやsafariでpaypay決済できない
t_3571709,paypay,2021-12-15T04:41:50.000Z,paypayカードに乗り換えまでポイント還元付きチャージできななくなるのでな,paypayカードに乗り換えまでポイント還元付きチャージできななくなる
t_3572263,paypay,2021-12-14T02:31:31.000Z,結果、容量の都合上なのかレコパがログインの度にデータダウンロードを要求してくる様になってしまったためしばし休憩,レコパがログインの度にデータダウンロードを要求してくる
t_3572768,paypay,2021-12-07T13:02:09.000Z,paypayの倍企画で詐欺られました,paypayの倍企画で詐欺られました
t_3573552,paypay,2021-12-05T07:17:16.000Z,勝手に受け取りする機能外して,勝手に受け取りする機能外して
t_3573924,paypay,2021-12-07T16:51:36.000Z,paypay使い始めようと思ったのに使ってる銀行全部paypayでのチャージ対応外なの辛い,銀行全部paypayでのチャージ対応外
t_3574437,paypay,2021-12-15T03:17:49.000Z,paypayの決済エラーで二重払いになった,paypayの決済エラーで二重払いになった
t_3574543,paypay,2021-12-15T12:34:41.000Z,paypayみたくアプリで履歴確認とか出来ないんかな,履歴確認とか出来ないんかな
t_3577127,paypay,2021-12-03T02:27:04.000Z,普通にpaypayを立ち上げると繋がるけれどセブンアプリからだとpaypay画面に遷移しない,セブンアプリからだとpaypay画面に遷移しない
t_3577402,paypay,2021-12-06T12:45:46.000Z,paypayのキャンペーンでケバブが実質350円で食べれるのバグってる,
t_3577980,paypay,2021-12-05T16:01:21.000Z,paypayの倍企画で詐欺られました,paypayの倍企画で詐欺られました
t_3578011,paypay,2021-12-05T01:45:05.000Z,今キャッシュレス決済は、aupay、paypay、kyashの3つを利用していますが、aupayはアプリ開いたら頻繁にログインし直しを要求される事があり、それが面倒になってしまってどうしてもpaypayの方が使用頻度が高くなっている気がします,
t_3578097,paypay,2021-12-15T04:27:18.000Z,プリンター壊れかけで上手くできなくて,プリンター壊れかけで上手くできなくて
t_3578461,paypay,2021-12-13T05:43:25.000Z,昨日勝手にpaypay使われて1万あったのにゼロ円になってた,昨日勝手にpaypay使われて1万あったのにゼロ円になってた
t_3578536,paypay,2021-12-08T00:26:03.000Z,昨日いた区がキャンペーンしてたからpaypay使いたかったのに1軒も使えなかったー,昨日いた区がキャンペーンしてたからpaypay使いたかったのに1軒も使えなかった
t_3579259,paypay,2021-12-08T03:54:09.000Z,最後の画像の返信しようとしたらもうdm送れなかったです,最後の画像の返信しようとしたらもうdm送れなかった
t_3579324,paypay,2021-12-03T09:55:33.000Z,てかpaypay以外の対象店舗がどこどこあるんかさっぱりわからん,てかpaypay以外の対象店舗がどこどこあるんかさっぱりわからん
t_3579493,paypay,2021-12-08T21:16:37.000Z,赤子8ヶ月、プライムビデオのcmで高確率でぐずぐずが止まる,ぐずぐずが止まる
t_3579527,paypay,2021-12-06T11:38:43.000Z,paypayに登録していないと受け取ることができません,paypayに登録していないと受け取ることができません
t_3579531,paypay,2021-12-04T03:19:30.000Z,paypayエラーで何もできなくなった,paypayエラーで何もできなくなった
t_3580383,paypay,2021-12-15T07:02:03.000Z,paypayの倍企画で詐欺られました,paypayの倍企画で詐欺られました
t_3580495,paypay,2021-12-04T23:14:46.000Z,昨日14時くらいにpaypayフリマで売れた物を発送したけど、追跡したくて確認したらもう配達完了になってた,昨日14時くらいにpaypayフリマで売れた物を発送したけど、追跡したくて確認したらもう配達完了になってた
t_3580755,paypay,2021-12-06T13:50:43.000Z,いいね無い場合通知が埋もれ対応が遅れる場合があります,通知が埋もれ対応が遅れる
t_3581036,paypay,2021-12-13T04:17:11.000Z,楽天、amazon、ラクマ、paypayフリマ、ヤフオクで色々買いまくってわけわからなくなってきた,楽天、amazon、ラクマ、paypayフリマ、ヤフオクで色々買いまくってわけわからなくなってきた
t_3581060,paypay,2021-12-06T19:41:21.000Z,北洋銀行がpaypayにもlinepayにも対応してないのウザすぎる,北洋銀行がpaypayにもlinepayにも対応してない
t_3581106,paypay,2021-12-15T02:01:15.000Z,指定席券売機にスマホをかざしてpaypay♪できるようにならないものか,指定席券売機にスマホをかざしてpaypay♪できるようにならないものか
t_3581960,paypay,2021-12-08T01:27:56.000Z,前足が動かなくて今は週に3回,
t_3582238,paypay,2021-12-07T09:01:16.000Z,paypay使えるようになってほしいです,paypay使えるようになってほしい
t_3582687,paypay,2021-12-03T12:34:08.000Z,入店して気付いたがpaypayチャージするの忘れてここでpaypayの支払いが残高無くて出来ない,入店して気付いたがpaypayチャージするの忘れてここでpaypayの支払いが残高無くて出来ない
t_3582835,paypay,2021-12-08T05:19:12.000Z,paypayって本人確認してなかったら送金できんとかあるっけ,paypayって本人確認してなかったら送金できんとかある
t_3582881,paypay,2021-12-07T20:10:42.000Z,paypayの倍企画で詐欺られました,paypayの倍企画で詐欺られました
t_3583357,paypay,2021-12-08T05:44:20.000Z,"ペイペイのcmのドドドドチャッチャッの配置を1の4連打→3,3とするか13トリル→5,5とするか考えながら歩いてたら壁にぶつかりそうになった","ペイペイのcmのドドドドチャッチャッの配置を1の4連打→3,3とするか13トリル→5,5とするか考えながら歩いてたら壁にぶつかりそうになった"
t_3584172,paypay,2021-12-04T06:10:21.000Z,ソフトバンクやめたらpaypayにチャージする方法が分からなくなったんだけど,ソフトバンクやめたらpaypayにチャージする方法が分からなくなった
t_3584490,paypay,2021-12-14T11:02:14.000Z,paypayの倍企画で詐欺られました,paypayの倍企画で詐欺られました
t_3584609,paypay,2021-12-13T11:46:05.000Z,って出て素直にもう一回やったらまた同じメッセージ出て残高いきなり4000円減ってしまった,って出て素直にもう一回やったらまた同じメッセージ出て残高いきなり4000円減ってしまった
t_3584690,paypay,2021-12-07T08:05:09.000Z,パーカー購入してpaypay支払い選ぶと後からチャージ出来ないの忘れてた,チャージ出来ない
t_3585258,paypay,2021-12-08T07:07:39.000Z,paypay倍企画で詐欺られてる人多いなぁ,
t_3585361,paypay,2021-12-07T00:02:12.000Z,paypayの倍企画で詐欺られました,paypayの倍企画で詐欺られました
t_3585502,paypay,2021-12-08T08:21:15.000Z,アプリ起動エラーが多いのと、操作しにくい,アプリ起動エラーが多い
t_3585746,paypay,2021-12-03T10:02:30.000Z,paypayの倍企画で詐欺られました,paypayの倍企画で詐欺られました
t_3585773,paypay,2021-12-02T21:03:16.000Z,paypayの倍企画で詐欺られました,paypayの倍企画で詐欺られました
t_3586403,paypay,2021-12-07T13:13:15.000Z,そろそろ詐欺られた時許せなくなってきた,詐欺られた時許せなくなってきた
t_3586479,paypay,2021-12-08T14:07:01.000Z,linepayで送金したらめちゃくちゃ怒られた,linepayで送金したらめちゃくちゃ怒られた
t_3586491,paypay,2021-12-03T13:04:11.000Z,paypay使えないことだけが不満,
t_3586714,paypay,2021-12-13T09:35:39.000Z,見づらいですが公式hpよりはマシかなと,見づらい
t_3586781,paypay,2021-12-09T01:01:25.000Z,paypayの倍企画で詐欺られました,paypayの倍企画で詐欺られました
t_3586886,paypay,2021-12-03T09:46:39.000Z,使い方分からんくて,使い方分からん
t_3587034,paypay,2021-12-15T08:03:02.000Z,paypayの倍企画で詐欺られました,paypayの倍企画で詐欺られました
t_3587068,paypay,2021-12-04T11:25:30.000Z,次の車検の支払いをpaypayでしようとしてるんだがいくらチャージすればよいのか前回の金額記憶になさすぎる相変わらず銀行からチャージできないのな,前回の金額記憶になさすぎる
t_3587078,paypay,2021-12-07T03:07:56.000Z,買い物で支払おうとしたら、paypayが開かない,paypayが開かない
t_3587164,paypay,2021-12-04T01:01:01.000Z,・クレカ決済とpaypay決済が使えなくなる,クレカ決済とpaypay決済が使えなくなる
t_3587317,paypay,2021-12-05T13:25:27.000Z,paypayモール、混雑でカート表示されなくなって焦ったけどなんとか駆け込みセーフ,paypayモール、混雑でカート表示されなくなって
t_3587464,paypay,2021-12-08T02:14:14.000Z,yahooカードサ終でpaypayカードに切り替わるっていうけどtポイントの移行とかめんどくさいんだから付与するポイントの種類変えるのやめようよ,
t_3587573,paypay,2021-12-15T13:14:02.000Z,linepayがあるのにpaypayは対応していないという,linepayがあるのにpaypayは対応していない
t_3588333,paypay,2021-12-05T15:02:09.000Z,paypayの倍企画で詐欺られました,paypayの倍企画で詐欺られました
t_3588393,paypay,2021-12-14T13:32:11.000Z,paypay倍企画で20pay詐欺られたって,paypay倍企画で20pay詐欺られた
t_3589214,paypay,2021-12-14T08:00:58.000Z,paypayの倍企画で詐欺られました,paypayの倍企画で詐欺られました
t_3589491,paypay,2021-12-13T08:55:46.000Z,ロシデレの特典目当てにbook☆walkerの会員登録したら、初回購入の半額ポイント還元してたから、迷ってた作品纏めて買う事にして、ptを有効活用して1円単位で安くしようとしたけど、paypayのチャージが千円単位でしかできなかったから結局ほぼ無意味だった,ロシデレの特典目当てにbook☆walkerの会員登録したら、初回購入の半額ポイント還元してたから、迷ってた作品纏めて買う事にして、ptを有効活用して1円単位で安くしようとしたけど、paypayのチャージが千円単位でしかできなかった
t_3589503,paypay,2021-12-15T23:08:35.000Z,paypayとtwitterへの告知などの対応ができないです、申し訳ないです,
t_3589621,paypay,2021-12-15T09:02:36.000Z,paypayの倍企画で詐欺られました,paypayの倍企画で詐欺られました
t_3589727,paypay,2021-12-04T01:00:36.000Z,送金する際のアカウント名が不一致のため本人確認が取れません,本人確認が取れません
t_3590611,paypay,2021-12-15T22:46:21.000Z,その度にドームの名前の歌詞を変えるのがねぇ,その度にドームの名前の歌詞を変えるのがねぇ
t_3590857,paypay,2021-12-05T13:03:05.000Z,paypay今日がめちゃくちゃお得だからcity予約しようとしてるのにカート混んでて繋がらない,paypay今日がめちゃくちゃお得だからcity予約しようとしてるのにカート混んでて繋がらない
t_3591126,paypay,2021-12-06T01:42:36.000Z,adguarddns広告カットしてくれるので重宝してるけどたまにpaypayが繋がらなくなる,paypayが繋がらなくなる
t_3591227,paypay,2021-12-13T09:44:57.000Z,電波悪くて繋がらないのか,電波悪くて繋がらないのか
t_3591274,paypay,2021-12-08T13:10:07.000Z,paypayのまばたき認証が全然成功しなくてチャージ出来ないマン,paypayのまばたき認証が全然成功しなくてチャージ出来ない
t_3592104,paypay,2021-12-15T10:04:57.000Z,paypay銀行のpaybバーコード読み取り機能が終わっている,paypay銀行のpaybバーコード読み取り機能が終わっている
t_3592670,paypay,2021-12-05T11:16:36.000Z,paypay使えなくなって1ヶ月,paypay使えなくなって1ヶ月
t_3593068,paypay,2021-12-05T00:13:48.000Z,paypayフリマは使いづらいのでしょうか,paypayフリマは使いづらいのでしょうか
t_3593377,paypay,2021-12-03T23:49:46.000Z,paypayで支払おうとした変なjji、qrコードの読み取りがうまくいかなかったらしく、あんたの人生がおかしいんじゃないのと言われた,paypayで支払おうとした変なjji、qrコードの読み取りがうまくいかなかった
t_3593467,paypay,2021-12-05T15:19:52.000Z,1時半からpaypayがメンテナンスで使えないらしい,paypayがメンテナンスで使えない
t_3594291,paypay,2021-12-02T22:11:57.000Z,モバイルだけどクレカ作っといて良かった店舗受取の支払いがクレカとpaypayのみで近くにセブンないのは一瞬焦ったよね笑,モバイルだけどクレカ作っといて良かった店舗受取の支払いがクレカとpaypayのみで近くにセブンない
t_3594416,paypay,2021-12-07T04:01:47.000Z,paypayの倍企画で詐欺られました,paypayの倍企画で詐欺られました
t_3594551,paypay,2021-12-05T18:37:33.000Z,また、寝落ちでpaypay買い物出来ず月曜日になってしまった,寝落ちでpaypay買い物出来ず月曜日になってしまった
t_3594622,paypay,2021-12-08T10:17:05.000Z,楽天ペイも始めたしpaypayもやってみるか〜て登録しようとしたら三菱ufj対応してなくて草,楽天ペイも始めたしpaypayもやってみるか〜て登録しようとしたら三菱ufj対応してなくて
t_3594770,paypay,2021-12-08T23:02:38.000Z,paypayの倍企画で詐欺られました,paypayの倍企画で詐欺られました
t_3595699,paypay,2021-12-06T01:37:13.000Z,paypaystep用にはカウントされるものの、ポイント還元的なものがないのが寂しい,
t_3596262,paypay,2021-12-08T09:57:13.000Z,アマギフでもpaypayでも楽に送金できるシステムにして欲しい乞食,アマギフでもpaypayでも楽に送金できるシステムにして欲しい
t_3597314,paypay,2021-12-04T21:02:13.000Z,paypayの倍企画で詐欺られました,paypayの倍企画で詐欺られました
t_3598012,paypay,2021-12-07T10:17:44.000Z,今日の昼も遅すぎてpaypayもツイッターも開けなかった,今日の昼も遅すぎてpaypayもツイッターも開けなかった
t_3598987,paypay,2021-12-06T22:24:06.000Z,ラインペイも情報漏洩してるし、paypayは使えなくなった店多いし、,
t_3599051,paypay,2021-12-06T03:06:58.000Z,pc壊れてるわ,pc壊れてる
t_3599853,paypay,2021-12-03T19:28:40.000Z,配布、当選報告に時間がかかる事があります,配布、当選報告に時間がかかる
t_3599893,paypay,2021-12-04T08:01:46.000Z,paypayの倍企画で詐欺られました,paypayの倍企画で詐欺られました
t_3600166,paypay,2021-12-08T05:18:16.000Z,それとlineスタンプ700万種類が無料化する話がなくなっている気が・・,lineスタンプ700万種類が無料化する話がなくなっている
t_3600297,paypay,2021-12-15T15:35:10.000Z,3ヶ月前くらいもブラウザゲームにpaypayで支払いしてロードされなくてお金吸い込まれたことあったなぁ、ついてないなぁ,3ヶ月前くらいもブラウザゲームにpaypayで支払いしてロードされなくて
t_3600384,paypay,2021-12-07T05:23:50.000Z,あっちhあっちでwebuiベースっぽくってアプリがモタつくしよく固まるので使いづらいんだけど,あっちhあっちでwebuiベースっぽくってアプリがモタつくしよく固まるので使いづらい
t_3600395,paypay,2021-12-13T15:02:58.000Z,paypayの倍企画で詐欺られました,paypayの倍企画で詐欺られました
t_3601059,paypay,2021-12-03T06:20:13.000Z,地下のコンビニで、paypayできない,地下のコンビニで、paypayできない
t_3601516,paypay,2021-12-15T05:13:16.000Z,paypayいれたけどチャージ方法わからん,チャージ方法わからん
t_3601623,paypay,2021-12-07T01:01:02.000Z,paypayで詐欺られました,paypayで詐欺られました
t_3601692,paypay,2021-12-03T08:38:05.000Z,ありますよね私は支払いの時にpaypayが繋がらなくて焦ることがよくあります笑,ありますよね私は支払いの時にpaypayが繋がらなくて
t_3601731,paypay,2021-12-14T14:01:44.000Z,paypayの倍企画で詐欺られました,paypayの倍企画で詐欺られました
t_3601910,paypay,2021-12-13T03:01:18.000Z,paypayの倍企画で詐欺られました,paypayの倍企画で詐欺られました
t_3601969,paypay,2021-12-05T10:02:58.000Z,paypayの倍企画で詐欺られました,paypayの倍企画で詐欺られました
t_3602214,paypay,2021-12-06T00:10:16.000Z,amazonの機能がなくなるか、twitterが制限するか,amazonの機能がなくなるか、twitterが制限するか
t_3603215,paypay,2021-12-03T12:46:35.000Z,本当、そのウィルス感染力強そうだから一旦広かったら入国ところがライブ自体出来なくなる可能性出てくるよね,一旦広かったら入国ところがライブ自体出来なくなる可能性出てくる
t_3603282,paypay,2021-12-13T13:10:12.000Z,給付金をpaypayとかjrとかの鉄道icカードで出来ないのかな,給付金をpaypayとかjrとかの鉄道icカードで出来ないのかな
t_3603361,paypay,2021-12-05T06:15:36.000Z,セドナ500のベイル不調のライントラブル多発でスプール流用の為だけに・・・,
t_3603577,paypay,2021-12-15T02:42:06.000Z,メルカリの売り上げを元手に、メルペイ決済しようと思ったら、対応してなかった,メルカリの売り上げを元手に、メルペイ決済しようと思ったら、対応してなかった
t_3603978,paypay,2021-12-14T06:01:21.000Z,今回行ったところで、idが使えないところがあった,idが使えない
t_3604504,paypay,2021-12-13T07:10:20.000Z,駅にqrコード出して買ってもらうのは悪くないけども、検札の時に決済画面を見せるのはめんどくさいというか,検札の時に決済画面を見せるのはめんどくさい
t_3604536,paypay,2021-12-15T06:21:14.000Z,計算するのが面倒くさい,計算するのが面倒くさい
t_3604603,paypay,2021-12-05T14:03:42.000Z,paypayで支払いたいものがあるんだけどpaypayへのチャージの仕方がわからない,paypayで支払いたいものがあるんだけどpaypayへのチャージの仕方がわからない
t_3604865,paypay,2021-12-06T05:04:01.000Z,結局セブン銀行の端末故障で入金されておらず、paypay支払いも出来ず詰む,セブン銀行の端末故障で入金されておらず、paypay支払いも出来ず詰む
t_3605141,paypay,2021-12-06T11:06:58.000Z,カード原因かと思ってpaypayチャージしたのに両方とも出来ない,カード原因かと思ってpaypayチャージしたのに両方とも出来ない
t_3605231,paypay,2021-12-04T12:42:24.000Z,ってなったのでビッグカメラで掃除機買ったのに、決済エラーになって問い合わせして散々だよ,決済エラー
t_3605924,paypay,2021-12-15T05:56:58.000Z,paypayカード作ったけど、まだマネーフォワード連携できなかった泣手動連携つらい,マネーフォワード連携できなかった
t_3606011,paypay,2021-12-13T05:01:59.000Z,paypayの倍企画で詐欺られました,paypayの倍企画で詐欺られました
t_3606261,paypay,2021-12-08T03:35:14.000Z,大阪市のペイ払い還元は凄いけどpaypayでも使えるようにして欲しいなあ,大阪市のペイ払い還元は凄いけどpaypayでも使えるようにして欲しい
t_3606391,paypay,2021-12-13T13:04:46.000Z,ペイコジの事ノリで通知音にしたけどリプとかおもろくてオン外せんくなってしまったでな,ペイコジの事ノリで通知音にしたけどリプとかおもろくてオン外せんくなってしまった
t_3606596,paypay,2021-12-14T04:00:53.000Z,paypayの倍企画で詐欺られました,paypayの倍企画で詐欺られました
t_3607048,paypay,2021-12-04T18:41:39.000Z,申し訳ございませんただいまpaypayにてチャージエラーが出ておりチャージができない状態です問い合わせ済み,チャージエラーが出ておりチャージができない
t_3607097,paypay,2021-12-06T16:43:00.000Z,paypayとlinepayで税金や保険料払えるようになってる自治体ってめちゃくちゃ多いけど、やめたほうがいいですね,paypayとlinepayで税金や保険料払えるようになってる自治体ってめちゃくちゃ多い
t_3607264,paypay,2021-12-05T22:50:40.000Z,慣れるまで時間がかかるのは何事もそうだから良いとして、paypay自動管理が出来ないのは少し痛いなあ,paypay自動管理が出来ない
t_3607606,paypay,2021-12-04T06:01:44.000Z,paypayの倍企画で詐欺られました,paypayの倍企画で詐欺られました
t_3607769,paypay,2021-12-05T06:03:50.000Z,paypayの倍企画で詐欺られました,paypayの倍企画で詐欺られました
t_3607783,paypay,2021-12-08T13:43:51.000Z,ローミング方式で海外から経由するので、pingが遅いとのこと,
t_3608005,paypay,2021-12-14T14:35:18.000Z,paypay送ったら、ブロックされますー,paypay送ったら、ブロックされます
t_3608534,paypay,2021-12-08T04:40:33.000Z,昨日14時くらいにpaypayフリマで売れた物を発送したけど、追跡したくて確認したらもう配達完了になってた,昨日14時くらいにpaypayフリマで売れた物を発送したけど、追跡したくて確認したらもう配達完了になってた
t_3609157,paypay,2021-12-06T05:42:35.000Z,paypay銀行のワンタイムパスワード今日中に見つけないとzero設定本の入金ができない,paypay銀行のワンタイムパスワード今日中に見つけないとzero設定本の入金ができない
t_3610497,paypay,2021-12-13T07:57:31.000Z,チェキ券とかpaypayで払えるようにならんかな〜,チェキ券とかpaypayで払えるようにならんかな
t_3610910,paypay,2021-12-15T11:03:10.000Z,既読なってないメッセージあると気持ち悪い派だからこそ、めんどくさい,既読なってないメッセージあると気持ち悪い派だからこそ、めんどくさい
t_3610955,paypay,2021-12-06T06:45:07.000Z,今度はpaypayチャージ処理中のまま動かなくなった,paypayチャージ処理中のまま動かなくなった
t_3610980,paypay,2021-12-05T16:34:57.000Z,paypay、メンテナンスで全機能使えない,paypay、メンテナンスで全機能使えない
t_3611245,paypay,2021-12-13T07:31:51.000Z,画面が割れすぎてpaypayで買い物する事が不可能になった,画面が割れすぎてpaypayで買い物する事が不可能になった
t_3611513,paypay,2021-12-08T13:19:42.000Z,マックの新商品のビーフシチューパイ買おうとしたらpaypay使えなかったのでケンタで違うパイ買ってファミマのビーフシチュー入れて食ってた,マックの新商品のビーフシチューパイ買おうとしたらpaypay使えなかった
t_3611897,paypay,2021-12-05T13:21:35.000Z,paypayモール混み合ってカートにつながらん,paypayモール混み合ってカートにつながらん
t_3612126,paypay,2021-12-07T05:53:17.000Z,前回登録した時のpaypayは近所のスーパー使えなくなったんだけどt_t,近所のスーパー使えなくなった
t_3612169,paypay,2021-12-03T23:35:07.000Z,linemoとの連携で、paypayに登録している電話番号と異なるため連携出来ませんとエラーが出ます,linemoとの連携で、paypayに登録している電話番号と異なるため連携出来ませんとエラーが出ます
t_3612188,paypay,2021-12-14T02:01:20.000Z,paypayの倍企画で詐欺られました,paypayの倍企画で詐欺られました
t_3612788,paypay,2021-12-05T10:48:39.000Z,iaonではpaypay使えないので仕方なくwaonです,
t_3612874,paypay,2021-12-08T08:01:25.000Z,paypayの倍企画で詐欺られました,paypayの倍企画で詐欺られました
t_3613052,paypay,2021-12-04T08:59:13.000Z,stagecrowd、paypayで正常に支払い完了したのに購入履歴に表示されなくてyoasobiライブ見れないの泣いたしかも2回,stagecrowd、paypayで正常に支払い完了したのに購入履歴に表示されなくてyoasobiライブ見れない
t_3613458,paypay,2021-12-04T07:51:52.000Z,paypay2万チャージしてきたのになくなっちゃったw,paypay2万チャージしてきたのになくなっちゃった
t_3613768,paypay,2021-12-08T08:49:59.000Z,スマホにポイントカードのアプリが入ってると財布を出すのが面倒だからpaypay決済が増えたんだけど、クレジットカードの本人認証が上手くいかなくてチャージが面倒,クレジットカードの本人認証が上手くいかなくてチャージが面倒
t_3613966,paypay,2021-12-06T12:48:31.000Z,クーポンクーポンうるさいけど、実際使えるとこ限られると、なかなか使えんし、それならいっその事、paypayとかedyとか電子決済出来るやつで欲しい,クーポンクーポンうるさいけど、実際使えるとこ限られると、なかなか使えんし、それならいっその事、paypayとかedyとか電子決済出来るやつで欲しい
t_3613986,paypay,2021-12-07T14:07:16.000Z,safari経由でpaypay決済したのにサウンドハウス決済失敗でワロタ,safari経由でpaypay決済したのにサウンドハウス決済失敗
t_3613988,paypay,2021-12-15T10:58:54.000Z,それが出来るのなら、id検索で誤送金したと主張しても、paypay側に誤送金側の開示義務が生じますが,id検索で誤送金したと主張しても、paypay側に誤送金側の開示義務が生じます
t_3614305,paypay,2021-12-13T11:50:42.000Z,亡くなった父の使ってたボールペンを、私が使ってるのだけど替え芯なくなって書けなくなって,替え芯なくなって書けなくなって
t_3614552,paypay,2021-12-04T01:01:29.000Z,paypayの倍企画で詐欺られました,paypayの倍企画で詐欺られました
t_3614743,paypay,2021-12-14T22:44:05.000Z,配布、当選報告に時間がかかる事があります,配布、当選報告に時間がかかる
t_3614784,paypay,2021-12-06T11:00:25.000Z,めんどくさい・・・仕事増やしてんじゃねぇよ,めんどくさい
t_3614997,paypay,2021-12-06T00:04:58.000Z,私のスマホ、何故か会社ビルにいると電波入らなくてpaypayすら使えないから詰んだじゃん,
t_3615452,paypay,2021-12-03T11:36:58.000Z,radiko使いながらpaypay使うと音がめちゃ小さくなる問題,paypay使うと音がめちゃ小さくなる
t_3615636,paypay,2021-12-04T06:19:48.000Z,モールも使えなくなってて,モールも使えなくなってて
t_3615807,paypay,2021-12-13T10:34:04.000Z,楽天球団、球場でpaypayを使えるようにして欲しい,楽天球団、球場でpaypayを使えるようにして欲しい
t_3615830,paypay,2021-12-08T11:07:23.000Z,paypayカード申し込もうとしたら、りそな銀行のパスワードの設定がおかしくなってて、銀行口座設定でつまづいた,paypayカード申し込もうとしたら、りそな銀行のパスワードの設定がおかしくなってて、銀行口座設定でつまづいた
t_3615880,paypay,2021-12-07T08:40:16.000Z,paypay死ぬほど使いにくい,paypay死ぬほど使いにくい
t_3616027,paypay,2021-12-15T15:04:33.000Z,paypayの倍企画で詐欺られました,paypayの倍企画で詐欺られました
t_3616142,paypay,2021-12-13T12:39:14.000Z,と思ったんだけどオンライン申請のページ見たらステップ6まであってめんどくさくなってページ閉じた,オンライン申請のページ見たらステップ6まであってめんどくさくなってページ閉じた
t_3616396,paypay,2021-12-04T03:02:52.000Z,ペイペイカードでペイペイ決済してもクレカのポイントは付かないってこと,
t_3616902,paypay,2021-12-08T00:26:29.000Z,ウィンチケットのpaypayチャージ反映遅すぎんだよ,ウィンチケットのpaypayチャージ反映遅すぎ
t_3617057,paypay,2021-12-05T01:01:47.000Z,paypayの倍企画で詐欺られました,paypayの倍企画で詐欺られました
t_3617127,paypay,2021-12-14T14:31:47.000Z,paypay送ったら、ブロックされますー,paypay送ったら、ブロックされます
t_3617333,paypay,2021-12-03T11:47:52.000Z,それ以外反応遅くない,反応遅くない
t_3617336,paypay,2021-12-14T10:02:49.000Z,paypayにしようとして、認証コード入力とかあったから、無駄に時間がかかった,認証コード入力とかあったから、無駄に時間がかかった
t_3618183,paypay,2021-12-05T06:39:04.000Z,昨日も1万歩くらい散歩したけど今日も歩いてるスマホしか持ってこないのでpaypay使える店もっと増えて欲しい,昨日も1万歩くらい散歩したけど今日も歩いてるスマホしか持ってこないのでpaypay使える店もっと増えて欲しい
t_3618304,paypay,2021-12-07T07:00:10.000Z,夫がyjカードの民だったからウェル活してたけどpaypayカードに切り替わったらできなくなるな、、,paypayカードに切り替わったらできなくなるな
t_3618358,paypay,2021-12-07T07:55:10.000Z,船橋の東武地下でpaypay還元やってるのに楽天モバイル圏外で使えない,楽天モバイル圏外で使えない
t_3618445,paypay,2021-12-13T02:27:33.000Z,連絡してたらブロックされました、,連絡してたらブロックされました
t_3619238,paypay,2021-12-13T09:16:17.000Z,クレカ使えないだけでも不便なのに、qrコード決済が1種類しか対応してないの辛い,qrコード決済が1種類しか対応してない
t_3619375,paypay,2021-12-05T13:37:02.000Z,友達登録しようとするとエラーになります,友達登録しようとするとエラーになります
t_3619662,paypay,2021-12-15T07:23:33.000Z,paypay出金できへんくて落ち込んで当欠して10時くらいに客からのライン無視しで寝たらそれが太いお客さんからの問い合わせやったし、そのひと接客してたら支払いできたしって感じやしなんかもう何もかもうまいこと行かんくてしんどい、酒飲んで寝る,paypay出金できへん
t_3619695,paypay,2021-12-14T14:32:28.000Z,paypay送ったら、ブロックされますー,paypay送ったら、ブロックされます
t_3619729,paypay,2021-12-14T10:13:55.000Z,付与されても付与されても投資でpaypayポイントが減ってゆく,付与されても付与されても投資でpaypayポイントが減ってゆく
t_3619744,paypay,2021-12-13T12:24:18.000Z,paypalはクレカのチャージする版みたいなやつ、paypayはその下位互換課金とかできない,paypalはクレカのチャージする版みたいなやつ、paypayはその下位互換課金とかできない
t_3619911,paypay,2021-12-05T19:01:11.000Z,paypayの倍企画で詐欺られました,paypayの倍企画で詐欺られました
t_3619974,paypay,2021-12-14T15:04:26.000Z,paypayの倍企画で詐欺られました,paypayの倍企画で詐欺られました
t_3620190,paypay,2021-12-08T10:26:11.000Z,特性パッチ、どくどくたま,特性パッチ、どくどくたま
t_3620274,paypay,2021-12-05T11:51:27.000Z,最近のpaypayエラーがahamo回線のせいだと発覚した,
t_3620560,paypay,2021-12-13T12:05:18.000Z,が、こちらは楽天銀行外を入金口座に指定しないと現金化まで時間がかかるので切ないです,が、こちらは楽天銀行外を入金口座に指定しないと現金化まで時間がかかる
t_3620738,paypay,2021-12-13T06:01:51.000Z,paypayの倍企画で詐欺られました,paypayの倍企画で詐欺られました
t_3621359,paypay,2021-12-07T08:44:57.000Z,企業努力し過ぎで支払い方法やポイントの種類が多すぎ,企業努力し過ぎで支払い方法やポイントの種類が多すぎ
t_3621640,paypay,2021-12-04T06:19:48.000Z,なんか電話番号使えなくなってて,電話番号使えなくなってて
t_3621754,paypay,2021-12-03T13:42:48.000Z,モバイルに送られたpwを入力するのだけど、全く決済ができなくなって困,モバイルに送られたpwを入力するのだけど、全く決済ができなくなって
t_3622647,paypay,2021-12-07T14:24:41.000Z,paypayのお名前が一致しないからランダムに送れない笑,paypayのお名前が一致しないからランダムに送れない
t_3622996,paypay,2021-12-07T08:59:04.000Z,dcjpyのようにコンソーシアムではなパブリックチェーンを選択してdefiで様々なトークンと交換できるようにして欲しいですね,dcjpyのようにコンソーシアムではなパブリックチェーンを選択してdefiで様々なトークンと交換できるようにして欲しい
t_3623219,paypay,2021-12-03T23:34:21.000Z,他の人もいたのとpaypay決済今出来なくて仕方なく手持ちの金少し使った笑,他の人もいたのとpaypay決済今出来なくて
t_3623402,paypay,2021-12-05T06:03:52.000Z,それ以外は追加されても何も返信しないし最悪ブロックするのでご注意を,何も返信しないし最悪ブロックする
t_3623499,paypay,2021-12-06T14:09:30.000Z,予定していた旅客などコロナのせいでキャンセルになってしまい楽しむことができませんでした,
t_3625337,paypay,2021-12-04T03:02:07.000Z,短時間ならiphoneなくてもなんとかなるっしょと思ったけど、paypayとかクーポン使えないの不便ね,paypayとかクーポン使えないの不便
t_3625366,paypay,2021-12-06T15:54:33.000Z,皇族にpaypayあげたいけど私paypay使えなくなったから,皇族にpaypayあげたいけど私paypay使えなくなった
t_3625824,paypay,2021-12-05T00:28:26.000Z,paypayモール注文確定したのに反映されないまま在庫切れてばっかりで萎える,
t_3625959,paypay,2021-12-06T09:01:24.000Z,dカード、d払いに設定してた筈が3dセキュアかなんかの関係で使えなくなっていた,使えなくなっていた
t_3626283,paypay,2021-12-03T00:24:46.000Z,こんにちは、リプライが表示されておらず遅くなってしまい申し訳ございません,こんにちは、リプライが表示されておらず遅くなってしまい
t_3626295,paypay,2021-12-15T09:04:53.000Z,paypay先払いした後ブロックされる未来しか見えません笑,
t_3626342,paypay,2021-12-14T03:57:26.000Z,出金、paypay残高を送る機能、わりかん機能では使えません,出金、paypay残高を送る機能、わりかん機能では使えません
t_3626447,paypay,2021-12-14T14:34:35.000Z,paypay送ったら、ブロックされますー,paypay送ったら、ブロックされます
t_3626494,paypay,2021-12-03T06:37:58.000Z,おサイフケータイは機種変の時めんどくさいので使わないです*^^*,おサイフケータイは機種変の時めんどくさい
t_3626612,paypay,2021-12-03T09:51:02.000Z,さっきスマホの電波悪くてpaypay使えなくてショックだった,スマホの電波悪くてpaypay使えなくて
t_3626767,paypay,2021-12-05T04:01:51.000Z,paypayの倍企画で詐欺られました,paypayの倍企画で詐欺られました
t_3626852,paypay,2021-12-15T18:01:19.000Z,paypayの倍企画で詐欺られました,paypayの倍企画で詐欺られました
t_3627329,paypay,2021-12-14T14:33:30.000Z,paypay送ったら、ブロックされますー,paypay送ったら、ブロックされます
t_3627467,paypay,2021-12-06T14:34:32.000Z,linepay情報流出したしpaypayは使い方わからんけど何かしらで貢ぐよ真顔,linepay情報流出したしpaypayは使い方わからん
t_3627753,paypay,2021-12-05T11:34:36.000Z,paypay、yahoo系列で使うたびにアカウント設定変更強いられるの控えめに言って,paypay、yahoo系列で使うたびにアカウント設定変更強いられる
t_3628089,paypay,2021-12-02T20:44:50.000Z,スマホ決済は広く対応してるけど会社違うしpaypayとかappleidはチャンネル入会に対応してなくて無理っぽい,スマホ決済は広く対応してるけど会社違うしpaypayとかappleidはチャンネル入会に対応してなくて
t_3628122,paypay,2021-12-09T00:25:06.000Z,おはようございます今週は火曜の雨の影響によりやはり前有利の馬場傾向ですね乾きも夏場と比べるとやはり少し遅い️本日も3レースと期待馬、穴馬を3頭上げていますので、興味ある方は宜しくお願い致しますいいねとrtもお願い致しますペイペイ支払いも可能です,乾きも夏場と比べるとやはり少し遅い
t_3628207,paypay,2021-12-06T03:40:01.000Z,ワイモバイルストアで機種変更をしてもキャンペーン特典はもらえません,ワイモバイルストアで機種変更をしてもキャンペーン特典はもらえません
t_3628551,paypay,2021-12-08T15:10:20.000Z,チャートの使いやすさとヒロセで引いたラインをyjfxで引き直しが面倒とかやったかな,チャートの使いやすさとヒロセで引いたラインをyjfxで引き直しが面倒
t_3628655,paypay,2021-12-14T06:40:43.000Z,シチューはファミレスのものに比べると濃厚さに欠けるし、ハンバーグ自体もビーフだけではないので以前あった和牛100%ハンバーグに比べると味が落ちる,シチューはファミレスのものに比べると濃厚さに欠けるし、ハンバーグ自体もビーフだけではないので以前あった和牛100%ハンバーグに比べると味が落ちる
t_3628726,paypay,2021-12-03T12:28:34.000Z,近所のイオンpaypay使えなくてわろた,
t_3628863,paypay,2021-12-03T04:17:10.000Z,チケットをpaypayで買ったのに、購入済みチケット欄に、いつまで経っても表示されない,購入済みチケット欄に、いつまで経っても表示されない
t_3628988,paypay,2021-12-06T21:03:26.000Z,paypayの倍企画で詐欺られました,paypayの倍企画で詐欺られました
t_3629104,paypay,2021-12-07T07:13:12.000Z,大島の鈍器本、paypayの30%還元を利用して購入しようと思って、e-honで予約しようとしたが、まだデータが上がってなくて予約できない,データが上がってなくて予約できない
t_3629190,paypay,2021-12-09T06:36:59.000Z,めんどくさいからペイペイにした,
t_3629221,paypay,2021-12-04T03:35:04.000Z,→了承し3日後アカウント再開手続きするもpaypayフリマ出品できず,paypayフリマ出品できず
t_3629442,paypay,2021-12-07T12:01:27.000Z,paypayの倍企画で詐欺られました,paypayの倍企画で詐欺られました
t_3629610,paypay,2021-12-06T15:27:59.000Z,配布、当選報告に時間がかかる事があります,配布、当選報告に時間がかかる
t_3629629,paypay,2021-12-13T02:01:53.000Z,paypayの倍企画で詐欺られました,paypayの倍企画で詐欺られました
t_3629958,paypay,2021-12-08T06:02:17.000Z,チャージ金額も大丈夫だったし、paypayの支払い完了音もメールもちゃんと届いたのに、結局処理ミス,チャージ金額も大丈夫だったし、paypayの支払い完了音もメールもちゃんと届いたのに、結局処理ミス
t_3630552,paypay,2021-12-04T04:00:54.000Z,paypayの倍企画で詐欺られました,paypayの倍企画で詐欺られました
t_3630661,paypay,2021-12-07T13:00:48.000Z,paypayの倍企画で詐欺られました,paypayの倍企画で詐欺られました
t_3630748,paypay,2021-12-03T09:36:06.000Z,例えばpaypay残高とかに入れられるとカードの引き落としには使えないから、atmで出金して振り込むという手間が増えるので逆に不便になるしね,例えばpaypay残高とかに入れられるとカードの引き落としには使えないから、atmで出金して振り込むという手間が増える
t_3631224,paypay,2021-12-08T08:26:56.000Z,paypayの使い方がわからなくてチャージ出来ませんでした,paypayの使い方がわからなくてチャージ出来ません
t_3631334,paypay,2021-12-15T13:44:37.000Z,ヤフオクで買い物したり、ヤフートラベルでホテルを予約する時にpaypayでオンライン決済する習慣があるのですが何故か交通機関の予約においては普及が遅れているんですよね,ヤフオクで買い物したり、ヤフートラベルでホテルを予約する時にpaypayでオンライン決済する習慣があるのですが何故か交通機関の予約においては普及が遅れている
t_3631576,paypay,2021-12-05T00:41:15.000Z,買ったiphone12のパスワードがホテルで起きたら変わって使えなくなってたり現在私のipadは全部遠隔操作全部破壊携帯代とかの使用料が勝手に携帯決済にされてたりpaypayも被害も凄い死にたいよ,買ったiphone12のパスワードがホテルで起きたら変わって使えなくなってたり
t_3634876,paypay,2021-12-05T15:40:32.000Z,今回は人にお金を送りたかったんだけど、それがクレカから直接は出来なかったぽい,今回は人にお金を送りたかったんだけど、それがクレカから直接は出来なかった
t_3635267,paypay,2021-12-13T23:14:00.000Z,paypayでチケ代払ってきたけど同額での連続決済引っかかるの最高に使いにくい,paypayでチケ代払ってきたけど同額での連続決済引っかかる
t_3635372,paypay,2021-12-14T15:23:43.000Z,paypay使えなくて泣いた,paypay使えなくて
t_3635860,paypay,2021-12-02T22:52:35.000Z,アカウントの設定変えないとtポイント貯まらないのに情報だけ持ってかれるのか,
t_3636044,paypay,2021-12-15T01:18:24.000Z,lineギフト友達が送ってくれたのに、paypay支払い受付状態らしくまだ届かない、,lineギフト友達が送ってくれたのに、paypay支払い受付状態らしくまだ届かない
t_3636113,paypay,2021-12-06T12:52:04.000Z,本人認証のため送金が遅れると,
t_3636212,paypay,2021-12-03T12:07:36.000Z,通信制限で低速になってる時のスマホ,
t_3636469,paypay,2021-12-14T00:48:52.000Z,ヤフオクとpaypayモールは連携してるけどメルカリとは情報連携できないよね,
t_3636510,paypay,2021-12-15T04:11:19.000Z,使用していたsaasの設定不備から2000万件以上の加盟店情報が流出した可能性がある、paypayへの不正アクセスが1位になった,
t_3637006,paypay,2021-12-05T02:08:53.000Z,paypayボーナスだけで34000pになるが、初期セットアップでインクが無くなるというウワサなので、その購入に消えると思われる,初期セットアップでインクが無くなるというウワサ
t_3637581,paypay,2021-12-06T14:01:24.000Z,→セキュリティきつくてほとんど使わず,
t_3637624,paypay,2021-12-03T08:57:24.000Z,paypalが個人的事情で使えなく、,
t_3637683,paypay,2021-12-05T09:04:30.000Z,paypayの倍企画で詐欺られました,paypayの倍企画で詐欺られました
t_3638080,paypay,2021-12-07T12:47:22.000Z,これで延々とチャージ出来なくなったわよチミチャン,チャージ出来なくなった
t_3638093,paypay,2021-12-14T23:02:39.000Z,paypayの倍企画で詐欺られました,paypayの倍企画で詐欺られました
t_3638139,paypay,2021-12-06T09:00:27.000Z,現金引き出そうとしたらキャッシュカードの金属部分がサビてて読み込まないw詰んだ,現金引き出そうとしたらキャッシュカードの金属部分がサビてて読み込まない
t_3638185,paypay,2021-12-13T17:12:45.000Z,paypayのベイクォーターのクーポンが消えてる,paypayのベイクォーターのクーポンが消えてる
t_3638807,paypay,2021-12-02T16:01:39.000Z,paypayの倍企画で詐欺られました,paypayの倍企画で詐欺られました
t_3639787,paypay,2021-12-13T21:06:48.000Z,かといって下手に新規idを作ってpaypayフリマにログインできなくなれば一番困る取引中,下手に新規idを作ってpaypayフリマにログインできなくなれば
t_3640673,paypay,2021-12-15T00:55:15.000Z,セブンイレブンのアプリでpaypay決済したあとに、iphoneの画面の明るさが勝手に真っ暗になるのなんで,セブンイレブンのアプリでpaypay決済したあとに、iphoneの画面の明るさが勝手に真っ暗になる
t_3640693,paypay,2021-12-02T15:15:10.000Z,paypay銀行作ってpaypayにチャージしてpaypayから銀行にそのまま戻すとかもダメなんかな,paypay銀行作ってpaypayにチャージしてpaypayから銀行にそのまま戻すとかもダメなんかな
t_3641571,paypay,2021-12-08T15:30:05.000Z,今日もpaypay制限されてる,paypay制限されてる
t_3641698,paypay,2021-12-13T06:55:57.000Z,決済がされていても、しばらくすると自動返金処理が実施されます,決済がされていても、しばらくすると自動返金処理が実施されます
t_3642279,paypay,2021-12-05T00:21:49.000Z,ってみんな言い出してからもうそれにしか聞こえなくなってる,ってみんな言い出してからもうそれにしか聞こえなくなってる
t_3642328,paypay,2021-12-13T21:20:47.000Z,これがpaypayだけ、linepayだけしか使えないとなったら問題ですけど,linepayだけしか使えないとなったら問題
t_3642830,paypay,2021-12-03T02:00:46.000Z,paypayカードのサイトにログインしようとしたら弾かれて焦ったが、俺はまだyjカードだったことを忘れていた,paypayカードのサイトにログインしようとしたら弾かれて
t_3643030,paypay,2021-12-13T14:15:51.000Z,paypay登録すらしてなかった,paypay登録すらしてなかった
t_3643491,paypay,2021-12-15T13:56:46.000Z,paypay送金してみようかなー思ってるけどなぜあんなにチャージがめんどくさいシステムなのか,チャージがめんどくさいシステムなのか
t_3643693,paypay,2021-12-04T10:14:14.000Z,送った側が本人確認してなかったらpaypayマネーライトになって口座出金ができないってこと,本人確認してなかったらpaypayマネーライトになって口座出金ができない
t_3643763,paypay,2021-12-08T14:51:31.000Z,paypay受け取りリンク送ったらブロックされました,paypay受け取りリンク送ったらブロックされました
t_3644164,paypay,2021-12-02T20:01:54.000Z,paypayの倍企画で詐欺られました,paypayの倍企画で詐欺られました
t_3644745,paypay,2021-12-05T01:59:11.000Z,まだpaypay使えないくらい電波弱かった,電波弱かった
t_3644799,paypay,2021-12-03T12:25:45.000Z,ちょうど仕事のお使いでを使おうとしたら使えなくてビビった,ちょうど仕事のお使いでを使おうとしたら使えなくて
t_3645481,paypay,2021-12-04T22:14:21.000Z,フォーム送られましたが入金がされておりません,入金がされておりません
t_3645694,paypay,2021-12-05T23:49:43.000Z,paxpayは現実的にお金を見ないし支払う時の心のハードルが低い気がする,paxpayは現実的にお金を見ないし支払う時の心のハードルが低い
t_3646016,paypay,2021-12-14T09:35:50.000Z,いきなり返答遅くなってwでもツイートはしててw,いきなり返答遅くなって
t_3646045,paypay,2021-12-13T11:34:11.000Z,paypayアプリが複数端末で使えなくなってめんどくさい不便,paypayアプリが複数端末で使えなくなってめんどくさい
t_3646709,paypay,2021-12-03T12:42:35.000Z,オフィスでお菓子買うやつ導入されたんだが、paypayorlinepayord払いでしか決済できなくてクソすぎる,オフィスでお菓子買うやつ導入されたんだが、paypayorlinepayord払いでしか決済できなくて
t_3646893,paypay,2021-12-05T02:53:17.000Z,お返事が遅くなってしまい申し訳ありません,お返事が遅くなってしまい
t_3647218,paypay,2021-12-06T03:36:36.000Z,先週くらいについにpaypay入れてやっとチャージしようとお金おろしたのにインターネットに繋がりませんって頻繁にでてきて全然使えん,インターネットに繋がりません
t_3647271,paypay,2021-12-08T10:47:22.000Z,対応遅くなってすみません,対応遅くなってすみません
t_3647486,paypay,2021-12-02T21:29:27.000Z,病院内のコンビニでもpaypay使えるはずなんだけど、病院内はコンクリートに覆われすぎて電波悪すぎて結局使えないの草,コンクリートに覆われすぎて電波悪すぎ
t_3648160,paypay,2021-12-15T07:47:28.000Z,paypayでおやつ買おうとしたら残高9円で買えなかった,残高9円で買えなかった
t_3648214,paypay,2021-12-06T04:40:17.000Z,未だにiphoneでどちらの回線も繋がらない,iphoneでどちらの回線も繋がらない
t_3648329,paypay,2021-12-03T07:00:43.000Z,paypayの倍企画で詐欺られました,paypayの倍企画で詐欺られました
t_3648630,paypay,2021-12-08T13:02:01.000Z,paypayの倍企画で詐欺られました,paypayの倍企画で詐欺られました
t_3648740,paypay,2021-12-14T14:31:35.000Z,paypay送ったら、ブロックされますー,paypay送ったら、ブロックされます
t_3648957,paypay,2021-12-05T11:01:16.000Z,paypayの倍企画で詐欺られました,paypayの倍企画で詐欺られました
t_3649078,paypay,2021-12-02T18:01:51.000Z,paypayの倍企画で詐欺られました,paypayの倍企画で詐欺られました
t_3649109,paypay,2021-12-05T10:31:53.000Z,頭がバグってる,頭がバグってる
t_3649850,paypay,2021-12-03T07:16:25.000Z,paypayの入金方法さえわからないけど、応募しまーす,paypayの入金方法さえわからない
t_3650341,paypay,2021-12-05T12:35:04.000Z,駆け込みでふるさと納税一気に申し込んだら、paypayで決済できなくなったあと2件,paypayで決済できなくなった
t_3650500,paypay,2021-12-14T23:14:30.000Z,使用していたsaasの設定不備から2000万件以上の加盟店情報が流出した可能性がある、paypayへの不正アクセスが1位になった,
t_3651054,paypay,2021-12-08T14:16:30.000Z,paypayフリマ開始からもう2年は経つのに未だにパソコンから出品できない,paypayフリマ開始からもう2年は経つのに未だにパソコンから出品できない
t_3651434,paypay,2021-12-05T09:22:25.000Z,いいね無い場合通知が埋もれ対応が遅れる場合があります,通知が埋もれ対応が遅れる
t_3651451,paypay,2021-12-08T10:35:16.000Z,前までショッピングモール内でも電波入ったのに最近電波が表示になってお店のアプリとか支払いにpaypayとか使えない,電波が表示になってお店のアプリとか支払いにpaypayとか使えない
t_3652228,paypay,2021-12-03T01:01:36.000Z,paypayの倍企画で詐欺られました,paypayの倍企画で詐欺られました
t_3652247,paypay,2021-12-07T03:53:52.000Z,tポイントカード併用だったけど、モバイルのみになってしまうってことかな,tポイントカード併用だったけど、モバイルのみになってしまう
t_3652262,paypay,2021-12-14T14:32:52.000Z,paypay送ったら、ブロックされますー,paypay送ったら、ブロックされます
t_3652642,paypay,2021-12-04T05:29:55.000Z,店の端末のカメラが壊れてるらしくて,店の端末のカメラが壊れてる
t_3653339,paypay,2021-12-04T14:01:36.000Z,paypayの倍企画で詐欺られました,paypayの倍企画で詐欺られました
t_3653420,paypay,2021-12-06T03:02:27.000Z,paypayの倍企画で詐欺られました,paypayの倍企画で詐欺られました
t_3654262,paypay,2021-12-08T04:05:42.000Z,paypayの倍企画で詐欺られました,paypayの倍企画で詐欺られました
t_3654453,paypay,2021-12-15T17:04:58.000Z,出来なくて泣,出来なくて
t_3654764,paypay,2021-12-14T05:05:34.000Z,paypay、振込手数料掛からないの便利過ぎてグッズ譲渡系で率先して使ってるけど、人によってqrコードにしてくれリンクにしてくれって希望する対応がバラバラだから多少面倒くささがあるな,希望する対応がバラバラ
t_3654885,paypay,2021-12-06T04:15:40.000Z,paypayアプリでubereatsミニアプリで注文キャンペーン、何度やっても日を変えても、アイコンクリックして次の画面で電話番号表示されるところの下の次へボタンがiphoneでは全く反応せず止まる,止まる
t_3655124,paypay,2021-12-07T00:46:17.000Z,ただpaypay決済の場合同じ金額の商品の決済が3個までしかできなくて4個以降は5分以上空けてから決済できないんで待たされてる間に別の商品の予約が終了なんて地獄絵図があるかもしれませんので要注意です\_・ω・`ココ重要,同じ金額の商品の決済が3個までしかできなくて4個以降は5分以上空けてから決済できないん
t_3655740,paypay,2021-12-14T13:53:16.000Z,新しいクリスタの機能試したいところだけど、paypayの不具合に悪戦苦闘中,paypayの不具合
t_3655779,paypay,2021-12-03T03:30:51.000Z,paypayキャンペーンの20-30%offが強すぎて、paypayでしか買い物出来なくなりそう,paypayキャンペーンの20-30%offが強すぎて、paypayでしか買い物出来なくなりそう
t_3655999,paypay,2021-12-08T04:11:39.000Z,確認中にブロックされました^_^,確認中にブロックされました
t_3656253,paypay,2021-12-02T22:00:05.000Z,paypayの電話番号、テストで変更してみたら、メイン番号に戻せなくなってつらい,paypayの電話番号、テストで変更してみたら、メイン番号に戻せなくなってつらい
t_3656443,paypay,2021-12-13T18:02:28.000Z,paypayの倍企画で詐欺られました,paypayの倍企画で詐欺られました
t_3657189,paypay,2021-12-03T12:40:11.000Z,クレカが利用額マックスでquicpayもお買い物も田舎はネットで買うしかない出来なくて不便だし、冬服無くて死亡だったけどzozoがpaypay決済出来るようになっててめちゃくちゃ買い物出来てホクホク,クレカが利用額マックスでquicpayもお買い物も田舎はネットで買うしかない出来なくて
t_3657424,paypay,2021-12-13T04:14:20.000Z,久しぶりにpaypayボーナス運用画面開いたらかなり増えてた,久しぶりにpaypayボーナス運用画面開いたらかなり増えてた
t_3657728,paypay,2021-12-07T13:49:44.000Z,もういいかなpaypay倍にしなくて,もういいかなpaypay倍にしなくて
t_3657954,paypay,2021-12-14T22:02:29.000Z,paypayの倍企画で詐欺られました,paypayの倍企画で詐欺られました
t_3658025,paypay,2021-12-07T23:29:23.000Z,コンセプトからしたら当たり前なんだけど、前回使えたのに今回は使えない地域が増えてる,
t_3658579,paypay,2021-12-03T12:30:48.000Z,candfanspaypay支払い出来ないのか,candfanspaypay支払い出来ないのか
t_3658646,paypay,2021-12-05T11:02:50.000Z,paypayの倍企画で詐欺られました,paypayの倍企画で詐欺られました
t_3660015,paypay,2021-12-13T22:28:06.000Z,ワイモバイルとpaypayの連携が何回やってもできない、、、,ワイモバイルとpaypayの連携が何回やってもできない
t_3660145,paypay,2021-12-05T13:12:37.000Z,重複還元可能ならすごい公式hpでは曖昧な表現だった,重複還元可能ならすごい公式hpでは曖昧な表現だった
t_3660239,paypay,2021-12-15T07:01:18.000Z,paypayの倍企画で詐欺られました,paypayの倍企画で詐欺られました
t_3660276,paypay,2021-12-05T14:02:30.000Z,paypayの倍企画で詐欺られました,paypayの倍企画で詐欺られました
t_3660614,paypay,2021-12-07T05:56:32.000Z,セブンイレブンでpaypayで払う時にいちいちバーコード決済押して下さい言うてくる奴臭過ぎ,
t_3661076,paypay,2021-12-04T10:01:02.000Z,paypayの倍企画で詐欺られました,paypayの倍企画で詐欺られました
t_3661970,paypay,2021-12-14T12:03:01.000Z,そういや、肉まんを買おうとpaypay使ったんだけど、温め中だったらしくて返金してもらったんだけど、同じ値段のものを買おうとすると制限がかかるんだね,同じ値段のものを買おうとすると制限がかかる
t_3663068,paypay,2021-12-05T12:17:30.000Z,メルカリとpaypayフリマがじゃんじゃか売れてて発送処理が追いつかない,
t_3663108,paypay,2021-12-03T13:18:14.000Z,と言っておきながらうまいことアカウント作れなくて苦戦している,うまいことアカウント作れなくて
t_3663130,paypay,2021-12-03T16:29:28.000Z,paypayにチャージしようとしたら弾かれました,paypayにチャージしようとしたら弾かれました
t_3663355,paypay,2021-12-04T02:02:04.000Z,paypayの倍企画で詐欺られました,paypayの倍企画で詐欺られました
t_3663444,paypay,2021-12-04T06:00:15.000Z,変に5gつかんで通信が出来なかったのだろうか,変に5gつかんで通信が出来なかった
t_3663698,paypay,2021-12-07T09:48:57.000Z,結局paypayをインストールしたところで止まってるw,paypayをインストールしたところで止まってる
t_3663856,paypay,2021-12-14T12:15:21.000Z,linepayとかpaypayとかサービス超えて連携できたら言うことなしやで,
t_3664866,paypay,2021-12-05T03:10:37.000Z,paypayカード登録まだios版で登録出来ないのかよ,paypayカード登録まだios版で登録出来ないのか
t_3665149,paypay,2021-12-05T06:00:47.000Z,ヤフショのpaypay付与は上限が凄く少ないのも多いから、月2万円くらいまでなら良いけどそれ以上だと付与率10%くらい落ちるの,ヤフショのpaypay付与は上限が凄く少ないのも多いから、月2万円くらいまでなら良いけどそれ以上だと付与率10%くらい落ちる
t_3665682,paypay,2021-12-03T14:06:16.000Z,楽天ユーザーのため楽天payを使っていますが、コンビニ以外だとまだまだ使えるところが限られます,楽天ユーザーのため楽天payを使っていますが、コンビニ以外だとまだまだ使えるところが限られます
t_3665697,paypay,2021-12-04T16:12:18.000Z,携帯変えたらpaypayで送金できなくなった,携帯変えたらpaypayで送金できなくなった
t_3665796,paypay,2021-12-05T08:10:21.000Z,対象店舗でものぼり旗を掲示してないとこが多いので、paypayご利用の方はアプリでご確認を,
t_3666746,paypay,2021-12-09T03:10:45.000Z,せっかくペイペイで松屋帰ってくるところだったのにクーポン獲得出来てなかった,クーポン獲得出来てなかった
t_3667410,paypay,2021-12-07T13:07:59.000Z,そろそろ詐欺られた時許せなくなってきた,詐欺られた時許せなくなってきた
t_3667473,paypay,2021-12-06T05:00:42.000Z,paypayの倍企画で詐欺られました,paypayの倍企画で詐欺られました
t_3668605,paypay,2021-12-14T15:13:09.000Z,idの連携だけやんないとダメかな,idの連携だけやんないとダメかな
t_3668989,paypay,2021-12-05T12:15:05.000Z,ペイペイの送金受け取り方法が全くわからなくてつんでる←,
t_3669150,paypay,2021-12-04T08:45:40.000Z,マクドナルド、モバイルオーダーはpaypay使えるのに店頭では使えないのが意外だったな,マクドナルド、モバイルオーダーはpaypay使えるのに店頭では使えない
t_3669193,paypay,2021-12-06T14:35:47.000Z,電子決済導入してる店でquicpay使えませんってまだ一度も言われたことない,電子決済導入してる店でquicpay使えません
t_3669289,paypay,2021-12-05T12:36:29.000Z,昔使ってたアカウントをそのままにして、ケータイを新規登録や格安simに乗り換えたりして新しい番号でpaypayやると口座登録の前の本人確認すらできない,本人確認すらできない
t_3669358,paypay,2021-12-03T23:02:15.000Z,paypayの倍企画で詐欺られました,paypayの倍企画で詐欺られました
t_3669600,paypay,2021-12-13T02:51:02.000Z,アプリ自体はいいけど電波悪すぎて電話したくても繋がらないってことがしょっちゅう出てくると思うよ,電波悪すぎて電話したくても繋がらない
t_3669657,paypay,2021-12-03T02:27:04.000Z,セブンでの支払いにpaypayが使えない,セブンでの支払いにpaypayが使えない
t_3669662,paypay,2021-12-05T01:01:11.000Z,paypayの倍企画で詐欺られました,paypayの倍企画で詐欺られました
t_3669676,paypay,2021-12-04T10:21:09.000Z,己龍さんが使えるならroyzさんでも使えるようにして欲しいwww,己龍さんが使えるならroyzさんでも使えるようにして欲しい
t_3669759,paypay,2021-12-05T02:28:30.000Z,paypayカードに勝手に切り替わりtポイントも使えなくなるというので切替を希望しないを選んだら、有効期限に関係なくyahooカードが解約になったっぽい,paypayカードに勝手に切り替わりtポイントも使えなくなるというので切替を希望しないを選んだら、有効期限に関係なくyahooカードが解約になった
t_3669910,paypay,2021-12-15T08:16:40.000Z,paypayフリマでカップヌードルの関連商品について質問をしようとすると禁止されている語句が含まれていますってエラーが出てさ,paypayフリマでカップヌードルの関連商品について質問をしようとすると禁止されている語句が含まれていますってエラーが出てさ
t_3669917,paypay,2021-12-05T07:55:03.000Z,adguardproiosはdnsをadguarddnsにしていると広告ブロックが干渉してpaypayやd払いのバーコードが表示できないときがある,adguardproiosはdnsをadguarddnsにしていると広告ブロックが干渉してpaypayやd払いのバーコードが表示できない
t_3670050,paypay,2021-12-06T07:45:18.000Z,落札金額で手数料のレート変えてみるとか一切やらない,
t_3670107,paypay,2021-12-04T01:42:03.000Z,私の隣のレジでおばちゃんがpaypay支払いしたかったのになかなか繋がらん,私の隣のレジでおばちゃんがpaypay支払いしたかったのになかなか繋がらん
t_3670115,paypay,2021-12-06T08:53:36.000Z,セキュリティコード等無限に間違えてもロックされない仕様だったため、,セキュリティコード等無限に間違えてもロックされない仕様だった
t_3670348,paypay,2021-12-08T07:08:25.000Z,ラクマのメール配信停止できないの、それだけで大会を考えるほどにくそ,
t_3670486,paypay,2021-12-14T00:02:15.000Z,paypayの倍企画で詐欺られました,paypayの倍企画で詐欺られました
t_3670703,paypay,2021-12-13T01:35:38.000Z,電子決済ってpaypayとかなんかな,電子決済ってpaypayとかなんかな
t_3670785,paypay,2021-12-07T11:02:36.000Z,paypayの倍企画で詐欺られました,paypayの倍企画で詐欺られました
t_3670846,paypay,2021-12-13T09:02:52.000Z,paypayの倍企画で詐欺られました,paypayの倍企画で詐欺られました
t_3671253,paypay,2021-12-15T12:19:47.000Z,リプ送信できてなかった,リプ送信できてなかった
t_3671271,paypay,2021-12-06T22:17:33.000Z,で、linepayって東南アジアにシェアあるので簡単にpaypayに統合出来ないとか事情があるらしいが́・ω・`,linepayって東南アジアにシェアあるので簡単にpaypayに統合出来ない
t_3671560,paypay,2021-12-05T08:27:27.000Z,yahooshoppingのポイントがペイペイ支払い以外しぶくなってきたな,yahooshoppingのポイントがペイペイ支払い以外しぶくなってきた
t_3671820,paypay,2021-12-03T06:56:49.000Z,paypay、システム障害で二重決済のトラブルも決済取り消し対応へ-itmediamobile,
t_3672045,paypay,2021-12-06T09:34:08.000Z,引っ越してカード払い出来てない期間が長すぎてカード再発行の審査通らねぇ,引っ越してカード払い出来てない期間が長すぎてカード再発行の審査通らねぇ
t_3672104,paypay,2021-12-08T07:07:01.000Z,わかりにくくて草,わかりにくくて
t_3672426,paypay,2021-12-04T05:35:21.000Z,paypayの請求依頼読んでるならそのまま返金してもらえませんか,paypayの請求依頼読んでるならそのまま返金してもらえませんか
t_3672748,paypay,2021-12-04T11:40:34.000Z,間にkyashを挟む方法もあるにはあるけど、そもそもpaypayカードがapplepay非対応はないわー,間にkyashを挟む方法もあるにはあるけど、そもそもpaypayカードがapplepay非対応はない
t_3673209,paypay,2021-12-13T23:03:43.000Z,paypayの倍企画で詐欺られました,paypayの倍企画で詐欺られました
t_3673344,paypay,2021-12-15T14:55:05.000Z,paypayも開かんし、ファミペイの読み込みも遅いしどうにかしてくれよ,paypayも開かんし、ファミペイの読み込みも遅い
t_3673662,paypay,2021-12-03T14:23:19.000Z,自販機壊れててpaypay使えないんだけど,
t_3673751,paypay,2021-12-03T22:02:21.000Z,paypayの倍企画で詐欺られました,paypayの倍企画で詐欺られました
t_3673844,paypay,2021-12-06T13:17:23.000Z,カード解約しないといけないのがめんどくさい,カード解約しないといけないのがめんどくさい
t_3674274,paypay,2021-12-15T09:47:19.000Z,マルキョウ大村松並店、繋がってる隣のキャンドゥではpaypay使えるのに対応してないのダルすぎる,マルキョウ大村松並店、繋がってる隣のキャンドゥではpaypay使えるのに対応してない
t_3674279,paypay,2021-12-07T04:05:20.000Z,ジャパンネット銀行もyahooカードもpaypayに変わってめんどくさい,ジャパンネット銀行もyahooカードもpaypayに変わってめんどくさい
t_3675095,paypay,2021-12-07T14:14:47.000Z,lineにしてもどこまでの決済情報が漏れたのか,lineにしてもどこまでの決済情報が漏れたのか
t_3675315,paypay,2021-12-05T07:25:25.000Z,今日、お昼に会計しようとした時、paypay遅かったです,今日、お昼に会計しようとした時、paypay遅かった
t_3675393,paypay,2021-12-04T08:00:06.000Z,昨日一瞬利確しようと思って引き出すボタン押した瞬間300円くらい下がっておこ,引き出すボタン押した瞬間300円くらい下がって
t_3675445,paypay,2021-12-15T01:23:58.000Z,流れが速すぎる,流れが速すぎる
t_3675801,paypay,2021-12-06T14:02:18.000Z,7paypaypaylinepayとバーコード決済やらかし過ぎでは,7paypaypaylinepayとバーコード決済やらかし過ぎ
t_3675975,paypay,2021-12-14T15:03:43.000Z,優しい人paypay送金してくれないかな本当年末年始お金なくてしんど育休手当て今月入る予定だったのに会社が勝手に住所かえてて手続きできないって、、、その手当てがどんなに大事がわからないのかな,会社が勝手に住所かえてて手続きできない
t_3676042,paypay,2021-12-03T19:24:51.000Z,paypayフリマの通知がちゃんと来てなかった、アプリ起動したら通知来た,paypayフリマの通知がちゃんと来てなかった、アプリ起動したら通知来た
t_3677224,paypay,2021-12-07T10:42:43.000Z,2枚目のポスカミクは画像のように状態が悪いです,2枚目のポスカミクは画像のように状態が悪い
t_3677336,paypay,2021-12-03T14:15:34.000Z,paypayの本人確認認証むずくない,paypayの本人確認認証むずくない
t_3677519,paypay,2021-12-03T07:02:12.000Z,paypayの倍企画で詐欺られました,paypayの倍企画で詐欺られました
t_3678533,paypay,2021-12-06T10:50:29.000Z,検索したら、paypay銀行の口座を持っていないとダメとかニャンとか,
t_3678646,paypay,2021-12-15T15:40:32.000Z,"11月後半にpaypayモールから申し込んだイオンモバイルのエントリーパッケージ分の2,000ptの付与が遅れている不具合があるらしく、問題解決までどのくらいか不明とのこと","イオンモバイルのエントリーパッケージ分の2,000ptの付与が遅れている"
t_3678725,paypay,2021-12-08T06:51:40.000Z,また、paypayに登録している携帯電話番号と異なる場合は連携ができませんのでご注意ください,paypayに登録している携帯電話番号と異なる場合は連携ができません
t_3678750,paypay,2021-12-04T10:19:11.000Z,yahooがtポイントをやめてpaypayに統一するらしいけど、tポイントをpaypayに変換できないんだな,tポイントをpaypayに変換できない
t_3678908,paypay,2021-12-13T06:39:34.000Z,paypayが三井住友アプリとうまくリンクしなくて発狂しそうもう嫌だ知らん,paypayが三井住友アプリとうまくリンクしなくて
t_3679050,paypay,2021-12-15T03:05:44.000Z,paypayの倍企画で詐欺られました,paypayの倍企画で詐欺られました
t_3679057,paypay,2021-12-04T23:55:06.000Z,paypayforbusinessのログインがここ3日間毎日エラーで出来なくなります,paypayforbusinessのログインがここ3日間毎日エラーで出来なくなります
t_3679115,paypay,2021-12-14T11:12:35.000Z,paypay証券口座開設までに、2〜3週間かかる,paypay証券口座開設までに、2〜3週間かかる
t_3679402,paypay,2021-12-14T12:33:57.000Z,paypay使えるようにしてくれ,paypay使えるようにしてくれ
t_3680167,paypay,2021-12-05T09:39:55.000Z,ファボーレにある無印で買物したけどレジ付近が電波悪いんかペイペイか開かず,ファボーレにある無印で買物したけどレジ付近が電波悪いんかペイペイか開かず
t_3680796,paypay,2021-12-04T05:01:40.000Z,paypayの倍企画で詐欺られました,paypayの倍企画で詐欺られました
t_3680884,paypay,2021-12-06T00:31:46.000Z,paypayとポイントカード両方読み取ると両方スマホだと画面を行き来したり最悪ログインとかでかなりの時間かかるし、d払いもポイントとd払いでって言うのだと多分コミュニケーションミスで支払い方法間違えたり、手間も増えたりするから、両方ともキャッシングタイム関係ない,paypayとポイントカード両方読み取ると両方スマホだと画面を行き来したり最悪ログインとかでかなりの時間かかる
t_3681089,paypay,2021-12-04T03:38:21.000Z,名前変更できなくて草,名前変更できなくて
t_3681644,paypay,2021-12-14T10:27:48.000Z,paypay導入したらみんなpaypay払いになってしまったのだ,paypay導入したらみんなpaypay払いになってしまった
t_3682101,paypay,2021-12-07T08:11:26.000Z,確定内容をpaypayで参照すると勝手に抽選音声がマナーモード関係無く再生されて困る,確定内容をpaypayで参照すると勝手に抽選音声がマナーモード関係無く再生されて
t_3682160,paypay,2021-12-08T06:12:39.000Z,三菱ufj銀行がpaypayに登録できひんのバグすぎる,三菱ufj銀行がpaypayに登録できひん
t_3682569,paypay,2021-12-05T12:36:17.000Z,企画用とかのpaypayほしいな,企画用とかのpaypayほしい
t_3682852,paypay,2021-12-15T10:17:30.000Z,dmでやりとりしててpaypay送金したらブロックされて連絡取れなくなった,dmでやりとりしててpaypay送金したらブロックされて連絡取れなくなった
t_3683293,paypay,2021-12-04T15:56:25.000Z,細々とした支払い一々入力すんのが一番めんどくさいのに、そこ対応できてないとか勘弁してほしい,細々とした支払い一々入力すんのが一番めんどくさい
t_3683301,paypay,2021-12-07T04:42:31.000Z,ソフトバンクのpaypayうますぎて格安スマホの方が割高になる,
t_3684201,paypay,2021-12-15T15:38:37.000Z,菅久電子マネーやクレジット使えるようにならないかな,菅久電子マネーやクレジット使えるようにならないかな
t_3684380,paypay,2021-12-03T03:51:03.000Z,通知onが増えて欲しいな,
t_3684530,paypay,2021-12-04T03:12:18.000Z,秋ヶ瀬バイクロアは位置的に電波だけが悪いwwwpaypay使えないw,秋ヶ瀬バイクロアは位置的に電波だけが悪いwwwpaypay使えない
t_3684658,paypay,2021-12-15T17:00:55.000Z,paypayの倍企画で詐欺られました,paypayの倍企画で詐欺られました
t_3685251,paypay,2021-12-06T04:16:14.000Z,コンビニ行ったら勝手に繋がらないwi-fiに繋ぐの辞めて欲しい,コンビニ行ったら勝手に繋がらないwi-fiに繋ぐの辞めて欲しい
t_3685947,paypay,2021-12-05T16:12:07.000Z,dm承認がない場合dmが届きません,dm承認がない場合dmが届きません
t_3686216,paypay,2021-12-05T05:50:12.000Z,トレバとかgotonとかなぜかpaypay使えるのにヨドバシとかamazonが使えないのがな〜,トレバとかgotonとかなぜかpaypay使えるのにヨドバシとかamazonが使えない
t_3686659,paypay,2021-12-14T01:14:00.000Z,ってなってくしの先端みたら丸くない,ってなってくしの先端みたら丸くない
t_3687982,paypay,2021-12-05T16:01:31.000Z,paypayの倍企画で詐欺られました,paypayの倍企画で詐欺られました
t_3688102,paypay,2021-12-06T13:46:04.000Z,手元に通知来るのでiphone見る回数減りましたし、電話できるし、睡眠管理できるし、paypay決済できるしでほかの時計ほぼつけなくなりましたwww,iphone見る回数減りましたし、電話できるし、睡眠管理できるし、paypay決済できるしでほかの時計ほぼつけなくなりました
t_3688155,paypay,2021-12-15T01:03:32.000Z,paypay残高が残っているけど出金出来ない使い道がない,paypay残高が残っているけど出金出来ない使い道がない
t_3688625,paypay,2021-12-05T03:01:32.000Z,paypayの倍企画で詐欺られました,paypayの倍企画で詐欺られました
t_3688699,paypay,2021-12-06T10:52:19.000Z,付与上限まであといくらか確認できないだけでなく、付与予定のポイントすらも履歴から見れない,付与上限まであといくらか確認できない
t_3688720,paypay,2021-12-14T10:19:22.000Z,android端末でpaypayログインしてたらいつの間にか、iphoneの方が勝手にログアウトされてた,android端末でpaypayログインしてたらいつの間にか、iphoneの方が勝手にログアウトされてた
t_3688973,paypay,2021-12-02T18:01:37.000Z,paypayの倍企画で詐欺られました,paypayの倍企画で詐欺られました
t_3689008,paypay,2021-12-04T02:59:10.000Z,paypay使うようになって、現金の補充が疎かになってる,
t_3689101,paypay,2021-12-13T09:25:45.000Z,paypay、プリペイド式カードでチャージもできなかっちゃ,paypay、プリペイド式カードでチャージもできなかっちゃ
t_3689638,paypay,2021-12-07T09:39:38.000Z,yahooカードヘビーユーザーとしては、tポイント爆貯まりで、イオンカードよりも使うくらい最前線で活躍してたから、寂しい気もするけど、改善はあっても、間違っても改悪はないようにしてほしい,yahooカードヘビーユーザーとしては、tポイント爆貯まりで、イオンカードよりも使うくらい最前線で活躍してたから、寂しい気もするけど、改善はあっても、間違っても改悪はないようにしてほしい
t_3689655,paypay,2021-12-03T15:25:39.000Z,電子マネー色々使いすぎてて、どこにいくら入ってるか全然分からなくなった笑笑,電子マネー色々使いすぎてて、どこにいくら入ってるか全然分からなくなった
t_3689657,paypay,2021-12-08T20:02:06.000Z,paypayの倍企画で詐欺られました,paypayの倍企画で詐欺られました
t_3689932,paypay,2021-12-06T14:30:50.000Z,今のところapplepay未対応とetcカードが作れないのが難点,applepay未対応とetcカードが作れない
t_3690159,paypay,2021-12-14T05:00:48.000Z,paypayの倍企画で詐欺られました,paypayの倍企画で詐欺られました
t_3690195,paypay,2021-12-14T12:27:14.000Z,カードかd払いかsuica使えるようにしてほしい,カードかd払いかsuica使えるようにしてほしい
t_3690338,paypay,2021-12-08T15:46:00.000Z,スマホ乗り替えたらpaypayチャージがまとめて支払い出来なくなって物凄い面倒くさいことになった,スマホ乗り替えたらpaypayチャージがまとめて支払い出来なくなって
t_3691677,paypay,2021-12-05T03:01:38.000Z,すかいらーくapplewatchのpaypayが読み取れない,すかいらーくapplewatchのpaypayが読み取れない
t_3691715,paypay,2021-12-13T19:01:50.000Z,paypayの倍企画で詐欺られました,paypayの倍企画で詐欺られました
t_3692377,paypay,2021-12-04T01:53:05.000Z,paypayが超不具合で一時使えなくなってソーシャゲの緊急メンテの時みたいにtwitterで謝ってる夢見た,paypayが超不具合で一時使えなくなって
t_3692701,paypay,2021-12-13T06:05:10.000Z,最近は残高がほとんどなく企画ができていません、,残高がほとんどなく企画ができていません
t_3692880,paypay,2021-12-05T01:42:57.000Z,昨日paypay使おうとお金チャージしようとしたら、連携してるみずほ銀行がメンテナンス中でめちゃくちゃ焦った,みずほ銀行がメンテナンス中でめちゃくちゃ焦った
t_3693581,paypay,2021-12-15T22:52:06.000Z,配布、当選報告に時間がかかる事があります,配布、当選報告に時間がかかる
t_3693870,paypay,2021-12-08T01:08:57.000Z,真面目に外国に対するサイバーアタックができるようにすべき,真面目に外国に対するサイバーアタックができるようにすべき
t_3694023,paypay,2021-12-06T10:16:03.000Z,paypayのキャンペーンがどんどんショボくなってる,paypayのキャンペーンがどんどんショボくなってる
t_3694391,paypay,2021-12-15T05:01:01.000Z,paypayの倍企画で詐欺られました,paypayの倍企画で詐欺られました
t_3694797,paypay,2021-12-03T17:02:30.000Z,paypayの倍企画で詐欺られました,paypayの倍企画で詐欺られました
t_3694799,paypay,2021-12-13T09:17:00.000Z,stagecrowdでチケットをpaypay買ったんだけどさ、購入履歴のところに表示されないの,購入履歴のところに表示されない
t_3694934,paypay,2021-12-07T03:03:48.000Z,ヤフーカードがpaypayカードに移行してtポイントの付与利用がなくなる模様,
t_3695282,paypay,2021-12-03T12:34:47.000Z,paypayアプリで本キャンペーン適用店舗と出てきてもpaypay払いすらできない店舗も出てくるので必ず入店前に確認して下さい,paypayアプリで本キャンペーン適用店舗と出てきてもpaypay払いすらできない店舗も出てくる
t_3695295,paypay,2021-12-14T09:53:30.000Z,dmお待ちしておりますdm通知が来ないため反応遅れます,dmお待ちしておりますdm通知が来ないため反応遅れます
t_3695578,paypay,2021-12-04T08:14:26.000Z,明細が分からなくなったw,明細が分からなくなった
t_3696435,paypay,2021-12-13T01:28:58.000Z,paypayに登録していないと受け取ることができません,paypayに登録していないと受け取ることができません
t_3696470,paypay,2021-12-08T03:13:40.000Z,ミスド福袋予約^ν^ペイペイにしたら予約完了メールこないし心配したが時間差できた模様,予約完了メールこない
t_3697093,paypay,2021-12-06T15:35:19.000Z,paypay、トマト銀行対応してるのにufjと郵政対応してないから割とマジでクソ,paypay、トマト銀行対応してるのにufjと郵政対応してない
t_3697102,paypay,2021-12-03T10:01:48.000Z,マネーフォワードとか使ってるとpaypayの支払い手入力しなきゃいけないので面倒くさいんだよね,
t_3697831,paypay,2021-12-02T15:20:30.000Z,なぜか本人証明でスキャンさせてるのに登録できん,本人証明でスキャンさせてるのに登録できん
t_3697945,paypay,2021-12-14T12:28:43.000Z,配信系とlineとgoogle関連のログインがうまくいかん,配信系とlineとgoogle関連のログインがうまくいかん
t_3698385,paypay,2021-12-14T14:01:21.000Z,paypayの倍企画で詐欺られました,paypayの倍企画で詐欺られました
t_3698567,paypay,2021-12-05T04:22:22.000Z,paypayを試しに使いはじめたんだけど、どんどん還元がしょぼくなってる,還元がしょぼくなってる
t_3698879,paypay,2021-12-15T13:00:44.000Z,買えなくなってた,買えなくなってた
t_3698979,paypay,2021-12-04T16:02:54.000Z,paypayの倍企画で詐欺られました,paypayの倍企画で詐欺られました
t_3699051,paypay,2021-12-13T13:53:46.000Z,paypayで送金する際にiphoneのパスコードを有効にした後でまた無効にしようとしたら、数分前に使えていたパスワードが使えなくなってしまいました,パスワードが使えなくなってしまいました
t_3699144,paypay,2021-12-07T13:14:10.000Z,ペイペイとヤフーとtポイントでこんがらがる,
t_3699180,paypay,2021-12-08T03:04:16.000Z,わざわざレジ前でline友達登録で〜ってやるくらいならユーザー側の操作数減るからこっちのがux良さそう,ユーザー側の操作数減る
t_3699225,paypay,2021-12-07T03:05:43.000Z,あんスタ時光缶バッジ颯馬3点の譲渡を予定しておりましたが、アカウントが凍結されており、お取引ができません,アカウントが凍結されており、お取引ができません
t_3699302,paypay,2021-12-08T10:14:04.000Z,は多くの首都圏の駅で電波がない,は多くの首都圏の駅で電波がない
t_3699317,paypay,2021-12-04T12:00:23.000Z,paypayとか登録しようとすら思ったことないのにsmsで承認通知鬼のように来るんだけどなんなん,paypayとか登録しようとすら思ったことないのにsmsで承認通知鬼のように来る
t_3699537,paypay,2021-12-03T04:20:31.000Z,paypayとペイジー分かりづらいんや,
t_3699606,paypay,2021-12-04T03:51:05.000Z,狭小スペースに続行便と2台押し込まれる,
t_3699929,paypay,2021-12-03T07:16:19.000Z,softbankiphoneの月々の支払いにpaypay分を合わせて使ってるんだけど、上限が10万ってのを知らなくて先月急にpaypay使えなくなってクソガァってなった,上限が10万ってのを知らなくて先月急にpaypay使えなくなってクソガァってなった
t_3700082,paypay,2021-12-08T13:43:51.000Z,日本ipを必要とするアプリpaypay等が利用できないとかの欠点もありますが、楽天モバイルでカバーして、圏外でないことをお祈りですね,日本ipを必要とするアプリpaypay等が利用できない
t_3700567,paypay,2021-12-06T02:54:02.000Z,おサイフケータイを使っていたがスマホを紛失や故障するたびに再登録するのが面倒になりやめた,
t_3701269,paypay,2021-12-06T17:01:33.000Z,paypayの倍企画で詐欺られました,paypayの倍企画で詐欺られました
t_3701379,paypay,2021-12-13T02:23:09.000Z,交通違反の反則金、その場でpaypayとかで払えるようにしてほしい,交通違反の反則金、その場でpaypayとかで払えるようにしてほしい
t_3701916,paypay,2021-12-06T05:30:47.000Z,paypayクーポンのお店、クーポンの設定が謎過ぎる,paypayクーポンのお店、クーポンの設定が謎過ぎる
t_3702017,paypay,2021-12-13T13:33:17.000Z,paypayとライン使えない,paypayとライン使えない
t_3702060,paypay,2021-12-05T04:17:01.000Z,この後始まるワンマンライブの配信閲覧方法ですが、一時的にpaypayが使えないので,この後始まるワンマンライブの配信閲覧方法ですが、一時的にpaypayが使えない
t_3702175,paypay,2021-12-03T04:00:09.000Z,うちもヤフーで連携させたらなぜかtポつかえなくなり、未利用経過超過で6000pts近くあったものが全部没収された,ヤフーで連携させたらなぜかtポつかえなくなり、未利用経過超過で6000pts近くあったものが全部没収された
t_3702420,paypay,2021-12-03T09:20:15.000Z,paypay使うようになってから秋葉ハニハニ行ってない気がするのに秋葉のクーポンゲット出来なかったので,paypay使うようになってから秋葉ハニハニ行ってない気がするのに秋葉のクーポンゲット出来なかった
t_3702458,paypay,2021-12-06T10:24:16.000Z,あとはなぜかできなかった銀行口座登録だけやなんで三菱ufj登録できないねん,できなかった銀行口座登録だけやなんで三菱ufj登録できない
t_3702605,paypay,2021-12-13T12:18:47.000Z,paypayフリマで購入したものが一向に発送されない,paypayフリマで購入したものが一向に発送されない
t_3702846,paypay,2021-12-05T04:27:32.000Z,paypayには特殊な仕組みがあるのに、新規利用時にその説明がないのはおかしい,新規利用時にその説明がない
t_3702912,paypay,2021-12-05T07:34:36.000Z,paypayチャージ何回してもエラーなるしギリギリ投票出来たら不成立やしクソアプリ出すなや,paypayチャージ何回してもエラーなるしギリギリ投票出来たら不成立
t_3702976,paypay,2021-12-14T10:25:53.000Z,気づかずグラブル課金するためにめちゃくちゃ電車内で鳴り響かせてたよ,気づかずグラブル課金するためにめちゃくちゃ電車内で鳴り響かせてた
t_3704350,paypay,2021-12-15T15:04:22.000Z,paypayの倍企画で詐欺られました,paypayの倍企画で詐欺られました
t_3704813,paypay,2021-12-06T13:25:13.000Z,カードはメイン・サブに断捨離していたが、イオン・楽天・paypayへの寄り道が、今になって申込情報過多でメインカードで悪さをしている,カードはメイン・サブに断捨離していたが、イオン・楽天・paypayへの寄り道が、今になって申込情報過多でメインカードで悪さをしている
t_3704841,paypay,2021-12-05T18:02:22.000Z,paypayの倍企画で詐欺られました,paypayの倍企画で詐欺られました
t_3705335,paypay,2021-12-08T14:24:23.000Z,paypayのリンク送信していただいてもこれが開かれちゃって毎回送金できないのなんで、アプリちゃんと入れてるのに、,paypayのリンク送信していただいてもこれが開かれちゃって毎回送金できない
t_3705807,paypay,2021-12-14T18:02:02.000Z,paypayの倍企画で詐欺られました,paypayの倍企画で詐欺られました
t_3705918,paypay,2021-12-06T01:42:43.000Z,オンの予約以外はpaypay払いやめよ混雑してると繋がらなくてキャンセルされちゃうの悲し,混雑してると繋がらなくて
t_3706609,paypay,2021-12-13T15:41:14.000Z,仕事とかで通知に反応が遅くなることもありますが見てます,仕事とかで通知に反応が遅くなる
t_3707407,paypay,2021-12-07T11:27:50.000Z,盛岡市内の全路線で使えるようにならないのかなぁ,
t_3707435,paypay,2021-12-04T07:24:02.000Z,ufjのpaypay使えない問題で悩んでるオタク多くて草,ufjのpaypay使えない
t_3707779,paypay,2021-12-13T06:15:33.000Z,paypay使い方わからんくて賞金のpaypayずっと残ってるww,paypay使い方わからん
t_3707925,paypay,2021-12-07T01:23:35.000Z,大手コンビニとかペイペイとかラインとかに手数料がどっさり落ちるだけの仕組みでは,
t_3707950,paypay,2021-12-15T12:01:36.000Z,paypay払いの時割引として使えるようにして欲しい,paypay払いの時割引として使えるようにして欲しい
t_3708112,paypay,2021-12-02T17:03:19.000Z,paypay証券→paypayカードもできるようになって欲しいなぁ★,paypay証券→paypayカードもできるようになって欲しい
t_3708115,paypay,2021-12-04T06:01:56.000Z,paypayの倍企画で詐欺られました,paypayの倍企画で詐欺られました
t_3708575,paypay,2021-12-04T03:27:16.000Z,そこが分からないとまたレジ前でチャージor決済しようとして出来ないっていう恥をかく可能性あるわけで、結局じゃぁ最初から現金ってなるわけデース,そこが分からないとまたレジ前でチャージor決済しようとして出来ない
t_3708925,paypay,2021-12-13T07:32:02.000Z,画像内の電マの文字のところモザイクミスです,画像内の電マの文字のところモザイクミス
t_3709555,paypay,2021-12-13T15:27:35.000Z,予約完了メールこなくて不安,予約完了メールこなくて
t_3709690,paypay,2021-12-08T23:50:26.000Z,でもスマホがラグくてpaypay動かないってがちでなんなん,スマホがラグくてpaypay動かない
t_3709798,paypay,2021-12-03T02:00:56.000Z,paypayの倍企画で詐欺られました,paypayの倍企画で詐欺られました
t_3710332,paypay,2021-12-13T23:49:16.000Z,確かsnsでのqr公開は違反だったはずだから気をつけないとpaypayアカウント使えくなったりするかもよᐢ,確かsnsでのqr公開は違反だったはずだから気をつけないとpaypayアカウント使えくなったりする
t_3710641,paypay,2021-12-14T03:04:14.000Z,クレカかpaypay使えるようにしてくれえ,クレカかpaypay使えるようにしてくれ
t_3710792,paypay,2021-12-08T06:22:04.000Z,paypayがufj使えないので未だにやる気ない,paypayがufj使えない
t_3710896,paypay,2021-12-13T15:01:53.000Z,paypayの倍企画で詐欺られました,paypayの倍企画で詐欺られました
t_3711196,paypay,2021-12-15T02:02:20.000Z,paypayの倍企画で詐欺られました,paypayの倍企画で詐欺られました
t_3711638,paypay,2021-12-14T00:07:17.000Z,モバイルsuicaにpaypayカード登録してもチャージ出来ない,モバイルsuicaにpaypayカード登録してもチャージ出来ない
t_3711812,paypay,2021-12-03T03:22:36.000Z,最近セブンアプリのpaypayがスムーズに出てこなくてキレそう・・・,セブンアプリのpaypayがスムーズに出てこなくて
t_3712186,paypay,2021-12-07T13:40:36.000Z,昨日14時くらいにpaypayフリマで売れた物を発送したけど、追跡したくて確認したらもう配達完了になってた,昨日14時くらいにpaypayフリマで売れた物を発送したけど、追跡したくて確認したらもう配達完了になってた
t_3712457,paypay,2021-12-04T07:18:12.000Z,今日の買い物paypay支払いにして現金残しておこうと思ってたし対応してるってホームページに書いてたのに行ったらバタバタで現金しかできなくて予定狂った,現金しかできなくて予定狂った
t_3712602,paypay,2021-12-05T15:52:22.000Z,紀野っちゃんのトークイベントを申し込みたいのにpaypayがメンテナンスとかいって邪魔をしてくる,paypayがメンテナンスとかいって邪魔をしてくる
t_3712824,paypay,2021-12-05T08:05:37.000Z,使えなくなると困りますので,
t_3713041,paypay,2021-12-07T03:24:27.000Z,wi-fiをoffにしてもだめだった、、,
t_3713092,paypay,2021-12-14T12:05:30.000Z,paypayで同一金額を送りすぎまたロックがかかりました,paypayで同一金額を送りすぎまたロックがかかりました
t_3713504,paypay,2021-12-05T05:32:29.000Z,ななも学校サボった日にマックいったらpaypay使えなくて絶望しながら現金払いました,ななも学校サボった日にマックいったらpaypay使えなくて
t_3713967,paypay,2021-12-06T08:50:47.000Z,昨日バースデイの福袋オンラインで予約したのにpaypay決済にしたばかりにpaypay側のエラーで購入できなかった1人1個しか購入できないから、再購入も出来ず問い合わせしたのに1時間後に自動キャンセルになって在庫切れになっちゃった,再購入も出来ず問い合わせしたのに1時間後に自動キャンセルになって在庫切れになっちゃった
t_3714601,paypay,2021-12-15T06:26:28.000Z,ログインするのめんどくさいから,ログインするのめんどくさい
t_3714652,paypay,2021-12-15T11:03:10.000Z,せめて通知ゼロにする機能付けるべき,通知ゼロにする機能付けるべき
t_3715038,paypay,2021-12-06T20:02:07.000Z,paypayの倍企画で詐欺られました,paypayの倍企画で詐欺られました
t_3715473,paypay,2021-12-03T23:22:37.000Z,nfcが正常に機能しないのなら、まだ残ってるtoyotaウォレットのid残高をpaypayのチャージに使おうと思いカード情報を入力&amp;設定押したらこれ使えないよぉ的なお知らせ出て泣いている,
t_3715515,paypay,2021-12-05T04:48:49.000Z,バースデイで福袋をpaypayで払おうと思ってて、いつ決済画面に行くのかなって待ってたら、いつのまにか決済処理が正常に行われませんでした,決済処理が正常に行われません
t_3715884,paypay,2021-12-05T12:49:17.000Z,お返事遅くなってしまい申し訳ありません,お返事遅くなってしまい
t_3715942,paypay,2021-12-14T06:41:14.000Z,リセール出せなくて困ってる,リセール出せなくて
t_3716356,paypay,2021-12-05T08:36:41.000Z,paypay銀行作ったけど学食とか市民プールとか変なところで使えなくてキレた時からもう全く使ってない,変なところで使えなくて
t_3716474,paypay,2021-12-15T02:01:21.000Z,paypayあと10万円まで使えますって書いてあるんですが全く送金できません,全く送金できません
t_3717342,paypay,2021-12-05T17:30:16.000Z,コンビニ行ったらpaypay使えなくて泣きながら帰った,コンビニ行ったらpaypay使えなくて
t_3717412,paypay,2021-12-03T10:27:47.000Z,paypayがあと1000円ないとpackが出せない,
t_3717616,paypay,2021-12-08T11:12:46.000Z,早くnoteでpaypayとか使えるようにならんかな,早くnoteでpaypayとか使えるようにならんかな
t_3717710,paypay,2021-12-14T02:35:12.000Z,paypayの審査何度も落ちてしまいにはバグって口座登録が出来ないので,paypayの審査何度も落ちてしまいにはバグって口座登録が出来ない
t_3717819,paypay,2021-12-14T00:50:18.000Z,paypayのミニアプリからのウーバーがずっと出来なくなってるな,paypayのミニアプリからのウーバーがずっと出来なくなってる
t_3717987,paypay,2021-12-08T05:12:53.000Z,paypay上限で使えねぇ,paypay上限で使えねぇ
t_3718036,paypay,2021-12-13T03:48:30.000Z,桑名くんイメージのイヤリングとかたくさん見つけたのに、入った店3店舗ぜ~んぶpaypay使えなくて泣いた,入った店3店舗ぜ~んぶpaypay使えなくて
t_3720643,paypay,2021-12-02T17:01:13.000Z,paypayの倍企画で詐欺られました,paypayの倍企画で詐欺られました
t_3720983,paypay,2021-12-08T10:54:18.000Z,特性パッチ、どくどくたま,特性パッチ、どくどくたま
t_3721194,paypay,2021-12-07T02:25:40.000Z,そのチャージ金額も一度に2万円迄とか上限があって、チャージが面倒です,チャージ金額も一度に2万円[UNK]とか上限があって、チャージが面倒
t_3721307,paypay,2021-12-15T22:48:34.000Z,お返事遅くなってしまい申し訳ございません,お返事遅くなってしまい
t_3721389,paypay,2021-12-03T07:22:53.000Z,paypayできないって辛いですw,
t_3721641,paypay,2021-12-05T03:26:33.000Z,ふるさと納税を大量にやってたらpaypayに利用制限のエラーがかかってできなくなった,ふるさと納税を大量にやってたらpaypayに利用制限のエラーがかかってできなくなった
t_3721761,paypay,2021-12-07T06:43:04.000Z,iphoneを13に機種変更したはいいが、アプリが全て読み込み中になったままアップデートできないんだけど、このまま待ってた方がいいのだろうか,アプリが全て読み込み中になったままアップデートできない
t_3721910,paypay,2021-12-14T08:44:18.000Z,ネカマやんw人がpaypayくらいなら送金するって言ってるのにpaypayのqrも送れないとか謎すぎ,ネカマやんw人がpaypayくらいなら送金するって言ってるのにpaypayのqrも送れない
t_3722320,paypay,2021-12-03T12:45:50.000Z,返信が遅くなりすみません,返信が遅くなりすみません
t_3722492,paypay,2021-12-09T00:01:44.000Z,paypayの倍企画で詐欺られました,paypayの倍企画で詐欺られました
t_3722603,paypay,2021-12-07T02:39:55.000Z,そしたら500円超えたから残額paypayにしようと思ったらできなくて途方に暮れたの,残額paypayにしようと思ったらできなくて
t_3722661,paypay,2021-12-07T05:01:15.000Z,paypayの倍企画で詐欺られました,paypayの倍企画で詐欺られました
t_3722863,paypay,2021-12-13T06:43:19.000Z,先週初クチコミが終わって500円貰える画面でアプリが落ちたやり直したら2回目扱いで貰えなかった,アプリが落ちたやり直したら2回目扱いで貰えなかった
t_3724019,paypay,2021-12-14T00:43:06.000Z,paypayで電車乗れるようにして欲しい,paypayで電車乗れるようにして欲しい
t_3724383,paypay,2021-12-13T11:28:01.000Z,実績見せつつ、paypay送るとブロックされてます,実績見せつつ、paypay送るとブロックされてます
t_3724503,paypay,2021-12-13T11:24:54.000Z,いつも利用してるダイソーとか関西スーパーとかではpaypayは使えるのに楽天ペイは使えないから結局あまり活用できてなかった,いつも利用してるダイソーとか関西スーパーとかではpaypayは使えるのに楽天ペイは使えない
t_3724570,paypay,2021-12-04T15:03:07.000Z,paypayの倍企画で詐欺られました,paypayの倍企画で詐欺られました
t_3724575,paypay,2021-12-05T07:14:28.000Z,受け取り連絡の期限があるので平行線でも相手方へ勝手に入金する,受け取り連絡の期限があるので平行線でも相手方へ勝手に入金する
t_3724599,paypay,2021-12-14T18:36:51.000Z,アドレスあてに落札メールや手続き案内などが来ないので一体どのようなアドレス設定になっているのか確認することすら不可能だったので長年悶々としていた,アドレスあてに落札メールや手続き案内などが来ないので一体どのようなアドレス設定になっているのか確認することすら不可能だった
t_3724746,paypay,2021-12-03T08:21:13.000Z,paypay証券だけ連携できないのが多い,
t_3724853,paypay,2021-12-04T15:23:51.000Z,paypayジャンボの抽選画面出なかったけど,paypayジャンボの抽選画面出なかった
t_3724917,paypay,2021-12-06T09:01:02.000Z,paypayの倍企画で詐欺られました,paypayの倍企画で詐欺られました
t_3724941,paypay,2021-12-05T13:21:07.000Z,2連で当選して友達と行く予定でしたが友達が行けなくなってしまったので同行してくれる方を募集しています,
t_3725164,paypay,2021-12-06T06:11:33.000Z,先が細くなってるのは、福岡タワーです,
t_3725251,paypay,2021-12-08T07:50:33.000Z,applewatchに入れたnanacoが使いにくくて滅入る,applewatchに入れたnanacoが使いにくくて滅入る
t_3725493,paypay,2021-12-14T04:01:40.000Z,paypayの倍企画で詐欺られました,paypayの倍企画で詐欺られました
t_3725625,paypay,2021-12-06T01:58:24.000Z,ポイント付与上限が10000円分だけど、そうなると買い物はいくら分が上限なのかうまく計算できないマン頭弱い,ポイント付与上限が10000円分だけど、そうなると買い物はいくら分が上限なのかうまく計算できない
t_3725716,paypay,2021-12-13T16:00:53.000Z,paypayの倍企画で詐欺られました,paypayの倍企画で詐欺られました
t_3726143,paypay,2021-12-06T10:28:49.000Z,めっちゃ楽やん代引きの代金もpaypay払いにできんかな,めっちゃ楽やん代引きの代金もpaypay払いにできんかな
t_3726413,paypay,2021-12-06T04:36:42.000Z,お返事が遅くなってしまい申し訳ございません,お返事が遅くなってしまい
t_3726870,paypay,2021-12-05T10:03:22.000Z,paypayの倍企画で詐欺られました,paypayの倍企画で詐欺られました
t_3727118,paypay,2021-12-07T07:55:49.000Z,店舗が休業設定にしてなかったのが原因ってメールきたんですが、私が聞きたいのはそこじゃないって感じです出前館の対応にも不足あるじゃんて思います,店舗が休業設定にしてなかったのが原因ってメールきたんですが、私が聞きたいのはそこじゃないって感じです出前館の対応にも不足ある
t_3727186,paypay,2021-12-14T14:33:15.000Z,paypay送ったら、ブロックされますー,paypay送ったら、ブロックされます
t_3727343,paypay,2021-12-07T08:01:22.000Z,paypayの倍企画で詐欺られました,paypayの倍企画で詐欺られました
t_3727418,paypay,2021-12-06T11:40:38.000Z,paypayで支払いしたけど、その先通信エラーになってもーて注文されてない状態なんやが泣き,
t_3727696,paypay,2021-12-06T16:49:28.000Z,真っ暗闇で楽天証券確認しようとしたら誤ってpaypayの支払うボタン押してしまい失明しかけたなう,
t_3728497,paypay,2021-12-05T12:03:25.000Z,paypayの倍企画で詐欺られました,paypayの倍企画で詐欺られました
t_3728668,paypay,2021-12-03T13:36:18.000Z,paypayは使えるのにチャンスを物に出来ない、、、,チャンスを物に出来ない
t_3729435,paypay,2021-12-09T01:01:37.000Z,paypayの倍企画で詐欺られました,paypayの倍企画で詐欺られました
t_3729516,paypay,2021-12-03T00:18:52.000Z,セブンイレブンアプリでペイペイ払い使用とするとバーコードが表示されずエラーになるのは私だけ,
t_3729892,paypay,2021-12-15T00:25:04.000Z,帝京paypay大学なのか帝京閉経大学なのかわからなくなちゃた,帝京paypay大学なのか帝京閉経大学なのかわからなくなちゃた
t_3729912,paypay,2021-12-07T06:54:15.000Z,paypayの送金方法わからんp多くない,paypayの送金方法わからん
t_3730302,paypay,2021-12-13T08:01:01.000Z,paypayの倍企画で詐欺られました,paypayの倍企画で詐欺られました
t_3730416,paypay,2021-12-08T03:32:16.000Z,というだけの問い合わせの電話にえらく時間がかかった,問い合わせの電話にえらく時間がかかった
t_3730517,paypay,2021-12-14T04:14:20.000Z,当日、代金手渡しとなると細かくなって手間がかかると思われるためpaypayでの送金も可能です,当日、代金手渡しとなると細かくなって手間がかかる
t_3731863,paypay,2021-12-03T10:29:10.000Z,"visa,mastercard,jcbが使える店舗が完全にタッチ決済に対応するようになったら、コード決済の利用はかなり限定的になると思う","visa,mastercard,jcbが使える店舗が完全にタッチ決済に対応するようになったら"
t_3731897,paypay,2021-12-15T02:55:00.000Z,使いにくい,使いにくい
t_3732243,paypay,2021-12-13T04:01:50.000Z,paypayの倍企画で詐欺られました,paypayの倍企画で詐欺られました
t_3732328,paypay,2021-12-13T05:59:51.000Z,paypayよりもまずsuicaをもっと使えるようにして欲しいですね,paypayよりもまずsuicaをもっと使えるようにして欲しい
t_3732571,paypay,2021-12-07T03:18:57.000Z,paypay開いても画面が真っ黒で、詰んだ,paypay開いても画面が真っ黒で、詰んだ
t_3732825,paypay,2021-12-03T09:26:01.000Z,paypayクレジットカード払いで店頭レジ払いできなかった,paypayクレジットカード払いで店頭レジ払いできなかった
t_3732916,paypay,2021-12-07T00:53:02.000Z,コンビニから出るwi-fiのせいでpaypay使う時毎回wi-fi切らないと使えないのすごい面倒くさい,コンビニから出るwi-fiのせいでpaypay使う時毎回wi-fi切らないと使えない
t_3732940,paypay,2021-12-05T01:30:25.000Z,メモしておくと、paypayの個人間送金を販売私達的には頒布なんだけど、お金と物が絡むので販売とみなすに使うと規約違反,お金と物が絡むので販売とみなすに使うと規約違反
t_3733233,paypay,2021-12-03T15:38:31.000Z,コンビニでpaypayで払おうとしたら全然起動しなくてさ、財布車に置いてきたからアッアッチョットマッテクダサイスイマセンって言ってる間に後ろに人が並び始めてどうしようもなくなっちゃってiphoneグッと握りしめたら音量ボタンがめり込んだまま戻ってこなくなった,音量ボタンがめり込んだまま戻ってこなくなった
t_3733476,paypay,2021-12-02T22:03:06.000Z,paypayの倍企画で詐欺られました,paypayの倍企画で詐欺られました
t_3733553,paypay,2021-12-04T11:19:22.000Z,しかも相手paypay決算番号で電話番号とか全部ばれてんの草,しかも相手paypay決算番号で電話番号とか全部ばれてん
t_3733959,paypay,2021-12-15T15:49:48.000Z,支払いが出来なくなってしまって,支払いが出来なくなってしまって
t_3734983,paypay,2021-12-05T03:35:37.000Z,paypayとかも単に決済だけで使っていると、知らない機能がめちゃくちゃありますからね,
t_3735064,paypay,2021-12-02T20:33:32.000Z,paypayが使用出来たらめちゃくちゃうれしいです,paypayが使用出来たらめちゃくちゃうれしい
t_3735182,paypay,2021-12-07T15:39:23.000Z,当選者にdmして長時間返事なかったら取り消し再抽選,当選者にdmして長時間返事なかったら取り消し再抽選
t_3735259,paypay,2021-12-06T06:03:03.000Z,paypayの倍企画で詐欺られました,paypayの倍企画で詐欺られました
t_3735523,paypay,2021-12-03T11:54:44.000Z,既にyahooカード発行している場合、paypayカードの発行は不可,既にyahooカード発行している場合、paypayカードの発行は不可
t_3735585,paypay,2021-12-06T07:19:31.000Z,dポイント投資やpaypayボーナス運用は定期的に分配金の権利落ちが発生するので注意,dポイント投資やpaypayボーナス運用は定期的に分配金の権利落ちが発生する
t_3736149,paypay,2021-12-06T03:23:27.000Z,学校の購買でpaypay使えるようにしてほしい,学校の購買でpaypay使えるようにしてほしい
t_3736439,paypay,2021-12-06T03:45:52.000Z,ですがやはり本人確認の種類がないなど言われてしまい返金をして欲しいと言われて、,本人確認の種類がない
t_3738050,paypay,2021-12-07T12:15:10.000Z,楽天経済圏なので楽天payを推していきたいもののどうもクーポンが弱すぎて,クーポンが弱すぎ
t_3738345,paypay,2021-12-13T13:00:52.000Z,paypayの倍企画で詐欺られました,paypayの倍企画で詐欺られました
t_3738922,paypay,2021-12-05T04:13:07.000Z,吹田でpaypay乞食しようかと思って来たんだけど、対象店舗方式でとても使いづらかった,対象店舗方式でとても使いづらかった
t_3739629,paypay,2021-12-06T21:50:25.000Z,paypayとかの電子決済って店との直接取引に無理矢理割り込まれてる感があって導入するのに尻込みしてしまう,paypayとかの電子決済って店との直接取引に無理矢理割り込まれてる
t_3739952,paypay,2021-12-14T03:38:50.000Z,ライトマネーじゃなくて普通の方に入れたはずなのに、パスワード設定できない,パスワード設定できない
t_3740914,paypay,2021-12-13T07:08:15.000Z,と口コミ書かれてる店があって切なくなった,と口コミ書かれてる店があって切なくなった
t_3741242,paypay,2021-12-14T09:59:50.000Z,電波悪すぎてpaypay使えない場面に遭遇した,電波悪すぎてpaypay使えない
